FID,nom,url,gid,the_geom
ima_gestion_images.imamnt2018laz1kmcc46.1,1830_5150,https://download.data.grandlyon.com/files/grandlyon/imagerie/mnt2018/lidar/laz/1830_5150.laz,1,"MULTIPOLYGON (((829902.2051384539 6494588.186601023, 829902.0352249458 6495524.272445102, 830901.2729247093 6495524.454532713, 830901.4441448512 6494588.36866145, 829902.2051384539 6494588.186601023)))"
ima_gestion_images.imamnt2018laz1kmcc46.2,1830_5151,https://download.data.grandlyon.com/files/grandlyon/imagerie/mnt2018/lidar/laz/1830_5151.laz,2,"MULTIPOLYGON (((829902.0352231319 6495524.282437579, 829901.853818511 6496523.519425351, 830901.0901232602 6496523.701541986, 830901.2729228814 6495524.46452519, 829902.0352231319 6495524.282437579)))"
ima_gestion_images.imamnt2018laz1kmcc46.3,1830_5152,https://download.data.grandlyon.com/files/grandlyon/imagerie/mnt2018/lidar/laz/1830_5152.laz,3,"MULTIPOLYGON (((829901.8538166968 6496523.529417814, 829901.6723831579 6497522.765010457, 830900.9072926707 6497522.947156125, 830901.090121432 6496523.711534448, 829901.8538166968 6496523.529417814)))"
ima_gestion_images.imamnt2018laz1kmcc46.4,1830_5153,https://download.data.grandlyon.com/files/grandlyon/imagerie/mnt2018/lidar/laz/1830_5153.laz,4,"MULTIPOLYGON (((829901.6723813434 6497522.775002903, 829901.4909188774 6498522.009200192, 830900.7244329312 6498522.1913749045, 830900.9072908422 6497522.957148572, 829901.6723813434 6497522.775002903)))"
ima_gestion_images.imamnt2018laz1kmcc46.5,1830_5154,https://download.data.grandlyon.com/files/grandlyon/imagerie/mnt2018/lidar/laz/1830_5154.laz,5,"MULTIPOLYGON (((829901.4909170626 6498522.0191926295, 829901.30942566 6499521.251994343, 830900.5415440325 6499521.434198108, 830900.7244311025 6498522.201367341, 829901.4909170626 6498522.0191926295)))"
ima_gestion_images.imamnt2018laz1kmcc46.6,1830_5155,https://download.data.grandlyon.com/files/grandlyon/imagerie/mnt2018/lidar/laz/1830_5155.laz,6,"MULTIPOLYGON (((829901.3094238449 6499521.261986765, 829901.1279034966 6500520.493392682, 830900.3586259653 6500520.675625508, 830900.5415422035 6499521.444190527, 829901.3094238449 6499521.261986765)))"
ima_gestion_images.imamnt2018laz1kmcc46.7,1830_5156,https://download.data.grandlyon.com/files/grandlyon/imagerie/mnt2018/lidar/laz/1830_5156.laz,7,"MULTIPOLYGON (((829901.1279016812 6500520.503385088, 829900.9463523778 6501519.733394989, 830900.1756787202 6501519.915656883, 830900.358624136 6500520.685617915, 829901.1279016812 6500520.503385088)))"
ima_gestion_images.imamnt2018laz1kmcc46.8,1830_5157,https://download.data.grandlyon.com/files/grandlyon/imagerie/mnt2018/lidar/laz/1830_5157.laz,8,"MULTIPOLYGON (((829900.9463505622 6501519.74338738, 829900.7647722943 6502518.972001036, 830899.9927022881 6502519.154292013, 830900.1756768906 6501519.925649278, 829900.9463505622 6501519.74338738)))"
ima_gestion_images.imamnt2018laz1kmcc46.9,1830_5158,https://download.data.grandlyon.com/files/grandlyon/imagerie/mnt2018/lidar/laz/1830_5158.laz,9,"MULTIPOLYGON (((829900.7647704784 6502518.981993415, 829900.583163237 6503518.209210607, 830899.8096966591 6503518.391530672, 830899.992700458 6502519.164284391, 829900.7647704784 6502518.981993415)))"
ima_gestion_images.imamnt2018laz1kmcc46.10,1830_5159,https://download.data.grandlyon.com/files/grandlyon/imagerie/mnt2018/lidar/laz/1830_5159.laz,10,"MULTIPOLYGON (((829900.5831614208 6503518.219202972, 829900.4015251965 6504517.445023473, 830899.6266618243 6504517.62737264, 830899.8096948288 6503518.401523038, 829900.5831614208 6503518.219202972)))"
ima_gestion_images.imamnt2018laz1kmcc46.11,1830_5160,https://download.data.grandlyon.com/files/grandlyon/imagerie/mnt2018/lidar/laz/1830_5160.laz,11,"MULTIPOLYGON (((829900.40152338 6504517.455015826, 829900.2198581634 6505516.679439419, 830899.4435977741 6505516.8618176915, 830899.6266599938 6504517.63736499, 829900.40152338 6504517.455015826)))"
ima_gestion_images.imamnt2018laz1kmcc46.12,1830_5161,https://download.data.grandlyon.com/files/grandlyon/imagerie/mnt2018/lidar/laz/1830_5161.laz,12,"MULTIPOLYGON (((829900.2198563466 6505516.689431755, 829900.0381621287 6506515.912458215, 830899.2605044993 6506516.094865607, 830899.4435959433 6505516.871810028, 829900.2198563466 6505516.689431755)))"
ima_gestion_images.imamnt2018laz1kmcc46.13,1830_5162,https://download.data.grandlyon.com/files/grandlyon/imagerie/mnt2018/lidar/laz/1830_5162.laz,13,"MULTIPOLYGON (((829900.0381603115 6506515.92245054, 829899.8564370828 6507515.144079641, 830899.0773819905 6507515.326516159, 830899.2605026682 6506516.10485793, 829900.0381603115 6506515.92245054)))"
ima_gestion_images.imamnt2018laz1kmcc46.14,1830_5163,https://download.data.grandlyon.com/files/grandlyon/imagerie/mnt2018/lidar/laz/1830_5163.laz,14,"MULTIPOLYGON (((829899.8564352654 6507515.15407195, 829899.6746830164 6508514.374303475, 830898.8942302382 6508514.556769131, 830899.077380159 6507515.336508469, 829899.8564352654 6507515.15407195)))"
ima_gestion_images.imamnt2018laz1kmcc46.15,1830_5164,https://download.data.grandlyon.com/files/grandlyon/imagerie/mnt2018/lidar/laz/1830_5164.laz,15,"MULTIPOLYGON (((829899.6746811988 6508514.384295772, 829899.4928999204 6509513.603129493, 830898.7110492332 6509513.785624292, 830898.8942284065 6508514.566761425, 829899.6746811988 6508514.384295772)))"
ima_gestion_images.imamnt2018laz1kmcc46.16,1830_5165,https://download.data.grandlyon.com/files/grandlyon/imagerie/mnt2018/lidar/laz/1830_5165.laz,16,"MULTIPOLYGON (((829899.4928981025 6509513.613121775, 829899.3110877854 6510512.83055747, 830898.5278389658 6510513.013081425, 830898.7110474012 6509513.795616575, 829899.4928981025 6509513.613121775)))"
ima_gestion_images.imamnt2018laz1kmcc46.17,1830_5166,https://download.data.grandlyon.com/files/grandlyon/imagerie/mnt2018/lidar/laz/1830_5166.laz,17,"MULTIPOLYGON (((829899.3110859671 6510512.840549738, 829899.1292466022 6511512.056587187, 830898.344599427 6511512.2391403075, 830898.5278371335 6510513.023073696, 829899.3110859671 6510512.840549738)))"
ima_gestion_images.imamnt2018laz1kmcc46.18,1830_5167,https://download.data.grandlyon.com/files/grandlyon/imagerie/mnt2018/lidar/laz/1830_5167.laz,18,"MULTIPOLYGON (((829899.1292447837 6511512.06657944, 829898.9473763611 6512511.281218416, 830898.1613306071 6512511.463800709, 830898.3445975943 6511512.249132559, 829899.1292447837 6511512.06657944)))"
ima_gestion_images.imamnt2018laz1kmcc46.19,1830_5168,https://download.data.grandlyon.com/files/grandlyon/imagerie/mnt2018/lidar/laz/1830_5168.laz,19,"MULTIPOLYGON (((829898.9473745424 6512511.291210656, 829898.7654770531 6513510.504450939, 830897.9780324969 6513510.687062413, 830898.1613287742 6512511.473792951, 829898.9473745424 6512511.291210656)))"
ima_gestion_images.imamnt2018laz1kmcc46.20,1830_5169,https://download.data.grandlyon.com/files/grandlyon/imagerie/mnt2018/lidar/laz/1830_5169.laz,20,"MULTIPOLYGON (((829898.765475234 6513510.514443161, 829898.5835486689 6514509.726284524, 830897.794705087 6514509.908925193, 830897.9780306637 6513510.6970546385, 829898.765475234 6513510.514443161)))"
ima_gestion_images.imamnt2018laz1kmcc46.21,1830_5170,https://download.data.grandlyon.com/files/grandlyon/imagerie/mnt2018/lidar/laz/1830_5170.laz,21,"MULTIPOLYGON (((829898.5835468495 6514509.736276735, 829898.401591199 6515508.946718955, 830897.6113483676 6515509.129388827, 830897.7947032535 6514509.918917405, 829898.5835468495 6514509.736276735)))"
ima_gestion_images.imamnt2018laz1kmcc46.22,1830_5171,https://download.data.grandlyon.com/files/grandlyon/imagerie/mnt2018/lidar/laz/1830_5171.laz,22,"MULTIPOLYGON (((829898.4015893793 6515508.9567111535, 829898.2196046341 6516508.165754007, 830897.4279623299 6516508.348453091, 830897.611346534 6515509.139381025, 829898.4015893793 6515508.9567111535)))"
ima_gestion_images.imamnt2018laz1kmcc46.23,1830_5172,https://download.data.grandlyon.com/files/grandlyon/imagerie/mnt2018/lidar/laz/1830_5172.laz,23,"MULTIPOLYGON (((829898.2196028142 6516508.17574619, 829898.0375889648 6517507.383389457, 830897.2445469642 6517507.566117758, 830897.4279604959 6516508.358445275, 829898.2196028142 6516508.17574619)))"
ima_gestion_images.imamnt2018laz1kmcc46.24,1830_5173,https://download.data.grandlyon.com/files/grandlyon/imagerie/mnt2018/lidar/laz/1830_5173.laz,24,"MULTIPOLYGON (((829898.0375871446 6517507.393381625, 829897.855544182 6518506.599625076, 830897.061102261 6518506.782382609, 830897.2445451298 6517507.576109929, 829898.0375871446 6517507.393381625)))"
ima_gestion_images.imamnt2018laz1kmcc46.25,1830_5174,https://download.data.grandlyon.com/files/grandlyon/imagerie/mnt2018/lidar/laz/1830_5174.laz,25,"MULTIPOLYGON (((829897.8555423613 6518506.609617233, 829897.6734702761 6519505.814460649, 830896.8776282108 6519505.99724742, 830897.0611004264 6518506.7923747655, 829897.8555423613 6518506.609617233)))"
ima_gestion_images.imamnt2018laz1kmcc46.26,1830_5175,https://download.data.grandlyon.com/files/grandlyon/imagerie/mnt2018/lidar/laz/1830_5175.laz,26,"MULTIPOLYGON (((829897.6734684551 6519505.824452789, 829897.4913672375 6520505.027895945, 830896.6941248045 6520505.210711965, 830896.8776263759 6519506.007239561, 829897.6734684551 6519505.824452789)))"
ima_gestion_images.imamnt2018laz1kmcc46.27,1830_5176,https://download.data.grandlyon.com/files/grandlyon/imagerie/mnt2018/lidar/laz/1830_5176.laz,27,"MULTIPOLYGON (((829897.4913654164 6520505.037888071, 829897.3092350573 6521504.239930742, 830896.5105920323 6521504.422776019, 830896.6941229693 6520505.220704093, 829897.4913654164 6520505.037888071)))"
ima_gestion_images.imamnt2018laz1kmcc46.28,1830_5177,https://download.data.grandlyon.com/files/grandlyon/imagerie/mnt2018/lidar/laz/1830_5177.laz,28,"MULTIPOLYGON (((829897.309233236 6521504.249922853, 829897.1270737262 6522503.450564817, 830896.327029885 6522503.633439362, 830896.5105901968 6521504.432768133, 829897.309233236 6521504.249922853)))"
ima_gestion_images.imamnt2018laz1kmcc46.29,1830_5178,https://download.data.grandlyon.com/files/grandlyon/imagerie/mnt2018/lidar/laz/1830_5178.laz,29,"MULTIPOLYGON (((829897.1270719045 6522503.460556914, 829896.9448832343 6523502.659797942, 830896.1434383532 6523502.842701767, 830896.3270280493 6522503.6434314605, 829897.1270719045 6522503.460556914)))"
ima_gestion_images.imamnt2018laz1kmcc46.30,1830_5179,https://download.data.grandlyon.com/files/grandlyon/imagerie/mnt2018/lidar/laz/1830_5179.laz,30,"MULTIPOLYGON (((829896.9448814123 6523502.669790029, 829896.7626635728 6524501.8676299015, 830895.9598174271 6524502.050563009, 830896.1434365171 6523502.852693853, 829896.9448814123 6523502.669790029)))"
ima_gestion_images.imamnt2018laz1kmcc46.31,1830_5180,https://download.data.grandlyon.com/files/grandlyon/imagerie/mnt2018/lidar/laz/1830_5180.laz,31,"MULTIPOLYGON (((829896.7626617504 6524501.877621969, 829896.5804147319 6525501.074060461, 830895.7761670977 6525501.257022867, 830895.9598155909 6524502.06055508, 829896.7626617504 6524501.877621969)))"
ima_gestion_images.imamnt2018laz1kmcc46.32,1830_5181,https://download.data.grandlyon.com/files/grandlyon/imagerie/mnt2018/lidar/laz/1830_5181.laz,32,"MULTIPOLYGON (((829896.5804129092 6525501.084052519, 829896.3981367024 6526500.279089402, 830895.5924873552 6526500.462081113, 830895.776165261 6525501.267014924, 829896.5804129092 6525501.084052519)))"
ima_gestion_images.imamnt2018laz1kmcc46.33,1830_5182,https://download.data.grandlyon.com/files/grandlyon/imagerie/mnt2018/lidar/laz/1830_5182.laz,33,"MULTIPOLYGON (((829896.3981348794 6526500.289081447, 829896.2158294746 6527499.482716503, 830895.4087781904 6527499.6657375265, 830895.5924855183 6526500.472073158, 829896.3981348794 6526500.289081447)))"
ima_gestion_images.imamnt2018laz1kmcc46.34,1830_5183,https://download.data.grandlyon.com/files/grandlyon/imagerie/mnt2018/lidar/laz/1830_5183.laz,34,"MULTIPOLYGON (((829896.2158276514 6527499.492708531, 829896.0334930397 6528498.684941531, 830895.2250395935 6528498.867991881, 830895.4087763531 6527499.675729557, 829896.2158276514 6527499.492708531)))"
ima_gestion_images.imamnt2018laz1kmcc46.35,1830_5184,https://download.data.grandlyon.com/files/grandlyon/imagerie/mnt2018/lidar/laz/1830_5184.laz,35,"MULTIPOLYGON (((829896.0334912161 6528498.694933546, 829895.8511273877 6529497.885764269, 830895.0412715554 6529498.068843952, 830895.225037756 6528498.877983897, 829896.0334912161 6528498.694933546)))"
ima_gestion_images.imamnt2018laz1kmcc46.36,1830_5185,https://download.data.grandlyon.com/files/grandlyon/imagerie/mnt2018/lidar/laz/1830_5185.laz,36,"MULTIPOLYGON (((829895.8511255641 6529497.89575627, 829895.6687325096 6530497.085184488, 830894.8574740664 6530497.268293514, 830895.0412697175 6529498.078835954, 829895.8511255641 6529497.89575627)))"
ima_gestion_images.imamnt2018laz1kmcc46.37,1830_5186,https://download.data.grandlyon.com/files/grandlyon/imagerie/mnt2018/lidar/laz/1830_5186.laz,37,"MULTIPOLYGON (((829895.6687306855 6530497.095176476, 829895.486308396 6531496.283201966, 830894.673647117 6531496.466340344, 830894.8574722281 6530497.278285502, 829895.6687306855 6530497.095176476)))"
ima_gestion_images.imamnt2018laz1kmcc46.38,1830_5187,https://download.data.grandlyon.com/files/grandlyon/imagerie/mnt2018/lidar/laz/1830_5187.laz,38,"MULTIPOLYGON (((829895.4863065715 6531496.293193939, 829895.3038550371 6532495.479816476, 830894.4897906977 6532495.662984218, 830894.6736452786 6531496.47633232, 829895.4863065715 6531496.293193939)))"
ima_gestion_images.imamnt2018laz1kmcc46.39,1830_5188,https://download.data.grandlyon.com/files/grandlyon/imagerie/mnt2018/lidar/laz/1830_5188.laz,39,"MULTIPOLYGON (((829895.3038532124 6532495.489808437, 829895.1213724238 6533494.675027799, 830894.3059047993 6533494.858224911, 830894.489788859 6532495.672976179, 829895.3038532124 6532495.489808437)))"
ima_gestion_images.imamnt2018laz1kmcc46.40,1830_5189,https://download.data.grandlyon.com/files/grandlyon/imagerie/mnt2018/lidar/laz/1830_5189.laz,40,"MULTIPOLYGON (((829895.1213705988 6533494.685019745, 829894.9388605466 6534493.8688357, 830894.121989412 6534494.052062193, 830894.3059029602 6533494.868216855, 829895.1213705988 6533494.685019745)))"
ima_gestion_images.imamnt2018laz1kmcc46.41,1830_5190,https://download.data.grandlyon.com/files/grandlyon/imagerie/mnt2018/lidar/laz/1830_5190.laz,41,"MULTIPOLYGON (((829894.9388587213 6534493.878827632, 829894.756319396 6535493.0612399625, 830893.9380445264 6535493.244495845, 830894.1219875728 6534494.062054124, 829894.9388587213 6534493.878827632)))"
ima_gestion_images.imamnt2018laz1kmcc46.42,1830_5191,https://download.data.grandlyon.com/files/grandlyon/imagerie/mnt2018/lidar/laz/1830_5191.laz,42,"MULTIPOLYGON (((829894.7563175705 6535493.071231879, 829894.5737489627 6536492.25224036, 830893.754070133 6536492.43552564, 830893.9380426868 6535493.254487761, 829894.7563175705 6535493.071231879)))"
ima_gestion_images.imamnt2018laz1kmcc46.43,1830_5192,https://download.data.grandlyon.com/files/grandlyon/imagerie/mnt2018/lidar/laz/1830_5192.laz,43,"MULTIPOLYGON (((829894.5737471369 6536492.262232261, 829894.3911492373 6537491.4418366635, 830893.5700662222 6537491.625151355, 830893.754068293 6536492.445517545, 829894.5737471369 6536492.262232261)))"
ima_gestion_images.imamnt2018laz1kmcc46.44,1830_5193,https://download.data.grandlyon.com/files/grandlyon/imagerie/mnt2018/lidar/laz/1830_5193.laz,44,"MULTIPOLYGON (((829894.3911474112 6537491.451828551, 829894.2085202101 6538490.63002865, 830893.3860327847 6538490.813372758, 830893.570064382 6537491.635143243, 829894.3911474112 6537491.451828551)))"
ima_gestion_images.imamnt2018laz1kmcc46.45,1830_5194,https://download.data.grandlyon.com/files/grandlyon/imagerie/mnt2018/lidar/laz/1830_5194.laz,45,"MULTIPOLYGON (((829894.2085183838 6538490.640020525, 829894.0258618719 6539489.816816096, 830893.2019698106 6539490.000189634, 830893.3860309442 6538490.823364636, 829894.2085183838 6538490.640020525)))"
ima_gestion_images.imamnt2018laz1kmcc46.46,1830_5195,https://download.data.grandlyon.com/files/grandlyon/imagerie/mnt2018/lidar/laz/1830_5195.laz,46,"MULTIPOLYGON (((829894.0258600452 6539489.826807956, 829893.8431742132 6540489.002198774, 830893.0178772908 6540489.18560175, 830893.2019679699 6539490.010181495, 829894.0258600452 6539489.826807956)))"
ima_gestion_images.imamnt2018laz1kmcc46.47,1830_5196,https://download.data.grandlyon.com/files/grandlyon/imagerie/mnt2018/lidar/laz/1830_5196.laz,47,"MULTIPOLYGON (((829893.8431723863 6540489.0121906195, 829893.6604572245 6541488.186176459, 830892.8337552157 6541488.369608883, 830893.0178754498 6540489.195593596, 829893.8431723863 6540489.0121906195)))"
ima_gestion_images.imamnt2018laz1kmcc46.48,1830_5197,https://download.data.grandlyon.com/files/grandlyon/imagerie/mnt2018/lidar/laz/1830_5197.laz,48,"MULTIPOLYGON (((829893.6604553971 6541488.196168292, 829893.4812436609 6542468.054563122, 830892.6531635072 6542468.238024431, 830892.8337533744 6541488.379600715, 829893.6604553971 6541488.196168292)))"
ima_gestion_images.imamnt2018laz1kmcc46.49,1831_5150,https://download.data.grandlyon.com/files/grandlyon/imagerie/mnt2018/lidar/laz/1831_5150.laz,49,"MULTIPOLYGON (((830901.439686448 6494667.379278409, 830901.2829171863 6495524.454534542, 831900.5206460807 6495524.63801705, 831900.678611689 6494667.56273584, 830901.439686448 6494667.379278409)))"
ima_gestion_images.imamnt2018laz1kmcc46.50,1831_5151,https://download.data.grandlyon.com/files/grandlyon/imagerie/mnt2018/lidar/laz/1831_5151.laz,50,"MULTIPOLYGON (((830901.2829153584 6495524.464527017, 830901.1001157233 6496523.7015438145, 831900.3364496127 6496523.88505557, 831900.5206442389 6495524.6480095275, 830901.2829153584 6495524.464527017)))"
ima_gestion_images.imamnt2018laz1kmcc46.51,1831_5152,https://download.data.grandlyon.com/files/grandlyon/imagerie/mnt2018/lidar/laz/1831_5152.laz,51,"MULTIPOLYGON (((830901.1001138951 6496523.711536277, 830900.9172851199 6497522.947157952, 831900.152223782 6497523.130698965, 831900.3364477706 6496523.895048033, 830901.1001138951 6496523.711536277)))"
ima_gestion_images.imamnt2018laz1kmcc46.52,1831_5153,https://download.data.grandlyon.com/files/grandlyon/imagerie/mnt2018/lidar/laz/1831_5153.laz,52,"MULTIPOLYGON (((830900.9172832913 6497522.957150402, 830900.7344253664 6498522.1913767345, 831899.967968579 6498522.3749470115, 831900.1522219395 6497523.140691414, 830900.9172832913 6497522.957150402)))"
ima_gestion_images.imamnt2018laz1kmcc46.53,1831_5154,https://download.data.grandlyon.com/files/grandlyon/imagerie/mnt2018/lidar/laz/1831_5154.laz,53,"MULTIPOLYGON (((830900.7344235377 6498522.201369169, 830900.5515364538 6499521.434199936, 831899.7836839946 6499521.617799489, 831899.9679667363 6498522.384939447, 830900.7344235377 6498522.201369169)))"
ima_gestion_images.imamnt2018laz1kmcc46.54,1831_5155,https://download.data.grandlyon.com/files/grandlyon/imagerie/mnt2018/lidar/laz/1831_5155.laz,54,"MULTIPOLYGON (((830900.5515346248 6499521.444192356, 830900.3686183726 6500520.675627338, 831899.599370019 6500520.8592561735, 831899.7836821516 6499521.627791909, 830900.5515346248 6499521.444192356)))"
ima_gestion_images.imamnt2018laz1kmcc46.55,1831_5156,https://download.data.grandlyon.com/files/grandlyon/imagerie/mnt2018/lidar/laz/1831_5156.laz,55,"MULTIPOLYGON (((830900.3686165432 6500520.685619744, 830900.1856711137 6501519.915658713, 831899.4150266431 6501520.099316843, 831899.5993681757 6500520.86924858, 830900.3686165432 6500520.685619744)))"
ima_gestion_images.imamnt2018laz1kmcc46.56,1831_5157,https://download.data.grandlyon.com/files/grandlyon/imagerie/mnt2018/lidar/laz/1831_5157.laz,56,"MULTIPOLYGON (((830900.1856692841 6501519.925651105, 830900.0026946673 6502519.154293844, 831899.2306538573 6502519.337981275, 831899.4150247995 6501520.109309237, 830900.1856692841 6501519.925651105)))"
ima_gestion_images.imamnt2018laz1kmcc46.57,1831_5158,https://download.data.grandlyon.com/files/grandlyon/imagerie/mnt2018/lidar/laz/1831_5158.laz,57,"MULTIPOLYGON (((830900.0026928375 6502519.164286222, 830899.8196890245 6503518.391532504, 831899.0462516523 6503518.575249246, 831899.2306520134 6502519.347973653, 830900.0026928375 6502519.164286222)))"
ima_gestion_images.imamnt2018laz1kmcc46.58,1831_5159,https://download.data.grandlyon.com/files/grandlyon/imagerie/mnt2018/lidar/laz/1831_5159.laz,58,"MULTIPOLYGON (((830899.8196871943 6503518.401524868, 830899.6366541757 6504517.627374471, 831898.8618200186 6504517.811120537, 831899.0462498082 6503518.585241613, 830899.8196871943 6503518.401524868)))"
ima_gestion_images.imamnt2018laz1kmcc46.59,1831_5160,https://download.data.grandlyon.com/files/grandlyon/imagerie/mnt2018/lidar/laz/1831_5160.laz,59,"MULTIPOLYGON (((830899.6366523453 6504517.637366821, 830899.4535901116 6505516.861819523, 831898.6773589466 6505517.04559492, 831898.861818174 6504517.821112888, 830899.6366523453 6504517.637366821)))"
ima_gestion_images.imamnt2018laz1kmcc46.60,1831_5161,https://download.data.grandlyon.com/files/grandlyon/imagerie/mnt2018/lidar/laz/1831_5161.laz,60,"MULTIPOLYGON (((830899.4535882808 6505516.87181186, 830899.2704968228 6506516.094867436, 831898.4928684272 6506516.2786721755, 831898.6773571019 6505517.055587259, 830899.4535882808 6505516.87181186)))"
ima_gestion_images.imamnt2018laz1kmcc46.61,1831_5162,https://download.data.grandlyon.com/files/grandlyon/imagerie/mnt2018/lidar/laz/1831_5162.laz,61,"MULTIPOLYGON (((830899.2704949918 6506516.104859762, 830899.0873743 6507515.32651799, 831898.3083484508 6507515.51035208, 831898.4928665822 6506516.288664499, 830899.2704949918 6506516.104859762)))"
ima_gestion_images.imamnt2018laz1kmcc46.62,1831_5163,https://download.data.grandlyon.com/files/grandlyon/imagerie/mnt2018/lidar/laz/1831_5163.laz,62,"MULTIPOLYGON (((830899.0873724687 6507515.336510301, 830898.9042225337 6508514.556770961, 831898.1237990079 6508514.74063441, 831898.3083466054 6507515.5203443905, 830899.0873724687 6507515.336510301)))"
ima_gestion_images.imamnt2018laz1kmcc46.63,1831_5164,https://download.data.grandlyon.com/files/grandlyon/imagerie/mnt2018/lidar/laz/1831_5164.laz,63,"MULTIPOLYGON (((830898.904220702 6508514.566763259, 830898.7210415147 6509513.785626126, 831897.9392200891 6509513.969518941, 831898.1237971622 6508514.750626706, 830898.904220702 6508514.566763259)))"
ima_gestion_images.imamnt2018laz1kmcc46.64,1831_5165,https://download.data.grandlyon.com/files/grandlyon/imagerie/mnt2018/lidar/laz/1831_5165.laz,64,"MULTIPOLYGON (((830898.7210396827 6509513.795618405, 830898.5378312333 6510513.013083258, 831897.754611685 6510513.197005453, 831897.9392182431 6509513.979511226, 830898.7210396827 6509513.795618405)))"
ima_gestion_images.imamnt2018laz1kmcc46.65,1831_5166,https://download.data.grandlyon.com/files/grandlyon/imagerie/mnt2018/lidar/laz/1831_5166.laz,65,"MULTIPOLYGON (((830898.5378294011 6510513.023075527, 830898.3545916805 6511512.239142139, 831897.569973786 6511512.423093721, 831897.7546098387 6510513.20699772, 830898.5378294011 6510513.023075527)))"
ima_gestion_images.imamnt2018laz1kmcc46.66,1831_5167,https://download.data.grandlyon.com/files/grandlyon/imagerie/mnt2018/lidar/laz/1831_5167.laz,66,"MULTIPOLYGON (((830898.354589848 6511512.2491343925, 830898.1713228467 6512511.463802542, 831897.3853063828 6512511.647783521, 831897.5699719394 6511512.433085973, 830898.354589848 6511512.2491343925)))"
ima_gestion_images.imamnt2018laz1kmcc46.67,1831_5168,https://download.data.grandlyon.com/files/grandlyon/imagerie/mnt2018/lidar/laz/1831_5168.laz,67,"MULTIPOLYGON (((830898.171321014 6512511.473794781, 830897.9880247226 6513510.687064247, 831897.2006094656 6513510.871074632, 831897.385304536 6512511.657775761, 830898.171321014 6512511.473794781)))"
ima_gestion_images.imamnt2018laz1kmcc46.68,1831_5169,https://download.data.grandlyon.com/files/grandlyon/imagerie/mnt2018/lidar/laz/1831_5169.laz,68,"MULTIPOLYGON (((830897.9880228894 6513510.697056472, 830897.8046972984 6514509.908927028, 831897.0158830254 6514510.0929668285, 831897.2006076185 6513510.881066859, 830897.9880228894 6513510.697056472)))"
ima_gestion_images.imamnt2018laz1kmcc46.69,1831_5170,https://download.data.grandlyon.com/files/grandlyon/imagerie/mnt2018/lidar/laz/1831_5170.laz,69,"MULTIPOLYGON (((830897.8046954651 6514509.918919237, 830897.6213405654 6515509.129390661, 831896.8311270523 6515509.313459887, 831897.015881178 6514510.102959041, 830897.8046954651 6514509.918919237)))"
ima_gestion_images.imamnt2018laz1kmcc46.70,1831_5171,https://download.data.grandlyon.com/files/grandlyon/imagerie/mnt2018/lidar/laz/1831_5171.laz,70,"MULTIPOLYGON (((830897.6213387316 6515509.13938286, 830897.4379545136 6516508.348454924, 831896.6463415371 6516508.532553584, 831896.8311252047 6515509.323452085, 830897.6213387316 6515509.13938286)))"
ima_gestion_images.imamnt2018laz1kmcc46.71,1831_5172,https://download.data.grandlyon.com/files/grandlyon/imagerie/mnt2018/lidar/laz/1831_5172.laz,71,"MULTIPOLYGON (((830897.4379526796 6516508.358447108, 830897.2545391339 6517507.566119593, 831896.4615264703 6517507.7502477, 831896.6463396891 6516508.542545768, 830897.4379526796 6516508.358447108)))"
ima_gestion_images.imamnt2018laz1kmcc46.72,1831_5173,https://download.data.grandlyon.com/files/grandlyon/imagerie/mnt2018/lidar/laz/1831_5173.laz,72,"MULTIPOLYGON (((830897.2545372995 6517507.576111763, 830897.0710944167 6518506.782384444, 831896.2766818422 6518506.966542005, 831896.461524622 6517507.760239869, 830897.2545372995 6517507.576111763)))"
ima_gestion_images.imamnt2018laz1kmcc46.73,1831_5174,https://download.data.grandlyon.com/files/grandlyon/imagerie/mnt2018/lidar/laz/1831_5174.laz,73,"MULTIPOLYGON (((830897.071092582 6518506.7923766, 830896.8876203526 6519505.997249254, 831896.0918076434 6519506.181436278, 831896.2766799936 6518506.976534161, 830897.071092582 6518506.7923766)))"
ima_gestion_images.imamnt2018laz1kmcc46.74,1831_5175,https://download.data.grandlyon.com/files/grandlyon/imagerie/mnt2018/lidar/laz/1831_5175.laz,74,"MULTIPOLYGON (((830896.8876185176 6519506.007241396, 830896.7041169321 6520505.210713799, 831895.9069038644 6520505.394930296, 831896.0918057945 6519506.191428419, 830896.8876185176 6519506.007241396)))"
ima_gestion_images.imamnt2018laz1kmcc46.75,1831_5176,https://download.data.grandlyon.com/files/grandlyon/imagerie/mnt2018/lidar/laz/1831_5176.laz,75,"MULTIPOLYGON (((830896.704115097 6520505.220705927, 830896.5205841459 6521504.422777855, 831895.7219704958 6521504.6070238305, 831895.9069020152 6520505.404922421, 830896.704115097 6520505.220705927)))"
ima_gestion_images.imamnt2018laz1kmcc46.76,1831_5177,https://download.data.grandlyon.com/files/grandlyon/imagerie/mnt2018/lidar/laz/1831_5177.laz,76,"MULTIPOLYGON (((830896.5205823105 6521504.432769969, 830896.3370219847 6522503.633441199, 831895.5370075279 6522503.8177166665, 831895.7219686463 6521504.6170159485, 830896.5205823105 6521504.432769969)))"
ima_gestion_images.imamnt2018laz1kmcc46.77,1831_5178,https://download.data.grandlyon.com/files/grandlyon/imagerie/mnt2018/lidar/laz/1831_5178.laz,77,"MULTIPOLYGON (((830896.337020149 6522503.643433296, 830896.1534304388 6523502.842703602, 831895.3520149513 6523503.027008573, 831895.537005678 6522503.827708767, 830896.337020149 6522503.643433296)))"
ima_gestion_images.imamnt2018laz1kmcc46.78,1831_5179,https://download.data.grandlyon.com/files/grandlyon/imagerie/mnt2018/lidar/laz/1831_5179.laz,78,"MULTIPOLYGON (((830896.1534286027 6523502.852695687, 830895.9698094989 6524502.050564847, 831895.1669927564 6524502.234899327, 831895.3520131013 6523503.037000661, 830896.1534286027 6523502.852695687)))"
ima_gestion_images.imamnt2018laz1kmcc46.79,1831_5180,https://download.data.grandlyon.com/files/grandlyon/imagerie/mnt2018/lidar/laz/1831_5180.laz,79,"MULTIPOLYGON (((830895.9698076625 6524502.0605569165, 830895.7861591553 6525501.257024703, 831894.9819409339 6525501.441388705, 831895.1669909061 6524502.2448913995, 830895.9698076625 6524502.0605569165)))"
ima_gestion_images.imamnt2018laz1kmcc46.80,1831_5181,https://download.data.grandlyon.com/files/grandlyon/imagerie/mnt2018/lidar/laz/1831_5181.laz,80,"MULTIPOLYGON (((830895.7861573186 6525501.26701676, 830895.6024793988 6526500.462082951, 831894.7968594739 6526500.646476482, 831894.9819390832 6525501.451380761, 830895.7861573186 6525501.26701676)))"
ima_gestion_images.imamnt2018laz1kmcc46.81,1831_5182,https://download.data.grandlyon.com/files/grandlyon/imagerie/mnt2018/lidar/laz/1831_5182.laz,81,"MULTIPOLYGON (((830895.6024775619 6526500.472074996, 830895.4187702199 6527499.665739364, 831894.6117483672 6527499.850162435, 831894.796857623 6526500.656468526, 830895.6024775619 6526500.472074996)))"
ima_gestion_images.imamnt2018laz1kmcc46.82,1831_5183,https://download.data.grandlyon.com/files/grandlyon/imagerie/mnt2018/lidar/laz/1831_5183.laz,82,"MULTIPOLYGON (((830895.4187683827 6527499.675731394, 830895.2350316091 6528498.867993718, 831894.4266076041 6528499.052446338, 831894.611746516 6527499.860154463, 830895.4187683827 6527499.675731394)))"
ima_gestion_images.imamnt2018laz1kmcc46.83,1831_5184,https://download.data.grandlyon.com/files/grandlyon/imagerie/mnt2018/lidar/laz/1831_5184.laz,83,"MULTIPOLYGON (((830895.2350297716 6528498.8779857345, 830895.0512635569 6529498.06884579, 831894.2414371751 6529498.253327967, 831894.4266057526 6528499.062438353, 830895.2350297716 6528498.8779857345)))"
ima_gestion_images.imamnt2018laz1kmcc46.84,1831_5185,https://download.data.grandlyon.com/files/grandlyon/imagerie/mnt2018/lidar/laz/1831_5185.laz,84,"MULTIPOLYGON (((830895.0512617191 6529498.0788377905, 830894.8674660538 6530497.268295352, 831894.0562370706 6530497.452807099, 831894.2414353233 6529498.263319968, 830895.0512617191 6529498.0788377905)))"
ima_gestion_images.imamnt2018laz1kmcc46.85,1831_5186,https://download.data.grandlyon.com/files/grandlyon/imagerie/mnt2018/lidar/laz/1831_5186.laz,85,"MULTIPOLYGON (((830894.8674642157 6530497.278287339, 830894.6836390904 6531496.466342183, 831893.8710072811 6531496.650883506, 831894.0562352184 6530497.462799085, 830894.8674642157 6530497.278287339)))"
ima_gestion_images.imamnt2018laz1kmcc46.86,1831_5187,https://download.data.grandlyon.com/files/grandlyon/imagerie/mnt2018/lidar/laz/1831_5187.laz,86,"MULTIPOLYGON (((830894.6836372521 6531496.4763341565, 830894.4997826573 6532495.662986057, 831893.6857477969 6532495.8475569645, 831893.8710054286 6531496.660875477, 830894.6836372521 6531496.4763341565)))"
ima_gestion_images.imamnt2018laz1kmcc46.87,1831_5188,https://download.data.grandlyon.com/files/grandlyon/imagerie/mnt2018/lidar/laz/1831_5188.laz,87,"MULTIPOLYGON (((830894.4997808185 6532495.672978016, 830894.3158967448 6533494.858226746, 831893.5004586087 6533495.042827252, 831893.6857459443 6532495.857548925, 830894.4997808185 6532495.672978016)))"
ima_gestion_images.imamnt2018laz1kmcc46.88,1831_5189,https://download.data.grandlyon.com/files/grandlyon/imagerie/mnt2018/lidar/laz/1831_5189.laz,88,"MULTIPOLYGON (((830894.3158949057 6533494.868218694, 830894.1319813434 6534494.052064033, 831893.3151397067 6534494.236694141, 831893.5004567557 6533495.052819198, 830894.3158949057 6533494.868218694)))"
ima_gestion_images.imamnt2018laz1kmcc46.89,1831_5190,https://download.data.grandlyon.com/files/grandlyon/imagerie/mnt2018/lidar/laz/1831_5190.laz,89,"MULTIPOLYGON (((830894.131979504 6534494.062055966, 830893.9480364437 6535493.244497686, 831893.1297910815 6535493.429157411, 831893.3151378535 6534494.246686074, 830894.131979504 6534494.062055966)))"
ima_gestion_images.imamnt2018laz1kmcc46.90,1831_5191,https://download.data.grandlyon.com/files/grandlyon/imagerie/mnt2018/lidar/laz/1831_5191.laz,90,"MULTIPOLYGON (((830893.9480346041 6535493.2544896025, 830893.7640620363 6536492.43552748, 831892.9444127234 6536492.620216831, 831893.1297892279 6535493.4391493285, 830893.9480346041 6535493.2544896025)))"
ima_gestion_images.imamnt2018laz1kmcc46.91,1831_5192,https://download.data.grandlyon.com/files/grandlyon/imagerie/mnt2018/lidar/laz/1831_5192.laz,91,"MULTIPOLYGON (((830893.7640601964 6536492.445519382, 830893.5800581115 6537491.625153194, 831892.759004623 6537491.809872177, 831892.9444108695 6536492.6302087335, 830893.7640601964 6536492.445519382)))"
ima_gestion_images.imamnt2018laz1kmcc46.92,1831_5193,https://download.data.grandlyon.com/files/grandlyon/imagerie/mnt2018/lidar/laz/1831_5193.laz,92,"MULTIPOLYGON (((830893.5800562713 6537491.635145085, 830893.3960246599 6538490.8133746, 831892.5735667704 6538490.998123229, 831892.7590027687 6537491.819864069, 830893.5800562713 6537491.635145085)))"
ima_gestion_images.imamnt2018laz1kmcc46.93,1831_5194,https://download.data.grandlyon.com/files/grandlyon/imagerie/mnt2018/lidar/laz/1831_5194.laz,93,"MULTIPOLYGON (((830893.3960228193 6538490.823366476, 830893.211961672 6539490.0001914725, 831892.3880991562 6539490.184969757, 831892.5735649159 6538491.008115102, 830893.3960228193 6538490.823366476)))"
ima_gestion_images.imamnt2018laz1kmcc46.94,1831_5195,https://download.data.grandlyon.com/files/grandlyon/imagerie/mnt2018/lidar/laz/1831_5195.laz,94,"MULTIPOLYGON (((830893.2119598311 6539490.010183334, 830893.0278691379 6540489.185603593, 831892.2026017709 6540489.370411536, 831892.3880973014 6539490.194961618, 830893.2119598311 6539490.010183334)))"
ima_gestion_images.imamnt2018laz1kmcc46.95,1831_5196,https://download.data.grandlyon.com/files/grandlyon/imagerie/mnt2018/lidar/laz/1831_5196.laz,95,"MULTIPOLYGON (((830893.027867297 6540489.195595436, 830892.8437470488 6541488.369610725, 831892.0170746048 6541488.554448341, 831892.2025999158 6540489.380403383, 830893.027867297 6540489.195595436)))"
ima_gestion_images.imamnt2018laz1kmcc46.96,1831_5197,https://download.data.grandlyon.com/files/grandlyon/imagerie/mnt2018/lidar/laz/1831_5197.laz,96,"MULTIPOLYGON (((830892.8437452073 6541488.379602557, 830892.6691112351 6542435.924482037, 831891.8411061061 6542436.109347805, 831892.0170727492 6541488.564440177, 830892.8437452073 6541488.379602557)))"
ima_gestion_images.imamnt2018laz1kmcc46.97,1832_5150,https://download.data.grandlyon.com/files/grandlyon/imagerie/mnt2018/lidar/laz/1832_5150.laz,97,"MULTIPOLYGON (((831900.6913204854 6494652.823815779, 831900.5306385581 6495524.638018891, 832899.7683968056 6495524.82289629, 832899.9302956432 6494653.008667475, 831900.6913204854 6494652.823815779)))"
ima_gestion_images.imamnt2018laz1kmcc46.98,1832_5151,https://download.data.grandlyon.com/files/grandlyon/imagerie/mnt2018/lidar/laz/1832_5151.laz,98,"MULTIPOLYGON (((831900.5306367163 6495524.648011367, 831900.3464420761 6496523.88505741, 832899.5828053281 6496524.069964279, 832899.7683949498 6495524.832888767, 831900.5306367163 6495524.648011367)))"
ima_gestion_images.imamnt2018laz1kmcc46.99,1832_5152,https://download.data.grandlyon.com/files/grandlyon/imagerie/mnt2018/lidar/laz/1832_5152.laz,99,"MULTIPOLYGON (((831900.3464402341 6496523.895049876, 831900.1622162315 6497523.130700808, 832899.3971842655 6497523.315637153, 832899.582803472 6496524.079956742, 831900.3464402341 6496523.895049876)))"
ima_gestion_images.imamnt2018laz1kmcc46.100,1832_5153,https://download.data.grandlyon.com/files/grandlyon/imagerie/mnt2018/lidar/laz/1832_5153.laz,100,"MULTIPOLYGON (((831900.1622143891 6497523.140693258, 831899.9779610146 6498522.374948854, 832899.2115336086 6498522.559914686, 832899.3971824092 6497523.325629601, 831900.1622143891 6497523.140693258)))"
ima_gestion_images.imamnt2018laz1kmcc46.101,1832_5154,https://download.data.grandlyon.com/files/grandlyon/imagerie/mnt2018/lidar/laz/1832_5154.laz,101,"MULTIPOLYGON (((831899.9779591719 6498522.384941289, 831899.7936764162 6499521.617801332, 832899.0258533475 6499521.802796662, 832899.2115317519 6498522.569907122, 831899.9779591719 6498522.384941289)))"
ima_gestion_images.imamnt2018laz1kmcc46.102,1832_5155,https://download.data.grandlyon.com/files/grandlyon/imagerie/mnt2018/lidar/laz/1832_5155.laz,102,"MULTIPOLYGON (((831899.7936745731 6499521.627793752, 831899.6093624266 6500520.859258016, 832898.8401434731 6500521.044282855, 832899.0258514906 6499521.812789083, 831899.7936745731 6499521.627793752)))"
ima_gestion_images.imamnt2018laz1kmcc46.103,1832_5156,https://download.data.grandlyon.com/files/grandlyon/imagerie/mnt2018/lidar/laz/1832_5156.laz,103,"MULTIPOLYGON (((831899.6093605834 6500520.869250423, 831899.4250190367 6501520.099318687, 832898.6544039757 6501520.284373039, 832898.8401416158 6500521.05427526, 831899.6093605834 6500520.869250423)))"
ima_gestion_images.imamnt2018laz1kmcc46.104,1832_5157,https://download.data.grandlyon.com/files/grandlyon/imagerie/mnt2018/lidar/laz/1832_5157.laz,104,"MULTIPOLYGON (((831899.4250171932 6501520.10931108, 831899.240646237 6502519.337983118, 832898.4686348459 6502519.5230669975, 832898.6544021182 6501520.294365433, 831899.4250171932 6501520.10931108)))"
ima_gestion_images.imamnt2018laz1kmcc46.105,1832_5158,https://download.data.grandlyon.com/files/grandlyon/imagerie/mnt2018/lidar/laz/1832_5158.laz,105,"MULTIPOLYGON (((831899.240644393 6502519.347975498, 831899.056244018 6503518.57525109, 832898.2828360741 6503518.7603645045, 832898.468632988 6502519.533059377, 831899.240644393 6502519.347975498)))"
ima_gestion_images.imamnt2018laz1kmcc46.106,1832_5159,https://download.data.grandlyon.com/files/grandlyon/imagerie/mnt2018/lidar/laz/1832_5159.laz,106,"MULTIPOLYGON (((831899.0562421738 6503518.585243456, 831898.8718123704 6504517.81112238, 832898.097007651 6504517.99626534, 832898.282834216 6503518.770356869, 831899.0562421738 6503518.585243456)))"
ima_gestion_images.imamnt2018laz1kmcc46.107,1832_5160,https://download.data.grandlyon.com/files/grandlyon/imagerie/mnt2018/lidar/laz/1832_5160.laz,107,"MULTIPOLYGON (((831898.8718105258 6504517.821114734, 831898.6873512844 6505517.045596765, 832897.9111495668 6505517.230769276, 832898.0970057925 6504518.00625769, 831898.8718105258 6504517.821114734)))"
ima_gestion_images.imamnt2018laz1kmcc46.108,1832_5161,https://download.data.grandlyon.com/files/grandlyon/imagerie/mnt2018/lidar/laz/1832_5161.laz,108,"MULTIPOLYGON (((831898.6873494396 6505517.055589103, 831898.5028607511 6506516.278674021, 832897.7252618121 6506516.463876098, 832897.9111477081 6505517.240761616, 831898.6873494396 6505517.055589103)))"
ima_gestion_images.imamnt2018laz1kmcc46.109,1832_5162,https://download.data.grandlyon.com/files/grandlyon/imagerie/mnt2018/lidar/laz/1832_5162.laz,109,"MULTIPOLYGON (((831898.502858906 6506516.288666345, 831898.3183407607 6507515.510353926, 832897.5393443777 6507515.695585573, 832897.7252599532 6506516.47386842, 831898.502858906 6506516.288666345)))"
ima_gestion_images.imamnt2018laz1kmcc46.110,1832_5163,https://download.data.grandlyon.com/files/grandlyon/imagerie/mnt2018/lidar/laz/1832_5163.laz,110,"MULTIPOLYGON (((831898.3183389154 6507515.520346234, 831898.1337913037 6508514.740636254, 832897.3533972537 6508514.9258974865, 832897.5393425183 6507515.705577881, 831898.3183389154 6507515.520346234)))"
ima_gestion_images.imamnt2018laz1kmcc46.111,1832_5164,https://download.data.grandlyon.com/files/grandlyon/imagerie/mnt2018/lidar/laz/1832_5164.laz,111,"MULTIPOLYGON (((831898.1337894581 6508514.750628551, 831897.9492123711 6509513.969520786, 832897.1674204306 6509514.154811609, 832897.353395394 6508514.935889781, 831898.1337894581 6508514.750628551)))"
ima_gestion_images.imamnt2018laz1kmcc46.112,1832_5165,https://download.data.grandlyon.com/files/grandlyon/imagerie/mnt2018/lidar/laz/1832_5165.laz,112,"MULTIPOLYGON (((831897.9492105251 6509513.979513069, 831897.7646039529 6510513.1970072985, 832896.981413899 6510513.382327724, 832897.1674185707 6509514.164803891, 831897.9492105251 6509513.979513069)))"
ima_gestion_images.imamnt2018laz1kmcc46.113,1832_5166,https://download.data.grandlyon.com/files/grandlyon/imagerie/mnt2018/lidar/laz/1832_5166.laz,113,"MULTIPOLYGON (((831897.7646021066 6510513.2069995655, 831897.5799660399 6511512.423095567, 832896.7953776494 6511512.608445603, 832896.9814120388 6510513.39231999, 831897.7646021066 6510513.2069995655)))"
ima_gestion_images.imamnt2018laz1kmcc46.114,1832_5167,https://download.data.grandlyon.com/files/grandlyon/imagerie/mnt2018/lidar/laz/1832_5167.laz,114,"MULTIPOLYGON (((831897.5799641933 6511512.433087821, 831897.3952986227 6512511.647785367, 832896.6093116722 6512511.833165023, 832896.7953757888 6511512.6184378555, 831897.5799641933 6511512.433087821)))"
ima_gestion_images.imamnt2018laz1kmcc46.115,1832_5168,https://download.data.grandlyon.com/files/grandlyon/imagerie/mnt2018/lidar/laz/1832_5168.laz,115,"MULTIPOLYGON (((831897.3952967757 6512511.657777608, 831897.2106016916 6513510.871076479, 832896.4232159577 6513511.056485764, 832896.6093098113 6512511.8431572635, 831897.3952967757 6512511.657777608)))"
ima_gestion_images.imamnt2018laz1kmcc46.116,1832_5169,https://download.data.grandlyon.com/files/grandlyon/imagerie/mnt2018/lidar/laz/1832_5169.laz,116,"MULTIPOLYGON (((831897.2105998445 6513510.881068704, 831897.0258752373 6514510.092968676, 832896.2370904966 6514510.2784076, 832896.4232140966 6513511.066477992, 831897.2105998445 6513510.881068704)))"
ima_gestion_images.imamnt2018laz1kmcc46.117,1832_5170,https://download.data.grandlyon.com/files/grandlyon/imagerie/mnt2018/lidar/laz/1832_5170.laz,117,"MULTIPOLYGON (((831897.0258733899 6514510.102960888, 831896.8411192503 6515509.313461736, 832896.0509352792 6515509.498930308, 832896.2370886352 6514510.288399812, 831897.0258733899 6514510.102960888)))"
ima_gestion_images.imamnt2018laz1kmcc46.118,1832_5171,https://download.data.grandlyon.com/files/grandlyon/imagerie/mnt2018/lidar/laz/1832_5171.laz,118,"MULTIPOLYGON (((831896.8411174027 6515509.323453931, 831896.6563337211 6516508.532555434, 832895.8647502961 6516508.718053664, 832896.0509334175 6515509.508922508, 831896.8411174027 6515509.323453931)))"
ima_gestion_images.imamnt2018laz1kmcc46.119,1832_5172,https://download.data.grandlyon.com/files/grandlyon/imagerie/mnt2018/lidar/laz/1832_5172.laz,119,"MULTIPOLYGON (((831896.656331873 6516508.542547616, 831896.4715186402 6517507.750249548, 832895.6785355376 6517507.935777448, 832895.864748434 6516508.72804585, 831896.656331873 6516508.542547616)))"
ima_gestion_images.imamnt2018laz1kmcc46.120,1832_5173,https://download.data.grandlyon.com/files/grandlyon/imagerie/mnt2018/lidar/laz/1832_5173.laz,120,"MULTIPOLYGON (((831896.471516792 6517507.760241716, 831896.2866739981 6518506.966543853, 832895.4922909942 6518507.15210143, 832895.6785336753 6517507.945769618, 831896.471516792 6517507.760241716)))"
ima_gestion_images.imamnt2018laz1kmcc46.121,1832_5174,https://download.data.grandlyon.com/files/grandlyon/imagerie/mnt2018/lidar/laz/1832_5174.laz,121,"MULTIPOLYGON (((831896.2866721496 6518506.976536009, 831896.1017997854 6519506.181438127, 832895.3060166561 6519506.367025391, 832895.4922891315 6518507.162093586, 831896.2866721496 6518506.976536009)))"
ima_gestion_images.imamnt2018laz1kmcc46.122,1832_5175,https://download.data.grandlyon.com/files/grandlyon/imagerie/mnt2018/lidar/laz/1832_5175.laz,122,"MULTIPOLYGON (((831896.1017979364 6519506.191430269, 831895.9168959924 6520505.394932143, 832895.1197125141 6520505.580549106, 832895.3060147932 6519506.377017533, 831896.1017979364 6519506.191430269)))"
ima_gestion_images.imamnt2018laz1kmcc46.123,1832_5176,https://download.data.grandlyon.com/files/grandlyon/imagerie/mnt2018/lidar/laz/1832_5176.laz,123,"MULTIPOLYGON (((831895.9168941432 6520505.404924271, 831895.7319626097 6521504.607025683, 832894.9333785584 6521504.792672352, 832895.1197106509 6520505.590541234, 831895.9168941432 6520505.404924271)))"
ima_gestion_images.imamnt2018laz1kmcc46.124,1832_5177,https://download.data.grandlyon.com/files/grandlyon/imagerie/mnt2018/lidar/laz/1832_5177.laz,124,"MULTIPOLYGON (((831895.7319607602 6521504.617017797, 831895.5469996277 6522503.817718517, 832894.7470147795 6522504.003394899, 832894.9333766949 6521504.8026644625, 831895.7319607602 6521504.617017797)))"
ima_gestion_images.imamnt2018laz1kmcc46.125,1832_5178,https://download.data.grandlyon.com/files/grandlyon/imagerie/mnt2018/lidar/laz/1832_5178.laz,125,"MULTIPOLYGON (((831895.5469977781 6522503.827710617, 831895.3620070373 6523503.027010423, 832894.5606211676 6523503.21271653, 832894.7470129157 6522504.013386999, 831895.5469977781 6522503.827710617)))"
ima_gestion_images.imamnt2018laz1kmcc46.126,1832_5179,https://download.data.grandlyon.com/files/grandlyon/imagerie/mnt2018/lidar/laz/1832_5179.laz,126,"MULTIPOLYGON (((831895.3620051872 6523503.037002508, 831895.1769848284 6524502.234901177, 832894.3741977136 6524502.42063702, 832894.5606193036 6523503.22270862, 831895.3620051872 6523503.037002508)))"
ima_gestion_images.imamnt2018laz1kmcc46.127,1832_5180,https://download.data.grandlyon.com/files/grandlyon/imagerie/mnt2018/lidar/laz/1832_5180.laz,127,"MULTIPOLYGON (((831895.1769829781 6524502.244893248, 831894.9919329918 6525501.441390556, 832894.1877444073 6525501.627156143, 832894.374195849 6524502.430629093, 831895.1769829781 6524502.244893248)))"
ima_gestion_images.imamnt2018laz1kmcc46.128,1832_5181,https://download.data.grandlyon.com/files/grandlyon/imagerie/mnt2018/lidar/laz/1832_5181.laz,128,"MULTIPOLYGON (((831894.9919311411 6525501.451382613, 831894.8068515179 6526500.646478333, 832894.0012612395 6526500.832273673, 832894.1877425427 6525501.637148201, 831894.9919311411 6525501.451382613)))"
ima_gestion_images.imamnt2018laz1kmcc46.129,1832_5182,https://download.data.grandlyon.com/files/grandlyon/imagerie/mnt2018/lidar/laz/1832_5182.laz,129,"MULTIPOLYGON (((831894.8068496669 6526500.656470377, 831894.6217403972 6527499.850164285, 832893.8147482005 6527500.035989392, 832894.0012593745 6526500.842265718, 831894.8068496669 6526500.656470377)))"
ima_gestion_images.imamnt2018laz1kmcc46.130,1832_5183,https://download.data.grandlyon.com/files/grandlyon/imagerie/mnt2018/lidar/laz/1832_5183.laz,130,"MULTIPOLYGON (((831894.6217385458 6527499.860156315, 831894.4365996199 6528499.052448189, 832893.6282052805 6528499.238303067, 832893.8147463351 6527500.045981421, 831894.6217385458 6527499.860156315)))"
ima_gestion_images.imamnt2018laz1kmcc46.131,1832_5184,https://download.data.grandlyon.com/files/grandlyon/imagerie/mnt2018/lidar/laz/1832_5184.laz,131,"MULTIPOLYGON (((831894.4365977685 6528499.0624402035, 831894.2514291769 6529498.25332982, 832893.4416324702 6529498.439214478, 832893.628203415 6528499.248295084, 831894.4365977685 6528499.0624402035)))"
ima_gestion_images.imamnt2018laz1kmcc46.132,1832_5185,https://download.data.grandlyon.com/files/grandlyon/imagerie/mnt2018/lidar/laz/1832_5185.laz,132,"MULTIPOLYGON (((831894.251427325 6529498.263321821, 831894.0662290583 6530497.452808949, 832893.2550297598 6530497.638723404, 832893.4416306043 6529498.44920648, 831894.251427325 6529498.263321821)))"
ima_gestion_images.imamnt2018laz1kmcc46.133,1832_5186,https://download.data.grandlyon.com/files/grandlyon/imagerie/mnt2018/lidar/laz/1832_5186.laz,133,"MULTIPOLYGON (((831894.0662272063 6530497.462800937, 831893.8809992548 6531496.6508853575, 832893.0683971397 6531496.836829613, 832893.2550278936 6530497.648715392, 831894.0662272063 6530497.462800937)))"
ima_gestion_images.imamnt2018laz1kmcc46.134,1832_5187,https://download.data.grandlyon.com/files/grandlyon/imagerie/mnt2018/lidar/laz/1832_5187.laz,134,"MULTIPOLYGON (((831893.8809974024 6531496.66087733, 831893.6957397568 6532495.847558819, 832892.8817346003 6532496.033532885, 832893.0683952733 6531496.846821587, 831893.8809974024 6531496.66087733)))"
ima_gestion_images.imamnt2018laz1kmcc46.135,1832_5188,https://download.data.grandlyon.com/files/grandlyon/imagerie/mnt2018/lidar/laz/1832_5188.laz,135,"MULTIPOLYGON (((831893.6957379039 6532495.8575507775, 831893.5104505544 6533495.042829107, 832892.6950421318 6533495.228832994, 832892.8817327335 6532496.043524845, 831893.6957379039 6532495.8575507775)))"
ima_gestion_images.imamnt2018laz1kmcc46.136,1832_5189,https://download.data.grandlyon.com/files/grandlyon/imagerie/mnt2018/lidar/laz/1832_5189.laz,136,"MULTIPOLYGON (((831893.5104487014 6533495.05282105, 831893.3251316384 6534494.236695996, 832892.5083197249 6534494.422729714, 832892.6950402647 6533495.238824939, 831893.5104487014 6533495.05282105)))"
ima_gestion_images.imamnt2018laz1kmcc46.137,1832_5190,https://download.data.grandlyon.com/files/grandlyon/imagerie/mnt2018/lidar/laz/1832_5190.laz,137,"MULTIPOLYGON (((831893.3251297851 6534494.246687926, 831893.1397829992 6535493.429159264, 832892.3215673696 6535493.615222824, 832892.5083178575 6534494.432721646, 831893.3251297851 6534494.246687926)))"
ima_gestion_images.imamnt2018laz1kmcc46.138,1832_5191,https://download.data.grandlyon.com/files/grandlyon/imagerie/mnt2018/lidar/laz/1832_5191.laz,138,"MULTIPOLYGON (((831893.1397811455 6535493.439151182, 831892.9544046271 6536492.620218686, 832892.1347850563 6536492.8063120935, 832892.321565502 6535493.62521474, 831893.1397811455 6535493.439151182)))"
ima_gestion_images.imamnt2018laz1kmcc46.139,1832_5192,https://download.data.grandlyon.com/files/grandlyon/imagerie/mnt2018/lidar/laz/1832_5192.laz,139,"MULTIPOLYGON (((831892.9544027732 6536492.630210588, 831892.7689965125 6537491.809874034, 832891.9479727757 6537491.995997301, 832892.1347831886 6536492.816303997, 831892.9544027732 6536492.630210588)))"
ima_gestion_images.imamnt2018laz1kmcc46.140,1832_5193,https://download.data.grandlyon.com/files/grandlyon/imagerie/mnt2018/lidar/laz/1832_5193.laz,140,"MULTIPOLYGON (((831892.7689946581 6537491.819865924, 831892.5835586459 6538490.998125084, 832891.7611305178 6538491.184278221, 832891.9479709074 6537492.00598919, 831892.7689946581 6537491.819865924)))"
ima_gestion_images.imamnt2018laz1kmcc46.141,1832_5194,https://download.data.grandlyon.com/files/grandlyon/imagerie/mnt2018/lidar/laz/1832_5194.laz,141,"MULTIPOLYGON (((831892.5835567913 6538491.008116959, 831892.3980910176 6539490.184971613, 832891.574258273 6539490.371154628, 832891.7611286492 6538491.194270096, 831892.5835567913 6538491.008116959)))"
ima_gestion_images.imamnt2018laz1kmcc46.142,1832_5195,https://download.data.grandlyon.com/files/grandlyon/imagerie/mnt2018/lidar/laz/1832_5195.laz,142,"MULTIPOLYGON (((831892.3980891629 6539490.194963471, 831892.2125936182 6540489.370413391, 832891.3873560316 6540489.556626296, 832891.5742564041 6539490.381146489, 831892.3980891629 6539490.194963471)))"
ima_gestion_images.imamnt2018laz1kmcc46.143,1832_5196,https://download.data.grandlyon.com/files/grandlyon/imagerie/mnt2018/lidar/laz/1832_5196.laz,143,"MULTIPOLYGON (((831892.2125917631 6540489.380405239, 831892.027066438 6541488.554450197, 832891.2004237841 6541488.740692999, 832891.3873541624 6540489.566618144, 831892.2125917631 6540489.380405239)))"
ima_gestion_images.imamnt2018laz1kmcc46.144,1832_5197,https://download.data.grandlyon.com/files/grandlyon/imagerie/mnt2018/lidar/laz/1832_5197.laz,144,"MULTIPOLYGON (((831892.0270645826 6541488.56444203, 831891.8596285626 6542390.176951565, 832891.0317178385 6542390.363221353, 832891.2004219146 6541488.750684833, 831892.0270645826 6541488.56444203)))"
ima_gestion_images.imamnt2018laz1kmcc46.145,1833_5150,https://download.data.grandlyon.com/files/grandlyon/imagerie/mnt2018/lidar/laz/1833_5150.laz,145,"MULTIPOLYGON (((832899.9351112513 6494680.887715395, 832899.7783892832 6495524.822898144, 833899.016177106 6495525.009170423, 833899.1740770645 6494681.073962602, 832899.9351112513 6494680.887715395)))"
ima_gestion_images.imamnt2018laz1kmcc46.146,1833_5151,https://download.data.grandlyon.com/files/grandlyon/imagerie/mnt2018/lidar/laz/1833_5151.laz,146,"MULTIPOLYGON (((832899.7783874274 6495524.832890622, 832899.5927977918 6496524.069966135, 833898.8291906285 6496524.256268104, 833899.0161752362 6495525.019162902, 832899.7783874274 6495524.832890622)))"
ima_gestion_images.imamnt2018laz1kmcc46.147,1833_5152,https://download.data.grandlyon.com/files/grandlyon/imagerie/mnt2018/lidar/laz/1833_5152.laz,147,"MULTIPOLYGON (((832899.5927959358 6496524.079958598, 832899.4071767153 6497523.315639009, 833898.6421743436 6497523.501970679, 833898.8291887584 6496524.266260566, 832899.5927959358 6496524.079958598)))"
ima_gestion_images.imamnt2018laz1kmcc46.148,1833_5153,https://download.data.grandlyon.com/files/grandlyon/imagerie/mnt2018/lidar/laz/1833_5153.laz,148,"MULTIPOLYGON (((832899.407174859 6497523.325631457, 832899.2215260443 6498522.559916544, 833898.455128242 6498522.746277922, 833898.6421724732 6497523.511963126, 832899.407174859 6497523.325631457)))"
ima_gestion_images.imamnt2018laz1kmcc46.149,1833_5154,https://download.data.grandlyon.com/files/grandlyon/imagerie/mnt2018/lidar/laz/1833_5154.laz,149,"MULTIPOLYGON (((832899.2215241877 6498522.5699089775, 832899.0358457693 6499521.80279852, 833898.2680523141 6499521.989189618, 833898.4551263714 6498522.756270361, 832899.2215241877 6498522.5699089775)))"
ima_gestion_images.imamnt2018laz1kmcc46.150,1833_5155,https://download.data.grandlyon.com/files/grandlyon/imagerie/mnt2018/lidar/laz/1833_5155.laz,150,"MULTIPOLYGON (((832899.0358439124 6499521.812790941, 832898.850135881 6500521.04428471, 833898.0809465502 6500521.230705538, 833898.2680504431 6499521.999182039, 832899.0358439124 6499521.812790941)))"
ima_gestion_images.imamnt2018laz1kmcc46.151,1833_5156,https://download.data.grandlyon.com/files/grandlyon/imagerie/mnt2018/lidar/laz/1833_5156.laz,151,"MULTIPOLYGON (((832898.8501340237 6500521.054277118, 832898.6643963696 6501520.284374897, 833897.8938109408 6501520.470825463, 833898.080944679 6500521.240697947, 832898.8501340237 6500521.054277118)))"
ima_gestion_images.imamnt2018laz1kmcc46.152,1833_5157,https://download.data.grandlyon.com/files/grandlyon/imagerie/mnt2018/lidar/laz/1833_5157.laz,152,"MULTIPOLYGON (((832898.6643945121 6501520.294367289, 832898.4786272258 6502519.523068855, 833897.7066454764 6502519.70954917, 833897.8938090693 6501520.480817858, 832898.6643945121 6501520.294367289)))"
ima_gestion_images.imamnt2018laz1kmcc46.153,1833_5158,https://download.data.grandlyon.com/files/grandlyon/imagerie/mnt2018/lidar/laz/1833_5158.laz,153,"MULTIPOLYGON (((832898.4786253681 6502519.533061233, 832898.2928284402 6503518.760366364, 833897.5194501474 6503518.9468764365, 833897.7066436047 6502519.719541549, 832898.4786253681 6502519.533061233)))"
ima_gestion_images.imamnt2018laz1kmcc46.154,1833_5159,https://download.data.grandlyon.com/files/grandlyon/imagerie/mnt2018/lidar/laz/1833_5159.laz,154,"MULTIPOLYGON (((832898.292826582 6503518.770358727, 832898.1070000029 6504517.9962671995, 833897.3322249443 6504518.182807037, 833897.5194482753 6503518.956868803, 832898.292826582 6503518.770358727)))"
ima_gestion_images.imamnt2018laz1kmcc46.155,1833_5160,https://download.data.grandlyon.com/files/grandlyon/imagerie/mnt2018/lidar/laz/1833_5160.laz,155,"MULTIPOLYGON (((832898.1069981445 6504518.00625955, 832897.9211419049 6505517.230771136, 833897.1449698574 6505517.417340754, 833897.332223072 6504518.192799391, 832898.1069981445 6504518.00625955)))"
ima_gestion_images.imamnt2018laz1kmcc46.156,1833_5161,https://download.data.grandlyon.com/files/grandlyon/imagerie/mnt2018/lidar/laz/1833_5161.laz,156,"MULTIPOLYGON (((832897.9211400461 6505517.240763473, 832897.7352541364 6506516.463877956, 833896.9576848772 6506516.650477358, 833897.1449679846 6505517.427333091, 832897.9211400461 6505517.240763473)))"
ima_gestion_images.imamnt2018laz1kmcc46.157,1833_5162,https://download.data.grandlyon.com/files/grandlyon/imagerie/mnt2018/lidar/laz/1833_5162.laz,157,"MULTIPOLYGON (((832897.7352522772 6506516.473870279, 832897.5493366879 6507515.69558743, 833896.770369994 6507515.882216631, 833896.9576830041 6506516.660469684, 832897.7352522772 6506516.473870279)))"
ima_gestion_images.imamnt2018laz1kmcc46.158,1833_5163,https://download.data.grandlyon.com/files/grandlyon/imagerie/mnt2018/lidar/laz/1833_5163.laz,158,"MULTIPOLYGON (((832897.5493348285 6507515.705579742, 832897.3633895498 6508514.925899346, 833896.5830251983 6508515.112558351, 833896.7703681207 6507515.892208941, 832897.5493348285 6507515.705579742)))"
ima_gestion_images.imamnt2018laz1kmcc46.159,1833_5164,https://download.data.grandlyon.com/files/grandlyon/imagerie/mnt2018/lidar/laz/1833_5164.laz,159,"MULTIPOLYGON (((832897.3633876902 6508514.935891641, 832897.1774127127 6509514.15481347, 833896.3956504805 6509514.341502291, 833896.5830233247 6508515.122550647, 832897.3633876902 6508514.935891641)))"
ima_gestion_images.imamnt2018laz1kmcc46.160,1833_5165,https://download.data.grandlyon.com/files/grandlyon/imagerie/mnt2018/lidar/laz/1833_5165.laz,160,"MULTIPOLYGON (((832897.1774108529 6509514.164805752, 832896.9914061672 6510513.382329583, 833896.2082458311 6510513.569048228, 833896.3956486066 6509514.351494572, 832897.1774108529 6509514.164805752)))"
ima_gestion_images.imamnt2018laz1kmcc46.161,1833_5166,https://download.data.grandlyon.com/files/grandlyon/imagerie/mnt2018/lidar/laz/1833_5166.laz,161,"MULTIPOLYGON (((832896.991404307 6510513.392321851, 832896.8053699036 6511512.608447462, 833896.0208112403 6511512.795195943, 833896.2082439568 6510513.579040496, 832896.991404307 6510513.392321851)))"
ima_gestion_images.imamnt2018laz1kmcc46.162,1833_5167,https://download.data.grandlyon.com/files/grandlyon/imagerie/mnt2018/lidar/laz/1833_5167.laz,162,"MULTIPOLYGON (((832896.805368043 6511512.618439716, 832896.6193039123 6512511.833166883, 833895.8333466987 6512512.019945206, 833896.0208093659 6511512.805188196, 832896.805368043 6511512.618439716)))"
ima_gestion_images.imamnt2018laz1kmcc46.163,1833_5168,https://download.data.grandlyon.com/files/grandlyon/imagerie/mnt2018/lidar/laz/1833_5168.laz,163,"MULTIPOLYGON (((832896.6193020516 6512511.843159124, 832896.433208184 6513511.0564876245, 833895.6458521965 6513511.243295802, 833895.8333448238 6512512.029937447, 832896.6193020516 6512511.843159124)))"
ima_gestion_images.imamnt2018laz1kmcc46.164,1833_5169,https://download.data.grandlyon.com/files/grandlyon/imagerie/mnt2018/lidar/laz/1833_5169.laz,164,"MULTIPOLYGON (((832896.4332063228 6513511.066479851, 832896.2470827089 6514510.2784094615, 833895.458327724 6514510.465247499, 833895.6458503214 6513511.253288028, 832896.4332063228 6513511.066479851)))"
ima_gestion_images.imamnt2018laz1kmcc46.165,1833_5170,https://download.data.grandlyon.com/files/grandlyon/imagerie/mnt2018/lidar/laz/1833_5170.laz,165,"MULTIPOLYGON (((832896.2470808474 6514510.288401675, 832896.0609274775 6515509.498932171, 833895.2707732718 6515509.685800082, 833895.4583258487 6514510.475239712, 832896.2470808474 6514510.288401675)))"
ima_gestion_images.imamnt2018laz1kmcc46.166,1833_5171,https://download.data.grandlyon.com/files/grandlyon/imagerie/mnt2018/lidar/laz/1833_5171.laz,166,"MULTIPOLYGON (((832896.0609256157 6515509.508924369, 832895.8747424803 6516508.718055529, 833895.0831888303 6516508.9049533205, 833895.2707713961 6515509.69579228, 832896.0609256157 6515509.508924369)))"
ima_gestion_images.imamnt2018laz1kmcc46.167,1833_5172,https://download.data.grandlyon.com/files/grandlyon/imagerie/mnt2018/lidar/laz/1833_5172.laz,167,"MULTIPOLYGON (((832895.8747406183 6516508.72804771, 832895.6885277078 6517507.935779308, 833894.8955743897 6517508.122706994, 833895.0831869543 6516508.914945504, 832895.8747406183 6516508.72804771)))"
ima_gestion_images.imamnt2018laz1kmcc46.168,1833_5173,https://download.data.grandlyon.com/files/grandlyon/imagerie/mnt2018/lidar/laz/1833_5173.laz,168,"MULTIPOLYGON (((832895.6885258454 6517507.94577148, 832895.5022831503 6518507.152103294, 833894.7079299405 6518507.339060878, 833894.8955725133 6517508.132699166, 832895.6885258454 6517507.94577148)))"
ima_gestion_images.imamnt2018laz1kmcc46.169,1833_5174,https://download.data.grandlyon.com/files/grandlyon/imagerie/mnt2018/lidar/laz/1833_5174.laz,169,"MULTIPOLYGON (((832895.5022812877 6518507.162095449, 832895.3160087983 6519506.367027255, 833894.5202554729 6519506.554014752, 833894.7079280639 6518507.349053036, 832895.5022812877 6518507.162095449)))"
ima_gestion_images.imamnt2018laz1kmcc46.170,1833_5175,https://download.data.grandlyon.com/files/grandlyon/imagerie/mnt2018/lidar/laz/1833_5175.laz,170,"MULTIPOLYGON (((832895.3160069354 6519506.377019398, 832895.1297046423 6520505.580550968, 833894.3325509774 6520505.767568387, 833894.5202535959 6519506.564006893, 832895.3160069354 6519506.377019398)))"
ima_gestion_images.imamnt2018laz1kmcc46.171,1833_5176,https://download.data.grandlyon.com/files/grandlyon/imagerie/mnt2018/lidar/laz/1833_5176.laz,171,"MULTIPOLYGON (((832895.1297027791 6520505.590543097, 832894.9433706726 6521504.792674214, 833894.1448164443 6521504.979721563, 833894.3325491002 6520505.777560515, 832895.1297027791 6520505.590543097)))"
ima_gestion_images.imamnt2018laz1kmcc46.172,1833_5177,https://download.data.grandlyon.com/files/grandlyon/imagerie/mnt2018/lidar/laz/1833_5177.laz,172,"MULTIPOLYGON (((832894.9433688091 6521504.802666328, 832894.7570068797 6522504.0033967635, 833893.9570518639 6522504.190474051, 833894.1448145667 6521504.989713676, 832894.9433688091 6521504.802666328)))"
ima_gestion_images.imamnt2018laz1kmcc46.173,1833_5178,https://download.data.grandlyon.com/files/grandlyon/imagerie/mnt2018/lidar/laz/1833_5178.laz,173,"MULTIPOLYGON (((832894.7570050159 6522504.013388864, 832894.5706132539 6523503.212718396, 833893.7692572265 6523503.399825632, 833893.957049986 6522504.200466151, 832894.7570050159 6522504.013388864)))"
ima_gestion_images.imamnt2018laz1kmcc46.174,1833_5179,https://download.data.grandlyon.com/files/grandlyon/imagerie/mnt2018/lidar/laz/1833_5179.laz,174,"MULTIPOLYGON (((832894.5706113898 6523503.222710482, 832894.3841897857 6524502.420638884, 833893.5814325226 6524502.607776081, 833893.7692553484 6523503.409817721, 832894.5706113898 6523503.222710482)))"
ima_gestion_images.imamnt2018laz1kmcc46.175,1833_5180,https://download.data.grandlyon.com/files/grandlyon/imagerie/mnt2018/lidar/laz/1833_5180.laz,175,"MULTIPOLYGON (((832894.3841879214 6524502.430630958, 832894.1977364655 6525501.627158008, 833893.3935777424 6525501.8143251715, 833893.5814306441 6524502.617768155, 832894.3841879214 6524502.430630958)))"
ima_gestion_images.imamnt2018laz1kmcc46.176,1833_5181,https://download.data.grandlyon.com/files/grandlyon/imagerie/mnt2018/lidar/laz/1833_5181.laz,176,"MULTIPOLYGON (((832894.1977346009 6525501.637150065, 832894.0112532836 6526500.832275539, 833893.2056928764 6526501.019472682, 833893.3935758637 6525501.82431723, 832894.1977346009 6525501.637150065)))"
ima_gestion_images.imamnt2018laz1kmcc46.177,1833_5182,https://download.data.grandlyon.com/files/grandlyon/imagerie/mnt2018/lidar/laz/1833_5182.laz,177,"MULTIPOLYGON (((832894.0112514187 6526500.842267585, 832893.8247402307 6527500.035991255, 833893.0177779145 6527500.223218387, 833893.2056909973 6526501.029464726, 832894.0112514187 6526500.842267585)))"
ima_gestion_images.imamnt2018laz1kmcc46.178,1833_5183,https://download.data.grandlyon.com/files/grandlyon/imagerie/mnt2018/lidar/laz/1833_5183.laz,178,"MULTIPOLYGON (((832893.8247383654 6527500.045983286, 832893.6381972966 6528499.238304932, 833892.8298328475 6528499.425562061, 833893.0177760352 6527500.2332104165, 832893.8247383654 6527500.045983286)))"
ima_gestion_images.imamnt2018laz1kmcc46.179,1833_5184,https://download.data.grandlyon.com/files/grandlyon/imagerie/mnt2018/lidar/laz/1833_5184.laz,179,"MULTIPOLYGON (((832893.6381954311 6528499.248296946, 832893.4516244724 6529498.439216346, 833892.6418576655 6529498.626503481, 833892.8298309678 6528499.435554078, 832893.6381954311 6528499.248296946)))"
ima_gestion_images.imamnt2018laz1kmcc46.180,1833_5185,https://download.data.grandlyon.com/files/grandlyon/imagerie/mnt2018/lidar/laz/1833_5185.laz,180,"MULTIPOLYGON (((832893.4516226065 6529498.449208347, 832893.2650217479 6530497.638725269, 833892.4538523589 6530497.826042422, 833892.6418557856 6529498.636495484, 832893.4516226065 6529498.449208347)))"
ima_gestion_images.imamnt2018laz1kmcc46.181,1833_5186,https://download.data.grandlyon.com/files/grandlyon/imagerie/mnt2018/lidar/laz/1833_5186.laz,181,"MULTIPOLYGON (((832893.2650198817 6530497.648717258, 832893.0783891138 6531496.83683148, 833892.2658169176 6531497.024178658, 833892.4538504785 6530497.836034411, 832893.2650198817 6530497.648717258)))"
ima_gestion_images.imamnt2018laz1kmcc46.182,1833_5187,https://download.data.grandlyon.com/files/grandlyon/imagerie/mnt2018/lidar/laz/1833_5187.laz,182,"MULTIPOLYGON (((832893.0783872473 6531496.846823454, 832892.8917265603 6532496.03353475, 833892.0777513325 6532496.220911966, 833892.2658150373 6531497.034170631, 832893.0783872473 6531496.846823454)))"
ima_gestion_images.imamnt2018laz1kmcc46.183,1833_5188,https://download.data.grandlyon.com/files/grandlyon/imagerie/mnt2018/lidar/laz/1833_5188.laz,183,"MULTIPOLYGON (((832892.8917246936 6532496.043526711, 832892.7050340779 6533495.228834859, 833891.8896555935 6533495.416242122, 833892.0777494519 6532496.230903927, 832892.8917246936 6532496.043526711)))"
ima_gestion_images.imamnt2018laz1kmcc46.184,1833_5189,https://download.data.grandlyon.com/files/grandlyon/imagerie/mnt2018/lidar/laz/1833_5189.laz,184,"MULTIPOLYGON (((832892.7050322108 6533495.238826808, 832892.5183116568 6534494.422731581, 833891.7015296912 6534494.610168899, 833891.8896537125 6533495.42623407, 832892.7050322108 6533495.238826808)))"
ima_gestion_images.imamnt2018laz1kmcc46.185,1833_5190,https://download.data.grandlyon.com/files/grandlyon/imagerie/mnt2018/lidar/laz/1833_5190.laz,185,"MULTIPOLYGON (((832892.5183097895 6534494.432723514, 832892.3315592875 6535493.615224692, 833891.5133736155 6535493.802692074, 833891.7015278097 6534494.620160829, 832892.5183097895 6534494.432723514)))"
ima_gestion_images.imamnt2018laz1kmcc46.186,1833_5191,https://download.data.grandlyon.com/files/grandlyon/imagerie/mnt2018/lidar/laz/1833_5191.laz,186,"MULTIPOLYGON (((832892.3315574198 6535493.625216608, 832892.1447769604 6536492.806313961, 833891.3251873569 6536492.9938114155, 833891.5133717337 6535493.812683993, 832892.3315574198 6535493.625216608)))"
ima_gestion_images.imamnt2018laz1kmcc46.187,1833_5192,https://download.data.grandlyon.com/files/grandlyon/imagerie/mnt2018/lidar/laz/1833_5192.laz,187,"MULTIPOLYGON (((832892.1447750924 6536492.816305864, 832891.9579646655 6537491.99599917, 833891.1369709057 6537492.18352671, 833891.3251854749 6536493.003803322, 832892.1447750924 6536492.816305864)))"
ima_gestion_images.imamnt2018laz1kmcc46.188,1833_5193,https://download.data.grandlyon.com/files/grandlyon/imagerie/mnt2018/lidar/laz/1833_5193.laz,188,"MULTIPOLYGON (((832891.9579627973 6537492.005991059, 832891.7711223935 6538491.184280087, 833890.9487242519 6538491.371837725, 833891.1369690234 6537492.1935185995, 832891.9579627973 6537492.005991059)))"
ima_gestion_images.imamnt2018laz1kmcc46.189,1833_5194,https://download.data.grandlyon.com/files/grandlyon/imagerie/mnt2018/lidar/laz/1833_5194.laz,189,"MULTIPOLYGON (((832891.771120525 6538491.194271963, 832891.5842501346 6539490.371156496, 833890.7604473862 6539490.558744237, 833890.9487223694 6538491.381829601, 832891.771120525 6538491.194271963)))"
ima_gestion_images.imamnt2018laz1kmcc46.190,1833_5195,https://download.data.grandlyon.com/files/grandlyon/imagerie/mnt2018/lidar/laz/1833_5195.laz,190,"MULTIPOLYGON (((832891.5842482658 6539490.381148358, 832891.3973478792 6540489.556628166, 833890.5721402986 6540489.744246019, 833890.7604455033 6539490.568736098, 832891.5842482658 6539490.381148358)))"
ima_gestion_images.imamnt2018laz1kmcc46.191,1833_5196,https://download.data.grandlyon.com/files/grandlyon/imagerie/mnt2018/lidar/laz/1833_5196.laz,191,"MULTIPOLYGON (((832891.3973460102 6540489.566620011, 832891.2104156176 6541488.740694869, 833890.3838029793 6541488.928342847, 833890.5721384153 6540489.754237867, 832891.3973460102 6540489.566620011)))"
ima_gestion_images.imamnt2018laz1kmcc46.192,1833_5197,https://download.data.grandlyon.com/files/grandlyon/imagerie/mnt2018/lidar/laz/1833_5197.laz,192,"MULTIPOLYGON (((832891.2104137482 6541488.750686703, 832891.0539508064 6542324.946768382, 833890.2261621159 6542325.134441578, 833890.3838010958 6541488.938334679, 832891.2104137482 6541488.750686703)))"
ima_gestion_images.imamnt2018laz1kmcc46.193,1834_5150,https://download.data.grandlyon.com/files/grandlyon/imagerie/mnt2018/lidar/laz/1834_5150.laz,193,"MULTIPOLYGON (((833899.1784031943 6494711.361200209, 833899.0261695839 6495525.009172293, 834898.2639872041 6495525.1968394425, 834898.4173565239 6494711.548843007, 833899.1784031943 6494711.361200209)))"
ima_gestion_images.imamnt2018laz1kmcc46.194,1834_5151,https://download.data.grandlyon.com/files/grandlyon/imagerie/mnt2018/lidar/laz/1834_5151.laz,194,"MULTIPOLYGON (((833899.0261677142 6495525.019164772, 833898.8391830925 6496524.256269975, 834898.0756057361 6496524.443967034, 834898.2639853205 6495525.206831918, 833899.0261677142 6495525.019164772)))"
ima_gestion_images.imamnt2018laz1kmcc46.195,1834_5152,https://download.data.grandlyon.com/files/grandlyon/imagerie/mnt2018/lidar/laz/1834_5152.laz,195,"MULTIPOLYGON (((833898.8391812224 6496524.266262437, 833898.6521667936 6497523.501972549, 834897.8871942385 6497523.689699531, 834898.075603852 6496524.453959499, 833898.8391812224 6496524.266262437)))"
ima_gestion_images.imamnt2018laz1kmcc46.196,1834_5153,https://download.data.grandlyon.com/files/grandlyon/imagerie/mnt2018/lidar/laz/1834_5153.laz,196,"MULTIPOLYGON (((833898.6521649234 6497523.511964998, 833898.4651206782 6498522.746279795, 834897.6987527019 6498522.93403671, 834897.8871923542 6497523.699691982, 833898.6521649234 6497523.511964998)))"
ima_gestion_images.imamnt2018laz1kmcc46.197,1834_5154,https://download.data.grandlyon.com/files/grandlyon/imagerie/mnt2018/lidar/laz/1834_5154.laz,197,"MULTIPOLYGON (((833898.4651188075 6498522.756272229, 833898.2780447362 6499521.989191488, 834897.5102811165 6499522.176978348, 834897.6987508173 6498522.944029147, 833898.4651188075 6498522.756272229)))"
ima_gestion_images.imamnt2018laz1kmcc46.198,1834_5155,https://download.data.grandlyon.com/files/grandlyon/imagerie/mnt2018/lidar/laz/1834_5155.laz,198,"MULTIPOLYGON (((833898.2780428652 6499521.99918391, 833898.0909389585 6500521.230707408, 834897.3217794728 6500521.418524221, 834897.5102792316 6499522.1869707685, 833898.2780428652 6499521.99918391)))"
ima_gestion_images.imamnt2018laz1kmcc46.199,1834_5156,https://download.data.grandlyon.com/files/grandlyon/imagerie/mnt2018/lidar/laz/1834_5156.laz,199,"MULTIPOLYGON (((833898.0909370872 6500521.240699818, 833897.903803335 6501520.470827335, 834897.1332477608 6501520.658674108, 834897.3217775875 6500521.428516627, 833898.0909370872 6500521.240699818)))"
ima_gestion_images.imamnt2018laz1kmcc46.200,1834_5157,https://download.data.grandlyon.com/files/grandlyon/imagerie/mnt2018/lidar/laz/1834_5157.laz,200,"MULTIPOLYGON (((833897.9038014635 6501520.48081973, 833897.7166378566 6502519.709551044, 834896.9446859716 6502519.897427785, 834897.1332458756 6501520.668666501, 833897.9038014635 6501520.48081973)))"
ima_gestion_images.imamnt2018laz1kmcc46.201,1834_5158,https://download.data.grandlyon.com/files/grandlyon/imagerie/mnt2018/lidar/laz/1834_5158.laz,201,"MULTIPOLYGON (((833897.7166359848 6502519.719543423, 833897.5294425137 6503518.9468783075, 834896.756094095 6503519.134785031, 834896.9446840858 6502519.907420166, 833897.7166359848 6502519.719543423)))"
ima_gestion_images.imamnt2018laz1kmcc46.202,1834_5159,https://download.data.grandlyon.com/files/grandlyon/imagerie/mnt2018/lidar/laz/1834_5159.laz,202,"MULTIPOLYGON (((833897.5294406416 6503518.956870676, 833897.3422172966 6504518.1828089105, 834896.5674721214 6504518.3707456235, 834896.7560922089 6503519.144777398, 833897.5294406416 6503518.956870676)))"
ima_gestion_images.imamnt2018laz1kmcc46.203,1834_5160,https://download.data.grandlyon.com/files/grandlyon/imagerie/mnt2018/lidar/laz/1834_5160.laz,203,"MULTIPOLYGON (((833897.3422154243 6504518.192801262, 833897.1549621958 6505517.417342626, 834896.3788200412 6505517.605309338, 834896.567470235 6504518.380737975, 833897.3422154243 6504518.192801262)))"
ima_gestion_images.imamnt2018laz1kmcc46.204,1834_5161,https://download.data.grandlyon.com/files/grandlyon/imagerie/mnt2018/lidar/laz/1834_5161.laz,204,"MULTIPOLYGON (((833897.1549603231 6505517.427334963, 833896.9676772016 6506516.650479232, 834896.1901378449 6506516.838475954, 834896.3788181547 6505517.615301676, 833897.1549603231 6505517.427334963)))"
ima_gestion_images.imamnt2018laz1kmcc46.205,1834_5162,https://download.data.grandlyon.com/files/grandlyon/imagerie/mnt2018/lidar/laz/1834_5162.laz,205,"MULTIPOLYGON (((833896.9676753285 6506516.660471558, 833896.7803623044 6507515.882218505, 834896.0014255228 6507516.0702452455, 834896.1901359579 6506516.8484682795, 833896.9676753285 6506516.660471558)))"
ima_gestion_images.imamnt2018laz1kmcc46.206,1834_5163,https://download.data.grandlyon.com/files/grandlyon/imagerie/mnt2018/lidar/laz/1834_5163.laz,206,"MULTIPOLYGON (((833896.7803604311 6507515.892210816, 833896.5930174948 6508515.112560224, 834895.8126830652 6508515.300616993, 834896.0014236355 6507516.080237556, 833896.7803604311 6507515.892210816)))"
ima_gestion_images.imamnt2018laz1kmcc46.207,1834_5164,https://download.data.grandlyon.com/files/grandlyon/imagerie/mnt2018/lidar/laz/1834_5164.laz,207,"MULTIPOLYGON (((833896.5930156212 6508515.122552519, 833896.4056427629 6509514.341504164, 834895.6239104623 6509514.529590972, 834895.8126811775 6508515.310609289, 833896.5930156212 6508515.122552519)))"
ima_gestion_images.imamnt2018laz1kmcc46.208,1834_5165,https://download.data.grandlyon.com/files/grandlyon/imagerie/mnt2018/lidar/laz/1834_5165.laz,208,"MULTIPOLYGON (((833896.4056408892 6509514.351496446, 833896.2182380995 6510513.5690501025, 834895.4351077045 6510513.7571669575, 834895.6239085743 6509514.539583253, 833896.4056408892 6509514.351496446)))"
ima_gestion_images.imamnt2018laz1kmcc46.209,1834_5166,https://download.data.grandlyon.com/files/grandlyon/imagerie/mnt2018/lidar/laz/1834_5166.laz,209,"MULTIPOLYGON (((833896.2182362254 6510513.5790423695, 833896.0308034949 6511512.795197816, 834895.2462747822 6511512.983344727, 834895.4351058163 6510513.767159226, 833896.2182362254 6510513.5790423695)))"
ima_gestion_images.imamnt2018laz1kmcc46.210,1834_5167,https://download.data.grandlyon.com/files/grandlyon/imagerie/mnt2018/lidar/laz/1834_5167.laz,210,"MULTIPOLYGON (((833896.0308016203 6511512.805190069, 833895.8433389391 6512512.019947082, 834895.0574116856 6512512.208124061, 834895.2462728937 6511512.993336982, 833896.0308016203 6511512.805190069)))"
ima_gestion_images.imamnt2018laz1kmcc46.211,1834_5168,https://download.data.grandlyon.com/files/grandlyon/imagerie/mnt2018/lidar/laz/1834_5168.laz,211,"MULTIPOLYGON (((833895.8433370644 6512512.029939322, 833895.6558444229 6513511.243297676, 834894.8685184051 6513511.431504732, 834895.0574097969 6512512.218116301, 833895.8433370644 6512512.029939322)))"
ima_gestion_images.imamnt2018laz1kmcc46.212,1834_5169,https://download.data.grandlyon.com/files/grandlyon/imagerie/mnt2018/lidar/laz/1834_5169.laz,212,"MULTIPOLYGON (((833895.6558425479 6513511.253289903, 833895.4683199365 6514510.465249375, 834894.6795949312 6514510.653486519, 834894.8685165162 6513511.441496959, 833895.6558425479 6513511.253289903)))"
ima_gestion_images.imamnt2018laz1kmcc46.213,1834_5170,https://download.data.grandlyon.com/files/grandlyon/imagerie/mnt2018/lidar/laz/1834_5170.laz,213,"MULTIPOLYGON (((833895.4683180611 6514510.475241589, 833895.2807654704 6515509.685801957, 834894.4906412539 6515509.874069196, 834894.6795930418 6514510.663478732, 833895.4683180611 6514510.475241589)))"
ima_gestion_images.imamnt2018laz1kmcc46.214,1834_5171,https://download.data.grandlyon.com/files/grandlyon/imagerie/mnt2018/lidar/laz/1834_5171.laz,214,"MULTIPOLYGON (((833895.2807635947 6515509.695794155, 833895.0931810149 6516508.904955196, 834894.3016573637 6516509.093252541, 834894.4906393642 6515509.884061394, 833895.2807635947 6515509.695794155)))"
ima_gestion_images.imamnt2018laz1kmcc46.215,1834_5172,https://download.data.grandlyon.com/files/grandlyon/imagerie/mnt2018/lidar/laz/1834_5172.laz,215,"MULTIPOLYGON (((833895.0931791388 6516508.914947382, 833894.9055665603 6517508.12270887, 834894.1126432506 6517508.311036332, 834894.3016554737 6516509.103244726, 833895.0931791388 6516508.914947382)))"
ima_gestion_images.imamnt2018laz1kmcc46.216,1834_5173,https://download.data.grandlyon.com/files/grandlyon/imagerie/mnt2018/lidar/laz/1834_5173.laz,216,"MULTIPOLYGON (((833894.9055646841 6517508.13270104, 833894.7179220971 6518507.339062756, 834893.9235989052 6518507.527420341, 834894.1126413604 6517508.321028502, 833894.9055646841 6517508.13270104)))"
ima_gestion_images.imamnt2018laz1kmcc46.217,1834_5174,https://download.data.grandlyon.com/files/grandlyon/imagerie/mnt2018/lidar/laz/1834_5174.laz,217,"MULTIPOLYGON (((833894.7179202205 6518507.349054912, 833894.5302476154 6519506.554016629, 834893.7345243176 6519506.742404349, 834893.9235970145 6518507.537412498, 833894.7179202205 6518507.349054912)))"
ima_gestion_images.imamnt2018laz1kmcc46.218,1834_5175,https://download.data.grandlyon.com/files/grandlyon/imagerie/mnt2018/lidar/laz/1834_5175.laz,218,"MULTIPOLYGON (((833894.5302457385 6519506.564008773, 833894.3425431058 6520505.767570264, 834893.5454194783 6520505.955988129, 834893.7345224267 6519506.752396492, 833894.5302457385 6519506.564008773)))"
ima_gestion_images.imamnt2018laz1kmcc46.219,1834_5176,https://download.data.grandlyon.com/files/grandlyon/imagerie/mnt2018/lidar/laz/1834_5176.laz,219,"MULTIPOLYGON (((833894.3425412287 6520505.777562393, 833894.1548085588 6521504.979723439, 834893.3562843773 6521505.168171458, 834893.545417587 6520505.965980259, 833894.3425412287 6520505.777562393)))"
ima_gestion_images.imamnt2018laz1kmcc46.220,1834_5177,https://download.data.grandlyon.com/files/grandlyon/imagerie/mnt2018/lidar/laz/1834_5177.laz,220,"MULTIPOLYGON (((833894.1548066812 6521504.989715555, 833893.9670439644 6522504.1904759295, 834893.1671190051 6522504.378954112, 834893.3562824859 6521505.17816357, 833894.1548066812 6521504.989715555)))"
ima_gestion_images.imamnt2018laz1kmcc46.221,1834_5178,https://download.data.grandlyon.com/files/grandlyon/imagerie/mnt2018/lidar/laz/1834_5178.laz,221,"MULTIPOLYGON (((833893.9670420865 6522504.200468031, 833893.7792493129 6523503.399827511, 834892.9779233518 6523503.588335866, 834893.1671171134 6522504.388946211, 833893.9670420865 6522504.200468031)))"
ima_gestion_images.imamnt2018laz1kmcc46.222,1834_5179,https://download.data.grandlyon.com/files/grandlyon/imagerie/mnt2018/lidar/laz/1834_5179.laz,222,"MULTIPOLYGON (((833893.779247435 6523503.409819596, 833893.5914245951 6524502.60777796, 834892.7886974078 6524502.796316499, 834892.9779214598 6523503.598327954, 833893.779247435 6523503.409819596)))"
ima_gestion_images.imamnt2018laz1kmcc46.223,1834_5180,https://download.data.grandlyon.com/files/grandlyon/imagerie/mnt2018/lidar/laz/1834_5180.laz,223,"MULTIPOLYGON (((833893.5914227166 6524502.617770033, 833893.4035698009 6525501.81432705, 834892.5994411635 6525502.002895784, 834892.7886955155 6524502.80630857, 833893.5914227166 6524502.617770033)))"
ima_gestion_images.imamnt2018laz1kmcc46.224,1834_5181,https://download.data.grandlyon.com/files/grandlyon/imagerie/mnt2018/lidar/laz/1834_5181.laz,224,"MULTIPOLYGON (((833893.4035679222 6525501.824319108, 833893.2156849207 6526501.019474563, 834892.4101546087 6526501.208073495, 834892.5994392707 6525502.012887842, 833893.4035679222 6525501.824319108)))"
ima_gestion_images.imamnt2018laz1kmcc46.225,1834_5182,https://download.data.grandlyon.com/files/grandlyon/imagerie/mnt2018/lidar/laz/1834_5182.laz,225,"MULTIPOLYGON (((833893.2156830418 6526501.029466605, 833893.027769945 6527500.223220266, 834892.2208377339 6527500.411849413, 834892.4101527156 6526501.218065541, 833893.2156830418 6526501.029466605)))"
ima_gestion_images.imamnt2018laz1kmcc46.226,1834_5183,https://download.data.grandlyon.com/files/grandlyon/imagerie/mnt2018/lidar/laz/1834_5183.laz,226,"MULTIPOLYGON (((833893.0277680657 6527500.233212295, 833892.839824864 6528499.425563941, 834892.0314905294 6528499.61422331, 834892.2208358406 6527500.421841443, 833893.0277680657 6527500.233212295)))"
ima_gestion_images.imamnt2018laz1kmcc46.227,1834_5184,https://download.data.grandlyon.com/files/grandlyon/imagerie/mnt2018/lidar/laz/1834_5184.laz,227,"MULTIPOLYGON (((833892.8398229844 6528499.435555956, 833892.6518496679 6529498.626505361, 834891.8421129854 6529498.815194962, 834892.0314886358 6528499.624215326, 833892.8398229844 6528499.435555956)))"
ima_gestion_images.imamnt2018laz1kmcc46.228,1834_5185,https://download.data.grandlyon.com/files/grandlyon/imagerie/mnt2018/lidar/laz/1834_5185.laz,228,"MULTIPOLYGON (((833892.651847788 6529498.636497363, 833892.4638443473 6530497.826044301, 834891.6527050922 6530498.014764143, 834891.8421110915 6529498.825186964, 833892.651847788 6529498.636497363)))"
ima_gestion_images.imamnt2018laz1kmcc46.229,1834_5186,https://download.data.grandlyon.com/files/grandlyon/imagerie/mnt2018/lidar/laz/1834_5186.laz,229,"MULTIPOLYGON (((833892.4638424669 6530497.836036288, 833892.275808892 6531497.024180541, 834891.4632668399 6531497.212930634, 834891.6527031979 6530498.024756133, 833892.4638424669 6530497.836036288)))"
ima_gestion_images.imamnt2018laz1kmcc46.230,1834_5187,https://download.data.grandlyon.com/files/grandlyon/imagerie/mnt2018/lidar/laz/1834_5187.laz,230,"MULTIPOLYGON (((833892.2758070116 6531497.034172512, 833892.0877432929 6532496.220913847, 834891.2737982187 6532496.409694202, 834891.4632649453 6531497.222922606, 833892.2758070116 6531497.034172512)))"
ima_gestion_images.imamnt2018laz1kmcc46.231,1834_5188,https://download.data.grandlyon.com/files/grandlyon/imagerie/mnt2018/lidar/laz/1834_5188.laz,231,"MULTIPOLYGON (((833892.0877414121 6532496.230905807, 833891.89964754 6533495.416244004, 834891.084299219 6533495.605054626, 834891.2737963238 6532496.419686161, 833892.0877414121 6532496.230905807)))"
ima_gestion_images.imamnt2018laz1kmcc46.232,1834_5189,https://download.data.grandlyon.com/files/grandlyon/imagerie/mnt2018/lidar/laz/1834_5189.laz,232,"MULTIPOLYGON (((833891.8996456588 6533495.426235949, 833891.7115216234 6534494.610170781, 834890.8947698307 6534494.799011686, 834891.0842973237 6533495.615046576, 833891.8996456588 6533495.426235949)))"
ima_gestion_images.imamnt2018laz1kmcc46.233,1834_5190,https://download.data.grandlyon.com/files/grandlyon/imagerie/mnt2018/lidar/laz/1834_5190.laz,233,"MULTIPOLYGON (((833891.711519742 6534494.620162712, 833891.5233655337 6535493.802693956, 834890.7052100444 6535493.99156515, 834890.8947679352 6534494.809003619, 833891.711519742 6534494.620162712)))"
ima_gestion_images.imamnt2018laz1kmcc46.234,1834_5191,https://download.data.grandlyon.com/files/grandlyon/imagerie/mnt2018/lidar/laz/1834_5191.laz,234,"MULTIPOLYGON (((833891.523363652 6535493.812685872, 833891.3351792612 6536492.9938133, 834890.5156198501 6536493.182714797, 834890.7052081487 6535494.001557071, 833891.523363652 6535493.812685872)))"
ima_gestion_images.imamnt2018laz1kmcc46.235,1834_5192,https://download.data.grandlyon.com/files/grandlyon/imagerie/mnt2018/lidar/laz/1834_5192.laz,235,"MULTIPOLYGON (((833891.3351773792 6536493.003805203, 833891.1469627959 6537492.183528593, 834890.3259992381 6537492.372460399, 834890.5156179541 6536493.192706701, 833891.3351773792 6536493.003805203)))"
ima_gestion_images.imamnt2018laz1kmcc46.236,1834_5193,https://download.data.grandlyon.com/files/grandlyon/imagerie/mnt2018/lidar/laz/1834_5193.laz,236,"MULTIPOLYGON (((833891.1469609136 6537492.193520484, 833890.958716128 6538491.371839608, 834890.1363481984 6538491.560801734, 834890.3259973417 6537492.382452292, 833891.1469609136 6537492.193520484)))"
ima_gestion_images.imamnt2018laz1kmcc46.237,1834_5194,https://download.data.grandlyon.com/files/grandlyon/imagerie/mnt2018/lidar/laz/1834_5194.laz,237,"MULTIPOLYGON (((833890.9587142456 6538491.381831483, 833890.7704392483 6539490.558746118, 834889.9466667215 6539490.747738575, 834890.1363463018 6538491.570793608, 833890.9587142456 6538491.381831483)))"
ima_gestion_images.imamnt2018laz1kmcc46.238,1834_5195,https://download.data.grandlyon.com/files/grandlyon/imagerie/mnt2018/lidar/laz/1834_5195.laz,238,"MULTIPOLYGON (((833890.7704373654 6539490.568737982, 833890.5821321465 6540489.744247904, 834889.7569547971 6540489.933270697, 834889.9466648244 6539490.757730436, 833890.7704373654 6539490.568737982)))"
ima_gestion_images.imamnt2018laz1kmcc46.239,1834_5196,https://download.data.grandlyon.com/files/grandlyon/imagerie/mnt2018/lidar/laz/1834_5196.laz,239,"MULTIPOLYGON (((833890.5821302633 6540489.754239749, 833890.3937948133 6541488.928344729, 834889.567212416 6541489.117397871, 834889.7569528999 6540489.9432625435, 833890.5821302633 6540489.754239749)))"
ima_gestion_images.imamnt2018laz1kmcc46.240,1834_5197,https://download.data.grandlyon.com/files/grandlyon/imagerie/mnt2018/lidar/laz/1834_5197.laz,240,"MULTIPOLYGON (((833890.3937929296 6541488.938336565, 833890.2371561073 6542319.81879404, 834889.4094051428 6542320.007872428, 834889.5672105183 6541489.127389708, 833890.3937929296 6541488.938336565)))"
ima_gestion_images.imamnt2018laz1kmcc46.241,1835_5150,https://download.data.grandlyon.com/files/grandlyon/imagerie/mnt2018/lidar/laz/1835_5150.laz,241,"MULTIPOLYGON (((834898.4240605572 6494728.9957315335, 834898.2739796824 6495525.196841326, 835897.5118273222 6495525.385903333, 835897.6630195476 6494729.184769535, 834898.4240605572 6494728.9957315335)))"
ima_gestion_images.imamnt2018laz1kmcc46.242,1835_5151,https://download.data.grandlyon.com/files/grandlyon/imagerie/mnt2018/lidar/laz/1835_5151.laz,242,"MULTIPOLYGON (((834898.2739777986 6495525.206833801, 834898.0855982003 6496524.443968918, 835897.3220508732 6496524.633061063, 835897.5118254246 6495525.395895812, 834898.2739777986 6495525.206833801)))"
ima_gestion_images.imamnt2018laz1kmcc46.243,1835_5152,https://download.data.grandlyon.com/files/grandlyon/imagerie/mnt2018/lidar/laz/1835_5152.laz,243,"MULTIPOLYGON (((834898.0855963164 6496524.453961384, 834897.8971866888 6497523.6897014165, 835897.1322441725 6497523.878823706, 835897.3220489754 6496524.643053526, 834898.0855963164 6496524.453961384)))"
ima_gestion_images.imamnt2018laz1kmcc46.244,1835_5153,https://download.data.grandlyon.com/files/grandlyon/imagerie/mnt2018/lidar/laz/1835_5153.laz,244,"MULTIPOLYGON (((834897.8971848045 6497523.699693867, 834897.7087451383 6498522.934038595, 835896.9424072104 6498523.12319104, 835897.1322422742 6497523.888816156, 834897.8971848045 6497523.699693867)))"
ima_gestion_images.imamnt2018laz1kmcc46.245,1835_5154,https://download.data.grandlyon.com/files/grandlyon/imagerie/mnt2018/lidar/laz/1835_5154.laz,245,"MULTIPOLYGON (((834897.7087432536 6498522.944031032, 834897.5202735389 6499522.176980232, 835896.7525399772 6499522.366162842, 835896.9424053119 6498523.1331834765, 834897.7087432536 6498522.944031032)))"
ima_gestion_images.imamnt2018laz1kmcc46.246,1835_5155,https://download.data.grandlyon.com/files/grandlyon/imagerie/mnt2018/lidar/laz/1835_5155.laz,246,"MULTIPOLYGON (((834897.520271654 6499522.186972655, 834897.3317718812 6500521.418526104, 835896.5626424631 6500521.607738888, 835896.7525380782 6499522.376155265, 834897.520271654 6499522.186972655)))"
ima_gestion_images.imamnt2018laz1kmcc46.247,1835_5156,https://download.data.grandlyon.com/files/grandlyon/imagerie/mnt2018/lidar/laz/1835_5156.laz,247,"MULTIPOLYGON (((834897.331769996 6500521.428518513, 834897.1432401555 6501520.658675993, 835896.3727146587 6501520.847918958, 835896.562640564 6500521.617731296, 834897.331769996 6500521.428518513)))"
ima_gestion_images.imamnt2018laz1kmcc46.248,1835_5157,https://download.data.grandlyon.com/files/grandlyon/imagerie/mnt2018/lidar/laz/1835_5157.laz,248,"MULTIPOLYGON (((834897.14323827 6501520.668668387, 834896.9546783521 6502519.897429671, 835896.182756554 6502520.08670283, 835896.3727127592 6501520.857911354, 834897.14323827 6501520.668668387)))"
ima_gestion_images.imamnt2018laz1kmcc46.249,1835_5158,https://download.data.grandlyon.com/files/grandlyon/imagerie/mnt2018/lidar/laz/1835_5158.laz,249,"MULTIPOLYGON (((834896.9546764664 6502519.90742205, 834896.7660864615 6503519.134786918, 835895.9927681392 6503519.324090282, 835896.1827546542 6502520.096695212, 834896.9546764664 6502519.90742205)))"
ima_gestion_images.imamnt2018laz1kmcc46.250,1835_5159,https://download.data.grandlyon.com/files/grandlyon/imagerie/mnt2018/lidar/laz/1835_5159.laz,250,"MULTIPOLYGON (((834896.7660845754 6503519.144779284, 834896.577464474 6504518.37074751, 835895.802749405 6504518.560081085, 835895.9927662393 6503519.334082646, 834896.7660845754 6503519.144779284)))"
ima_gestion_images.imamnt2018laz1kmcc46.251,1835_5160,https://download.data.grandlyon.com/files/grandlyon/imagerie/mnt2018/lidar/laz/1835_5160.laz,251,"MULTIPOLYGON (((834896.5774625876 6504518.380739862, 834896.3888123799 6505517.605311224, 835895.6127003414 6505517.794675022, 835895.8027475046 6504518.570073439, 834896.5774625876 6504518.380739862)))"
ima_gestion_images.imamnt2018laz1kmcc46.252,1835_5161,https://download.data.grandlyon.com/files/grandlyon/imagerie/mnt2018/lidar/laz/1835_5161.laz,252,"MULTIPOLYGON (((834896.3888104933 6505517.615303562, 834896.2001301696 6506516.838477842, 835895.4226209386 6506517.027871872, 835895.6126984407 6505517.804667362, 834896.3888104933 6505517.615303562)))"
ima_gestion_images.imamnt2018laz1kmcc46.253,1835_5162,https://download.data.grandlyon.com/files/grandlyon/imagerie/mnt2018/lidar/laz/1835_5162.laz,253,"MULTIPOLYGON (((834896.2001282827 6506516.848470165, 834896.0114178336 6507516.070247132, 835895.2325111871 6507516.259671406, 835895.4226190378 6506517.037864195, 834896.2001282827 6506516.848470165)))"
ima_gestion_images.imamnt2018laz1kmcc46.254,1835_5163,https://download.data.grandlyon.com/files/grandlyon/imagerie/mnt2018/lidar/laz/1835_5163.laz,254,"MULTIPOLYGON (((834896.0114159462 6507516.080239445, 834895.8226753618 6508515.300618881, 835895.0423710771 6508515.490073404, 835895.2325092859 6507516.269663716, 834896.0114159462 6507516.080239445)))"
ima_gestion_images.imamnt2018laz1kmcc46.255,1835_5164,https://download.data.grandlyon.com/files/grandlyon/imagerie/mnt2018/lidar/laz/1835_5164.laz,255,"MULTIPOLYGON (((834895.8226734743 6508515.310611175, 834895.633902745 6509514.529592859, 835894.8522005987 6509514.719077645, 835895.0423691755 6508515.500065701, 834895.8226734743 6508515.310611175)))"
ima_gestion_images.imamnt2018laz1kmcc46.256,1835_5165,https://download.data.grandlyon.com/files/grandlyon/imagerie/mnt2018/lidar/laz/1835_5165.laz,256,"MULTIPOLYGON (((834895.6339008572 6509514.5395851405, 834895.4450999734 6510513.757168845, 835894.6619997424 6510513.946683901, 835894.8521986969 6509514.729069928, 834895.6339008572 6509514.5395851405)))"
ima_gestion_images.imamnt2018laz1kmcc46.257,1835_5166,https://download.data.grandlyon.com/files/grandlyon/imagerie/mnt2018/lidar/laz/1835_5166.laz,257,"MULTIPOLYGON (((834895.4450980851 6510513.767161114, 834895.2562670369 6511512.983346616, 835894.4717684983 6511513.172891954, 835894.6619978403 6510513.956676169, 834895.4450980851 6510513.767161114)))"
ima_gestion_images.imamnt2018laz1kmcc46.258,1835_5167,https://download.data.grandlyon.com/files/grandlyon/imagerie/mnt2018/lidar/laz/1835_5167.laz,258,"MULTIPOLYGON (((834895.2562651485 6511512.993338873, 834895.0674039265 6512512.20812595, 835894.2815068567 6512512.397701579, 835894.4717665957 6511513.18288421, 834895.2562651485 6511512.993338873)))"
ima_gestion_images.imamnt2018laz1kmcc46.259,1835_5168,https://download.data.grandlyon.com/files/grandlyon/imagerie/mnt2018/lidar/laz/1835_5168.laz,259,"MULTIPOLYGON (((834895.0674020377 6512512.218118189, 834894.878510632 6513511.431506623, 835894.0912148077 6513511.62111255, 835894.281504954 6512512.407693818, 834895.0674020377 6512512.218118189)))"
ima_gestion_images.imamnt2018laz1kmcc46.260,1835_5169,https://download.data.grandlyon.com/files/grandlyon/imagerie/mnt2018/lidar/laz/1835_5169.laz,260,"MULTIPOLYGON (((834894.8785087429 6513511.44149885, 834894.6895871441 6514510.653488407, 835893.9008923417 6514510.843124647, 835894.0912129047 6513511.631104776, 834894.8785087429 6513511.44149885)))"
ima_gestion_images.imamnt2018laz1kmcc46.261,1835_5170,https://download.data.grandlyon.com/files/grandlyon/imagerie/mnt2018/lidar/laz/1835_5170.laz,261,"MULTIPOLYGON (((834894.6895852548 6514510.663480622, 834894.5006334528 6515509.874071087, 835893.710539449 6515510.063737644, 835893.9008904384 6514510.85311686, 834894.6895852548 6514510.663480622)))"
ima_gestion_images.imamnt2018laz1kmcc46.262,1835_5171,https://download.data.grandlyon.com/files/grandlyon/imagerie/mnt2018/lidar/laz/1835_5171.laz,262,"MULTIPOLYGON (((834894.500631563 6515509.884063284, 834894.3116495485 6516509.09325443, 835893.5201561196 6516509.282951319, 835893.7105375453 6515510.073729842, 834894.500631563 6515509.884063284)))"
ima_gestion_images.imamnt2018laz1kmcc46.263,1835_5172,https://download.data.grandlyon.com/files/grandlyon/imagerie/mnt2018/lidar/laz/1835_5172.laz,263,"MULTIPOLYGON (((834894.3116476585 6516509.103246616, 834894.1226354213 6517508.311038224, 835893.3297423439 6517508.5007654475, 835893.5201542156 6516509.292943504, 834894.3116476585 6516509.103246616)))"
ima_gestion_images.imamnt2018laz1kmcc46.264,1835_5173,https://download.data.grandlyon.com/files/grandlyon/imagerie/mnt2018/lidar/laz/1835_5173.laz,264,"MULTIPOLYGON (((834894.1226335311 6517508.321030392, 834893.9335910621 6518507.527422232, 835893.139298112 6518507.717179808, 835893.3297404395 6517508.510757619, 834894.1226335311 6517508.321030392)))"
ima_gestion_images.imamnt2018laz1kmcc46.265,1835_5174,https://download.data.grandlyon.com/files/grandlyon/imagerie/mnt2018/lidar/laz/1835_5174.laz,265,"MULTIPOLYGON (((834893.9335891714 6518507.537414389, 834893.7445164605 6519506.742406239, 835892.9488234143 6519506.932194172, 835893.1392962073 6518507.727171963, 834893.9335891714 6518507.537414389)))"
ima_gestion_images.imamnt2018laz1kmcc46.266,1835_5175,https://download.data.grandlyon.com/files/grandlyon/imagerie/mnt2018/lidar/laz/1835_5175.laz,266,"MULTIPOLYGON (((834893.7445145695 6519506.752398383, 834893.5554116071 6520505.955990019, 835892.7583182408 6520506.1458083205, 835892.9488215094 6519506.942186315, 834893.7445145695 6519506.752398383)))"
ima_gestion_images.imamnt2018laz1kmcc46.267,1835_5176,https://download.data.grandlyon.com/files/grandlyon/imagerie/mnt2018/lidar/laz/1835_5176.laz,267,"MULTIPOLYGON (((834893.555409716 6520505.9659821475, 834893.3662764921 6521505.168173349, 835892.5677825818 6521505.358022027, 835892.7583163356 6520506.155800449, 834893.555409716 6520505.9659821475)))"
ima_gestion_images.imamnt2018laz1kmcc46.268,1835_5177,https://download.data.grandlyon.com/files/grandlyon/imagerie/mnt2018/lidar/laz/1835_5177.laz,268,"MULTIPOLYGON (((834893.3662746006 6521505.178165465, 834893.177111106 6522504.378956003, 835892.3772164276 6522504.5688350685, 835892.5677806762 6521505.368014143, 834893.3662746006 6521505.178165465)))"
ima_gestion_images.imamnt2018laz1kmcc46.269,1835_5178,https://download.data.grandlyon.com/files/grandlyon/imagerie/mnt2018/lidar/laz/1835_5178.laz,269,"MULTIPOLYGON (((834893.1771092141 6522504.3889481025, 834892.9879154387 6523503.5883377595, 835892.186619768 6523503.778247223, 835892.3772145216 6522504.5788271725, 834893.1771092141 6522504.3889481025)))"
ima_gestion_images.imamnt2018laz1kmcc46.270,1835_5179,https://download.data.grandlyon.com/files/grandlyon/imagerie/mnt2018/lidar/laz/1835_5179.laz,270,"MULTIPOLYGON (((834892.9879135466 6523503.598329846, 834892.7986894806 6524502.796318392, 835891.9959925937 6524502.986258265, 835892.186617862 6523503.7882393105, 834892.9879135466 6523503.598329846)))"
ima_gestion_images.imamnt2018laz1kmcc46.271,1835_5180,https://download.data.grandlyon.com/files/grandlyon/imagerie/mnt2018/lidar/laz/1835_5180.laz,271,"MULTIPOLYGON (((834892.7986875883 6524502.806310463, 834892.6094332222 6525502.002897675, 835891.8053348947 6525502.192867965, 835891.9959906873 6524502.996250339, 834892.7986875883 6524502.806310463)))"
ima_gestion_images.imamnt2018laz1kmcc46.272,1835_5181,https://download.data.grandlyon.com/files/grandlyon/imagerie/mnt2018/lidar/laz/1835_5181.laz,272,"MULTIPOLYGON (((834892.6094313294 6525502.0128897345, 834892.4201466534 6526501.20807539, 835891.6146466611 6526501.398076106, 835891.8053329879 6525502.202860025, 834892.6094313294 6525502.0128897345)))"
ima_gestion_images.imamnt2018laz1kmcc46.273,1835_5182,https://download.data.grandlyon.com/files/grandlyon/imagerie/mnt2018/lidar/laz/1835_5182.laz,273,"MULTIPOLYGON (((834892.4201447604 6526501.218067435, 834892.2308297647 6527500.4118513055, 835891.423927883 6527500.60188246, 835891.614644754 6526501.40806815, 834892.4201447604 6526501.218067435)))"
ima_gestion_images.imamnt2018laz1kmcc46.274,1835_5183,https://download.data.grandlyon.com/files/grandlyon/imagerie/mnt2018/lidar/laz/1835_5183.laz,274,"MULTIPOLYGON (((834892.2308278714 6527500.421843338, 834892.0414825461 6528499.614225202, 835891.2331785508 6528499.804286804, 835891.4239259758 6527500.61187449, 834892.2308278714 6527500.421843338)))"
ima_gestion_images.imamnt2018laz1kmcc46.275,1835_5184,https://download.data.grandlyon.com/files/grandlyon/imagerie/mnt2018/lidar/laz/1835_5184.laz,275,"MULTIPOLYGON (((834892.0414806525 6528499.624217221, 834891.8521049881 6529498.815196856, 835891.0423986546 6529499.005288911, 835891.2331766431 6528499.8142788205, 834892.0414806525 6528499.624217221)))"
ima_gestion_images.imamnt2018laz1kmcc46.276,1835_5185,https://download.data.grandlyon.com/files/grandlyon/imagerie/mnt2018/lidar/laz/1835_5185.laz,276,"MULTIPOLYGON (((834891.8521030943 6529498.825188857, 834891.6626970808 6530498.014766039, 835890.8515881845 6530498.204888562, 835891.0423967467 6529499.015280915, 834891.8521030943 6529498.825188857)))"
ima_gestion_images.imamnt2018laz1kmcc46.277,1835_5186,https://download.data.grandlyon.com/files/grandlyon/imagerie/mnt2018/lidar/laz/1835_5186.laz,277,"MULTIPOLYGON (((834891.6626951867 6530498.024758026, 834891.4732588144 6531497.212932527, 835890.6607471306 6531497.403085526, 835890.8515862762 6530498.21488055, 834891.6626951867 6530498.024758026)))"
ima_gestion_images.imamnt2018laz1kmcc46.278,1835_5187,https://download.data.grandlyon.com/files/grandlyon/imagerie/mnt2018/lidar/laz/1835_5187.laz,278,"MULTIPOLYGON (((834891.4732569199 6531497.222924502, 834891.2837901793 6532496.4096960975, 835890.4698754833 6532496.599879582, 835890.6607452221 6531497.413077502, 834891.4732569199 6531497.222924502)))"
ima_gestion_images.imamnt2018laz1kmcc46.279,1835_5188,https://download.data.grandlyon.com/files/grandlyon/imagerie/mnt2018/lidar/laz/1835_5188.laz,279,"MULTIPOLYGON (((834891.2837882845 6532496.419688057, 834891.0942911655 6533495.605056523, 835890.2789732325 6533495.795270504, 835890.4698735746 6532496.609871542, 834891.2837882845 6532496.419688057)))"
ima_gestion_images.imamnt2018laz1kmcc46.280,1835_5189,https://download.data.grandlyon.com/files/grandlyon/imagerie/mnt2018/lidar/laz/1835_5189.laz,280,"MULTIPOLYGON (((834891.0942892705 6533495.615048469, 834890.9047617633 6534494.799013581, 835890.0880403684 6534494.989258068, 835890.2789713233 6533495.80526245, 834891.0942892705 6533495.615048469)))"
ima_gestion_images.imamnt2018laz1kmcc46.281,1835_5190,https://download.data.grandlyon.com/files/grandlyon/imagerie/mnt2018/lidar/laz/1835_5190.laz,281,"MULTIPOLYGON (((834890.9047598678 6534494.809005513, 834890.715201963 6535493.991567047, 835889.8970768814 6535494.181842047, 835890.088038459 6534494.9992499985, 834890.9047598678 6534494.809005513)))"
ima_gestion_images.imamnt2018laz1kmcc46.282,1835_5191,https://download.data.grandlyon.com/files/grandlyon/imagerie/mnt2018/lidar/laz/1835_5191.laz,282,"MULTIPOLYGON (((834890.7152000671 6535494.001558964, 834890.5256117546 6536493.182716692, 835889.706082761 6536493.373022217, 835889.8970749715 6535494.191833965, 834890.7152000671 6535494.001558964)))"
ima_gestion_images.imamnt2018laz1kmcc46.283,1835_5192,https://download.data.grandlyon.com/files/grandlyon/imagerie/mnt2018/lidar/laz/1835_5192.laz,283,"MULTIPOLYGON (((834890.5256098586 6536493.192708597, 834890.3359911285 6537492.372462296, 835889.515057998 6537492.562798357, 835889.7060808509 6536493.383014123, 834890.5256098586 6536493.192708597)))"
ima_gestion_images.imamnt2018laz1kmcc46.284,1835_5193,https://download.data.grandlyon.com/files/grandlyon/imagerie/mnt2018/lidar/laz/1835_5193.laz,284,"MULTIPOLYGON (((834890.3359892322 6537492.382454187, 834890.1463400748 6538491.560803629, 835889.3240025821 6538491.751170237, 835889.5150560876 6537492.572790247, 834890.3359892322 6537492.382454187)))"
ima_gestion_images.imamnt2018laz1kmcc46.285,1835_5194,https://download.data.grandlyon.com/files/grandlyon/imagerie/mnt2018/lidar/laz/1835_5194.laz,285,"MULTIPOLYGON (((834890.1463381781 6538491.570795508, 834889.9566585838 6539490.74774047, 835889.1329165037 6539490.938137632, 835889.3240006715 6538491.76116211, 834890.1463381781 6538491.570795508)))"
ima_gestion_images.imamnt2018laz1kmcc46.286,1835_5195,https://download.data.grandlyon.com/files/grandlyon/imagerie/mnt2018/lidar/laz/1835_5195.laz,286,"MULTIPOLYGON (((834889.9566566867 6539490.757732333, 834889.7669466455 6540489.933272594, 835888.9417997526 6540490.123700319, 835889.1329145926 6539490.948129496, 834889.9566566867 6539490.757732333)))"
ima_gestion_images.imamnt2018laz1kmcc46.287,1835_5196,https://download.data.grandlyon.com/files/grandlyon/imagerie/mnt2018/lidar/laz/1835_5196.laz,287,"MULTIPOLYGON (((834889.7669447481 6540489.943264441, 834889.5772042503 6541489.117399769, 835888.7506523194 6541489.307858068, 835888.9417978415 6540490.133692166, 834889.7669447481 6540489.943264441)))"
ima_gestion_images.imamnt2018laz1kmcc46.288,1835_5197,https://download.data.grandlyon.com/files/grandlyon/imagerie/mnt2018/lidar/laz/1835_5197.laz,288,"MULTIPOLYGON (((834889.5772023526 6541489.127391605, 834889.4206761017 6542313.273385888, 835888.5929650837 6542313.463869412, 835888.7506504077 6541489.317849903, 834889.5772023526 6541489.127391605)))"
ima_gestion_images.imamnt2018laz1kmcc46.289,1836_5150,https://download.data.grandlyon.com/files/grandlyon/imagerie/mnt2018/lidar/laz/1836_5150.laz,289,"MULTIPOLYGON (((835897.6744654236 6494721.53052431, 835897.5218198006 6495525.385905232, 836896.7596976822 6495525.57636209, 836896.9134653313 6494721.720956753, 835897.6744654236 6494721.53052431)))"
ima_gestion_images.imamnt2018laz1kmcc46.290,1836_5151,https://download.data.grandlyon.com/files/grandlyon/imagerie/mnt2018/lidar/laz/1836_5151.laz,290,"MULTIPOLYGON (((835897.521817903 6495525.39589771, 835897.3320433378 6496524.63306296, 836896.568526262 6496524.82355018, 836896.7596957707 6495525.5863545695, 835897.521817903 6495525.39589771)))"
ima_gestion_images.imamnt2018laz1kmcc46.291,1836_5152,https://download.data.grandlyon.com/files/grandlyon/imagerie/mnt2018/lidar/laz/1836_5152.laz,291,"MULTIPOLYGON (((835897.3320414398 6496524.643055426, 835897.1422366231 6497523.878825603, 836896.3773243679 6497524.06934319, 836896.5685243502 6496524.833542642, 835897.3320414398 6496524.643055426)))"
ima_gestion_images.imamnt2018laz1kmcc46.292,1836_5153,https://download.data.grandlyon.com/files/grandlyon/imagerie/mnt2018/lidar/laz/1836_5153.laz,292,"MULTIPOLYGON (((835897.142234725 6497523.8888180535, 835896.9523996471 6498523.123192937, 836896.1860919901 6498523.313740899, 836896.3773224558 6497524.079335639, 835897.142234725 6497523.8888180535)))"
ima_gestion_images.imamnt2018laz1kmcc46.293,1836_5154,https://download.data.grandlyon.com/files/grandlyon/imagerie/mnt2018/lidar/laz/1836_5154.laz,293,"MULTIPOLYGON (((835896.9523977486 6498523.133185374, 835896.7625324 6499522.366164739, 836895.9948291187 6499522.556743088, 836896.1860900775 6498523.323733337, 835896.9523977486 6498523.133185374)))"
ima_gestion_images.imamnt2018laz1kmcc46.294,1836_5155,https://download.data.grandlyon.com/files/grandlyon/imagerie/mnt2018/lidar/laz/1836_5155.laz,294,"MULTIPOLYGON (((835896.7625305011 6499522.376157162, 835896.5726348719 6500521.607740788, 836895.8035357442 6500521.798349531, 836895.994827206 6499522.56673551, 835896.7625305011 6499522.376157162)))"
ima_gestion_images.imamnt2018laz1kmcc46.295,1836_5156,https://download.data.grandlyon.com/files/grandlyon/imagerie/mnt2018/lidar/laz/1836_5156.laz,295,"MULTIPOLYGON (((835896.5726329727 6500521.617733197, 835896.3827070536 6501520.847920858, 836895.6122118566 6501521.03856001, 836895.8035338311 6500521.808341941, 835896.5726329727 6500521.617733197)))"
ima_gestion_images.imamnt2018laz1kmcc46.296,1836_5157,https://download.data.grandlyon.com/files/grandlyon/imagerie/mnt2018/lidar/laz/1836_5157.laz,296,"MULTIPOLYGON (((835896.382705154 6501520.857913253, 835896.1927489347 6502520.08670473, 836895.4208574463 6502520.277374297, 836895.6122099431 6501521.048552405, 835896.382705154 6501520.857913253)))"
ima_gestion_images.imamnt2018laz1kmcc46.297,1836_5158,https://download.data.grandlyon.com/files/grandlyon/imagerie/mnt2018/lidar/laz/1836_5158.laz,297,"MULTIPOLYGON (((835896.1927470351 6502520.096697111, 835896.0027605061 6503519.32409218, 836895.2294725033 6503519.514792173, 836895.4208555325 6502520.287366679, 835896.1927470351 6502520.096697111)))"
ima_gestion_images.imamnt2018laz1kmcc46.298,1836_5159,https://download.data.grandlyon.com/files/grandlyon/imagerie/mnt2018/lidar/laz/1836_5159.laz,298,"MULTIPOLYGON (((835896.0027586062 6503519.334084545, 835895.812741758 6504518.560082986, 836895.0380570181 6504518.750813414, 836895.2294705893 6503519.524784541, 835896.0027586062 6503519.334084545)))"
ima_gestion_images.imamnt2018laz1kmcc46.299,1836_5160,https://download.data.grandlyon.com/files/grandlyon/imagerie/mnt2018/lidar/laz/1836_5160.laz,299,"MULTIPOLYGON (((835895.8127398577 6504518.57007534, 835895.6226926803 6505517.794676925, 836894.8466109806 6505517.985437797, 836895.0380551036 6504518.760805769, 835895.8127398577 6504518.57007534)))"
ima_gestion_images.imamnt2018laz1kmcc46.300,1836_5161,https://download.data.grandlyon.com/files/grandlyon/imagerie/mnt2018/lidar/laz/1836_5161.laz,300,"MULTIPOLYGON (((835895.6226907797 6505517.804669262, 835895.4326132636 6506517.027873772, 836894.6551343813 6506517.2186651, 836894.846609066 6505517.995430137, 835895.6226907797 6505517.804669262)))"
ima_gestion_images.imamnt2018laz1kmcc46.301,1836_5162,https://download.data.grandlyon.com/files/grandlyon/imagerie/mnt2018/lidar/laz/1836_5162.laz,301,"MULTIPOLYGON (((835895.4326113628 6506517.037866098, 835895.2425034982 6507516.259673308, 836894.46362721 6507516.4504951015, 836894.6551324662 6506517.228657427, 835895.4326113628 6506517.037866098)))"
ima_gestion_images.imamnt2018laz1kmcc46.302,1836_5163,https://download.data.grandlyon.com/files/grandlyon/imagerie/mnt2018/lidar/laz/1836_5163.laz,302,"MULTIPOLYGON (((835895.2425015969 6507516.2696656175, 835895.0523633742 6508515.490075306, 836894.2720894574 6508515.680927576, 836894.4636252949 6507516.460487412, 835895.2425015969 6507516.2696656175)))"
ima_gestion_images.imamnt2018laz1kmcc46.303,1836_5164,https://download.data.grandlyon.com/files/grandlyon/imagerie/mnt2018/lidar/laz/1836_5164.laz,303,"MULTIPOLYGON (((835895.0523614725 6508515.500067602, 835894.8621928818 6509514.719079546, 836894.0805211134 6509514.909962299, 836894.2720875419 6508515.690919873, 835895.0523614725 6508515.500067602)))"
ima_gestion_images.imamnt2018laz1kmcc46.304,1836_5165,https://download.data.grandlyon.com/files/grandlyon/imagerie/mnt2018/lidar/laz/1836_5165.laz,304,"MULTIPOLYGON (((835894.86219098 6509514.729071829, 835894.6719920115 6510513.946685804, 836893.8889221681 6510514.137599052, 836894.0805191975 6509514.919954581, 835894.86219098 6509514.729071829)))"
ima_gestion_images.imamnt2018laz1kmcc46.305,1836_5166,https://download.data.grandlyon.com/files/grandlyon/imagerie/mnt2018/lidar/laz/1836_5166.laz,305,"MULTIPOLYGON (((835894.6719901094 6510513.956678072, 835894.4817607533 6511513.172893858, 836893.6972926119 6511513.363837608, 836893.888920252 6510514.147591321, 835894.6719901094 6510513.956678072)))"
ima_gestion_images.imamnt2018laz1kmcc46.306,1836_5167,https://download.data.grandlyon.com/files/grandlyon/imagerie/mnt2018/lidar/laz/1836_5167.laz,306,"MULTIPOLYGON (((835894.481758851 6511513.182886112, 835894.2914990977 6512512.397703479, 836893.505632435 6512512.588677745, 836893.6972906955 6511513.373829861, 835894.481758851 6511513.182886112)))"
ima_gestion_images.imamnt2018laz1kmcc46.307,1836_5168,https://download.data.grandlyon.com/files/grandlyon/imagerie/mnt2018/lidar/laz/1836_5168.laz,307,"MULTIPOLYGON (((835894.2914971949 6512512.407695722, 835894.1012070349 6513511.621114451, 836893.3139416273 6513511.81211924, 836893.5056305181 6512512.598669988, 835894.2914971949 6512512.407695722)))"
ima_gestion_images.imamnt2018laz1kmcc46.308,1836_5169,https://download.data.grandlyon.com/files/grandlyon/imagerie/mnt2018/lidar/laz/1836_5169.laz,308,"MULTIPOLYGON (((835894.1012051317 6513511.631106678, 835893.9108845547 6514510.843126549, 836893.1222201791 6514511.03416187, 836893.3139397101 6513511.822111468, 835894.1012051317 6513511.631106678)))"
ima_gestion_images.imamnt2018laz1kmcc46.309,1836_5170,https://download.data.grandlyon.com/files/grandlyon/imagerie/mnt2018/lidar/laz/1836_5170.laz,309,"MULTIPOLYGON (((835893.9108826515 6514510.853118762, 835893.7205316481 6515510.063739545, 836892.9304680806 6515510.254805412, 836893.1222182617 6514511.044154083, 835893.9108826515 6514510.853118762)))"
ima_gestion_images.imamnt2018laz1kmcc46.310,1836_5171,https://download.data.grandlyon.com/files/grandlyon/imagerie/mnt2018/lidar/laz/1836_5171.laz,310,"MULTIPOLYGON (((835893.7205297444 6515510.073731745, 835893.5301483048 6516509.282953223, 836892.7386853219 6516509.474049642, 836892.930466163 6515510.264797611, 835893.7205297444 6515510.073731745)))"
ima_gestion_images.imamnt2018laz1kmcc46.311,1836_5172,https://download.data.grandlyon.com/files/grandlyon/imagerie/mnt2018/lidar/laz/1836_5172.laz,311,"MULTIPOLYGON (((835893.5301464007 6516509.292945408, 835893.3397345151 6517508.50076735, 836892.5468718932 6517508.691894333, 836892.7386834039 6516509.484041825, 835893.5301464007 6516509.292945408)))"
ima_gestion_images.imamnt2018laz1kmcc46.312,1836_5173,https://download.data.grandlyon.com/files/grandlyon/imagerie/mnt2018/lidar/laz/1836_5173.laz,312,"MULTIPOLYGON (((835893.3397326107 6517508.510759521, 835893.1492902692 6518507.71718171, 836892.3550277848 6518507.908339266, 836892.546869975 6517508.701886504, 835893.3397326107 6517508.510759521)))"
ima_gestion_images.imamnt2018laz1kmcc46.313,1836_5174,https://download.data.grandlyon.com/files/grandlyon/imagerie/mnt2018/lidar/laz/1836_5174.laz,313,"MULTIPOLYGON (((835893.1492883646 6518507.727173868, 835892.9588155574 6519506.932196077, 836892.1631529866 6519507.123384213, 836892.3550258662 6518507.91833142, 835893.1492883646 6518507.727173868)))"
ima_gestion_images.imamnt2018laz1kmcc46.314,1836_5175,https://download.data.grandlyon.com/files/grandlyon/imagerie/mnt2018/lidar/laz/1836_5175.laz,314,"MULTIPOLYGON (((835892.9588136525 6519506.942188219, 835892.7683103699 6520506.145810225, 836891.9712474887 6520506.337028955, 836892.1631510676 6519507.133376358, 835892.9588136525 6519506.942188219)))"
ima_gestion_images.imamnt2018laz1kmcc46.315,1836_5176,https://download.data.grandlyon.com/files/grandlyon/imagerie/mnt2018/lidar/laz/1836_5176.laz,315,"MULTIPOLYGON (((835892.7683084647 6520506.155802356, 835892.5777746969 6521505.358023934, 836891.7793112814 6521505.5492732655, 836891.9712455695 6520506.347021082, 835892.7683084647 6520506.155802356)))"
ima_gestion_images.imamnt2018laz1kmcc46.316,1836_5177,https://download.data.grandlyon.com/files/grandlyon/imagerie/mnt2018/lidar/laz/1836_5177.laz,316,"MULTIPOLYGON (((835892.5777727914 6521505.368016048, 835892.3872085286 6522504.568836976, 836891.587344355 6522504.760116918, 836891.7793093619 6521505.55926538, 835892.5777727914 6521505.368016048)))"
ima_gestion_images.imamnt2018laz1kmcc46.317,1836_5178,https://download.data.grandlyon.com/files/grandlyon/imagerie/mnt2018/lidar/laz/1836_5178.laz,317,"MULTIPOLYGON (((835892.3872066229 6522504.578829076, 835892.1966118552 6523503.778249129, 836891.395346699 6523503.969559695, 836891.587342435 6522504.77010902, 835892.3872066229 6522504.578829076)))"
ima_gestion_images.imamnt2018laz1kmcc46.318,1836_5179,https://download.data.grandlyon.com/files/grandlyon/imagerie/mnt2018/lidar/laz/1836_5179.laz,318,"MULTIPOLYGON (((835892.196609949 6523503.788241216, 835892.0059846668 6524502.98626017, 836891.2033183043 6524503.177601365, 836891.3953447789 6523503.979551782, 835892.196609949 6523503.788241216)))"
ima_gestion_images.imamnt2018laz1kmcc46.319,1836_5180,https://download.data.grandlyon.com/files/grandlyon/imagerie/mnt2018/lidar/laz/1836_5180.laz,319,"MULTIPOLYGON (((835892.0059827603 6524502.9962522425, 835891.8153269539 6525502.19286987, 836891.0112591605 6525502.3842417095, 836891.2033163838 6524503.1875934405, 835892.0059827603 6524502.9962522425)))"
ima_gestion_images.imamnt2018laz1kmcc46.320,1836_5181,https://download.data.grandlyon.com/files/grandlyon/imagerie/mnt2018/lidar/laz/1836_5181.laz,320,"MULTIPOLYGON (((835891.815325047 6525502.202861931, 835891.6246387061 6526501.398078013, 836890.8191692578 6526501.589480501, 836891.0112572397 6525502.394233769, 835891.815325047 6525502.202861931)))"
ima_gestion_images.imamnt2018laz1kmcc46.321,1836_5182,https://download.data.grandlyon.com/files/grandlyon/imagerie/mnt2018/lidar/laz/1836_5182.laz,321,"MULTIPOLYGON (((835891.6246367991 6526501.408070059, 835891.4339199142 6527500.601884366, 836890.6270485864 6527500.793317517, 836890.8191673367 6526501.599472547, 835891.6246367991 6526501.408070059)))"
ima_gestion_images.imamnt2018laz1kmcc46.322,1836_5183,https://download.data.grandlyon.com/files/grandlyon/imagerie/mnt2018/lidar/laz/1836_5183.laz,322,"MULTIPOLYGON (((835891.4339180067 6527500.611876397, 835891.2431705679 6528499.80428871, 836890.4348971363 6528499.995752531, 836890.627046665 6527500.803309549, 835891.4339180067 6527500.611876397)))"
ima_gestion_images.imamnt2018laz1kmcc46.323,1836_5184,https://download.data.grandlyon.com/files/grandlyon/imagerie/mnt2018/lidar/laz/1836_5184.laz,323,"MULTIPOLYGON (((835891.2431686602 6528499.814280727, 835891.0523906576 6529499.00529082, 836890.2427148977 6529499.196785321, 836890.4348952146 6528500.005744549, 835891.2431686602 6528499.814280727)))"
ima_gestion_images.imamnt2018laz1kmcc46.324,1836_5185,https://download.data.grandlyon.com/files/grandlyon/imagerie/mnt2018/lidar/laz/1836_5185.laz,324,"MULTIPOLYGON (((835891.0523887497 6529499.015282823, 835890.8615801735 6530498.204890469, 836890.0505018607 6530498.396415661, 836890.2427129757 6529499.206777326, 835891.0523887497 6529499.015282823)))"
ima_gestion_images.imamnt2018laz1kmcc46.325,1836_5186,https://download.data.grandlyon.com/files/grandlyon/imagerie/mnt2018/lidar/laz/1836_5186.laz,325,"MULTIPOLYGON (((835890.8615782652 6530498.2148824595, 835890.6707391057 6531497.403087433, 836889.858258015 6531497.594643329, 836890.0504999384 6530498.40640765, 835890.8615782652 6530498.2148824595)))"
ima_gestion_images.imamnt2018laz1kmcc46.326,1836_5187,https://download.data.grandlyon.com/files/grandlyon/imagerie/mnt2018/lidar/laz/1836_5187.laz,326,"MULTIPOLYGON (((835890.6707371972 6531497.413079411, 835890.4798674443 6532496.599881491, 836889.6659833514 6532496.791468094, 836889.8582560925 6531497.604635303, 835890.6707371972 6531497.413079411)))"
ima_gestion_images.imamnt2018laz1kmcc46.327,1836_5188,https://download.data.grandlyon.com/files/grandlyon/imagerie/mnt2018/lidar/laz/1836_5188.laz,327,"MULTIPOLYGON (((835890.4798655354 6532496.609873451, 835890.2889651794 6533495.795272413, 836889.4736778594 6533495.986889737, 836889.6659814286 6532496.801460055, 835890.4798655354 6532496.609873451)))"
ima_gestion_images.imamnt2018laz1kmcc46.328,1836_5189,https://download.data.grandlyon.com/files/grandlyon/imagerie/mnt2018/lidar/laz/1836_5189.laz,328,"MULTIPOLYGON (((835890.2889632701 6533495.805264358, 835890.0980323013 6534494.989259975, 836889.2813415293 6534495.180908031, 836889.4736759362 6533495.996881684, 835890.2889632701 6533495.805264358)))"
ima_gestion_images.imamnt2018laz1kmcc46.329,1836_5190,https://download.data.grandlyon.com/files/grandlyon/imagerie/mnt2018/lidar/laz/1836_5190.laz,329,"MULTIPOLYGON (((835890.0980303918 6534494.99925191, 835889.9070688001 6535494.181843957, 836889.0889743511 6535494.373522752, 836889.2813396057 6534495.190899964, 835890.0980303918 6534494.99925191)))"
ima_gestion_images.imamnt2018laz1kmcc46.330,1836_5191,https://download.data.grandlyon.com/files/grandlyon/imagerie/mnt2018/lidar/laz/1836_5191.laz,330,"MULTIPOLYGON (((835889.9070668903 6535494.191835877, 835889.7160746658 6536493.373024129, 836888.8965763148 6536493.564733674, 836889.0889724272 6535494.3835146725, 835889.9070668903 6535494.191835877)))"
ima_gestion_images.imamnt2018laz1kmcc46.331,1836_5192,https://download.data.grandlyon.com/files/grandlyon/imagerie/mnt2018/lidar/laz/1836_5192.laz,331,"MULTIPOLYGON (((835889.7160727556 6536493.383016034, 835889.5250498886 6537492.562800269, 836888.7041474106 6537492.754540573, 836888.8965743907 6536493.574725579, 835889.7160727556 6536493.383016034)))"
ima_gestion_images.imamnt2018laz1kmcc46.332,1836_5193,https://download.data.grandlyon.com/files/grandlyon/imagerie/mnt2018/lidar/laz/1836_5193.laz,332,"MULTIPOLYGON (((835889.5250479783 6537492.5727921575, 835889.3339944589 6538491.751172147, 836888.5116876285 6538491.942943222, 836888.7041454862 6537492.764532463, 835889.5250479783 6537492.5727921575)))"
ima_gestion_images.imamnt2018laz1kmcc46.333,1836_5194,https://download.data.grandlyon.com/files/grandlyon/imagerie/mnt2018/lidar/laz/1836_5194.laz,333,"MULTIPOLYGON (((835889.3339925482 6538491.7611640245, 835889.1429083663 6539490.938139544, 836888.3191969586 6539491.129941398, 836888.5116857038 6538491.952935099, 835889.3339925482 6538491.7611640245)))"
ima_gestion_images.imamnt2018laz1kmcc46.334,1836_5195,https://download.data.grandlyon.com/files/grandlyon/imagerie/mnt2018/lidar/laz/1836_5195.laz,334,"MULTIPOLYGON (((835889.1429064553 6539490.948131405, 835888.9517916014 6540490.123702228, 836888.1266753908 6540490.315534875, 836888.3191950334 6539491.13993326, 835889.1429064553 6539490.948131405)))"
ima_gestion_images.imamnt2018laz1kmcc46.335,1836_5196,https://download.data.grandlyon.com/files/grandlyon/imagerie/mnt2018/lidar/laz/1836_5196.laz,335,"MULTIPOLYGON (((835888.95178969 6540490.133694077, 835888.7606441539 6541489.3078599805, 836887.9341229151 6541489.499723426, 836888.1266734654 6540490.325526722, 835888.95178969 6540490.133694077)))"
ima_gestion_images.imamnt2018laz1kmcc46.336,1836_5197,https://download.data.grandlyon.com/files/grandlyon/imagerie/mnt2018/lidar/laz/1836_5197.laz,336,"MULTIPOLYGON (((835888.7606422423 6541489.317851816, 835888.6115718118 6542268.440715634, 836887.7839548178 6542268.632603102, 836887.9341209894 6541489.509715261, 835888.7606422423 6541489.317851816)))"
ima_gestion_images.imamnt2018laz1kmcc46.337,1837_5150,https://download.data.grandlyon.com/files/grandlyon/imagerie/mnt2018/lidar/laz/1837_5150.laz,337,"MULTIPOLYGON (((836896.9109634772 6494787.041863312, 836896.769690161 6495525.576364002, 837896.0075985065 6495525.768215703, 837896.1499026717 6494787.233692416, 836896.9109634772 6494787.041863312)))"
ima_gestion_images.imamnt2018laz1kmcc46.338,1837_5151,https://download.data.grandlyon.com/files/grandlyon/imagerie/mnt2018/lidar/laz/1837_5151.laz,338,"MULTIPOLYGON (((836896.7696882494 6495525.586356481, 836896.5785187269 6496524.823552089, 837895.8150321249 6496525.015434371, 837896.007596581 6495525.778208181, 836896.7696882494 6495525.586356481)))"
ima_gestion_images.imamnt2018laz1kmcc46.339,1837_5152,https://download.data.grandlyon.com/files/grandlyon/imagerie/mnt2018/lidar/laz/1837_5152.laz,339,"MULTIPOLYGON (((836896.5785168151 6496524.833544553, 836896.3873168188 6497524.069345102, 837895.6224350471 6497524.261257971, 837895.815030199 6496525.025426837, 836896.5785168151 6496524.833544553)))"
ima_gestion_images.imamnt2018laz1kmcc46.340,1837_5153,https://download.data.grandlyon.com/files/grandlyon/imagerie/mnt2018/lidar/laz/1837_5153.laz,340,"MULTIPOLYGON (((836896.3873149067 6497524.079337552, 836896.1960844271 6498523.313742812, 837895.4298072632 6498523.505686283, 837895.6224331209 6497524.271250422, 836896.3873149067 6497524.079337552)))"
ima_gestion_images.imamnt2018laz1kmcc46.341,1837_5154,https://download.data.grandlyon.com/files/grandlyon/imagerie/mnt2018/lidar/laz/1837_5154.laz,341,"MULTIPOLYGON (((836896.1960825145 6498523.323735248, 836896.0048215417 6499522.556745001, 837895.2371487635 6499522.748719081, 837895.4298053368 6498523.515678719, 836896.1960825145 6498523.323735248)))"
ima_gestion_images.imamnt2018laz1kmcc46.342,1837_5155,https://download.data.grandlyon.com/files/grandlyon/imagerie/mnt2018/lidar/laz/1837_5155.laz,342,"MULTIPOLYGON (((836896.004819629 6499522.566737425, 836895.8135281533 6500521.798351446, 837895.0444595383 6500521.990356143, 837895.2371468368 6499522.758711502, 836896.004819629 6499522.566737425)))"
ima_gestion_images.imamnt2018laz1kmcc46.343,1837_5156,https://download.data.grandlyon.com/files/grandlyon/imagerie/mnt2018/lidar/laz/1837_5156.laz,343,"MULTIPOLYGON (((836895.8135262402 6500521.808343855, 836895.6222042517 6501521.038561923, 837894.8517395773 6501521.230597251, 837895.0444576112 6500522.000348555, 836895.8135262402 6500521.808343855)))"
ima_gestion_images.imamnt2018laz1kmcc46.344,1837_5157,https://download.data.grandlyon.com/files/grandlyon/imagerie/mnt2018/lidar/laz/1837_5157.laz,344,"MULTIPOLYGON (((836895.6222023384 6501521.04855432, 836895.4308498274 6502520.277376212, 837894.658988871 6502520.469442179, 837894.85173765 6501521.240589647, 836895.6222023384 6501521.04855432)))"
ima_gestion_images.imamnt2018laz1kmcc46.345,1837_5158,https://download.data.grandlyon.com/files/grandlyon/imagerie/mnt2018/lidar/laz/1837_5158.laz,345,"MULTIPOLYGON (((836895.4308479138 6502520.287368592, 836895.2394648704 6503519.514794088, 837894.4662074097 6503519.706890702, 837894.6589869435 6502520.479434558, 836895.4308479138 6502520.287368592)))"
ima_gestion_images.imamnt2018laz1kmcc46.346,1837_5159,https://download.data.grandlyon.com/files/grandlyon/imagerie/mnt2018/lidar/laz/1837_5159.laz,346,"MULTIPOLYGON (((836895.2394629564 6503519.524786456, 836895.0480493712 6504518.750815328, 837894.273395183 6504518.942942603, 837894.4662054817 6503519.716883068, 836895.2394629564 6503519.524786456)))"
ima_gestion_images.imamnt2018laz1kmcc46.347,1837_5160,https://download.data.grandlyon.com/files/grandlyon/imagerie/mnt2018/lidar/laz/1837_5160.laz,347,"MULTIPOLYGON (((836895.0480474569 6504518.760807684, 836894.8566033198 6505517.985439714, 837894.0805521817 6505518.177597652, 837894.273393255 6504518.952934953, 836895.0480474569 6504518.760807684)))"
ima_gestion_images.imamnt2018laz1kmcc46.348,1837_5161,https://download.data.grandlyon.com/files/grandlyon/imagerie/mnt2018/lidar/laz/1837_5161.laz,348,"MULTIPOLYGON (((836894.8566014052 6505517.995432052, 836894.6651267065 6506517.218667016, 837893.8876783955 6506517.410855635, 837894.0805502532 6505518.187589994, 836894.8566014052 6505517.995432052)))"
ima_gestion_images.imamnt2018laz1kmcc46.349,1837_5162,https://download.data.grandlyon.com/files/grandlyon/imagerie/mnt2018/lidar/laz/1837_5162.laz,349,"MULTIPOLYGON (((836894.6651247917 6506517.228659342, 836894.4736195214 6507516.450497016, 837893.6947738145 6507516.642716323, 837893.8876764665 6506517.420847961, 836894.6651247917 6506517.228659342)))"
ima_gestion_images.imamnt2018laz1kmcc46.350,1837_5163,https://download.data.grandlyon.com/files/grandlyon/imagerie/mnt2018/lidar/laz/1837_5163.laz,350,"MULTIPOLYGON (((836894.4736176061 6507516.460489327, 836894.2820817548 6508515.680929491, 837893.5018384289 6508515.873179495, 837893.6947718853 6507516.652708635, 836894.4736176061 6507516.460489327)))"
ima_gestion_images.imamnt2018laz1kmcc46.351,1837_5164,https://download.data.grandlyon.com/files/grandlyon/imagerie/mnt2018/lidar/laz/1837_5164.laz,351,"MULTIPOLYGON (((836894.2820798391 6508515.690921788, 836894.0905133967 6509514.909964214, 837893.3088722291 6509515.102244928, 837893.5018364995 6508515.883171792, 836894.2820798391 6508515.690921788)))"
ima_gestion_images.imamnt2018laz1kmcc46.352,1837_5165,https://download.data.grandlyon.com/files/grandlyon/imagerie/mnt2018/lidar/laz/1837_5165.laz,352,"MULTIPOLYGON (((836894.0905114808 6509514.919956499, 836893.8989144375 6510514.137600969, 837893.1158752048 6510514.329912397, 837893.3088702993 6509515.112237211, 836894.0905114808 6509514.919956499)))"
ima_gestion_images.imamnt2018laz1kmcc46.353,1837_5166,https://download.data.grandlyon.com/files/grandlyon/imagerie/mnt2018/lidar/laz/1837_5166.laz,353,"MULTIPOLYGON (((836893.8989125213 6510514.147593237, 836893.7072848673 6511513.363839526, 837892.9228473464 6511513.55618168, 837893.1158732746 6510514.339904665, 836893.8989125213 6510514.147593237)))"
ima_gestion_images.imamnt2018laz1kmcc46.354,1837_5167,https://download.data.grandlyon.com/files/grandlyon/imagerie/mnt2018/lidar/laz/1837_5167.laz,354,"MULTIPOLYGON (((836893.7072829509 6511513.373831779, 836893.5156246762 6512512.588679663, 837892.7297886438 6512512.781052556, 837892.9228454159 6511513.566173937, 836893.7072829509 6511513.373831779)))"
ima_gestion_images.imamnt2018laz1kmcc46.355,1837_5168,https://download.data.grandlyon.com/files/grandlyon/imagerie/mnt2018/lidar/laz/1837_5168.laz,355,"MULTIPOLYGON (((836893.5156227596 6512512.598671903, 836893.3239338546 6513511.812121159, 837892.5366990871 6513512.004524798, 837892.729786713 6512512.791044798, 836893.5156227596 6512512.598671903)))"
ima_gestion_images.imamnt2018laz1kmcc46.356,1837_5169,https://download.data.grandlyon.com/files/grandlyon/imagerie/mnt2018/lidar/laz/1837_5169.laz,356,"MULTIPOLYGON (((836893.3239319376 6513511.822113385, 836893.1322123925 6514511.034163789, 837892.3435786667 6514511.2265981855, 837892.536697156 6513512.014517028, 836893.3239319376 6513511.822113385)))"
ima_gestion_images.imamnt2018laz1kmcc46.357,1837_5170,https://download.data.grandlyon.com/files/grandlyon/imagerie/mnt2018/lidar/laz/1837_5170.laz,357,"MULTIPOLYGON (((836893.132210475 6514511.044156001, 836892.94046028 6515510.254807329, 837892.1504273723 6515510.447272494, 837892.3435767354 6514511.2365904, 836893.132210475 6514511.044156001)))"
ima_gestion_images.imamnt2018laz1kmcc46.358,1837_5171,https://download.data.grandlyon.com/files/grandlyon/imagerie/mnt2018/lidar/laz/1837_5171.laz,358,"MULTIPOLYGON (((836892.9404583623 6515510.264799528, 836892.7486775075 6516509.474051557, 837891.9572451944 6516509.666547499, 837892.1504254406 6515510.4572646925, 836892.9404583623 6515510.264799528)))"
ima_gestion_images.imamnt2018laz1kmcc46.359,1837_5172,https://download.data.grandlyon.com/files/grandlyon/imagerie/mnt2018/lidar/laz/1837_5172.laz,359,"MULTIPOLYGON (((836892.7486755894 6516509.484043743, 836892.5568640647 6517508.691896251, 837891.7640321226 6517508.884422977, 837891.9572432623 6516509.676539683, 836892.7486755894 6516509.484043743)))"
ima_gestion_images.imamnt2018laz1kmcc46.360,1837_5173,https://download.data.grandlyon.com/files/grandlyon/imagerie/mnt2018/lidar/laz/1837_5173.laz,360,"MULTIPOLYGON (((836892.5568621464 6517508.7018884225, 836892.3650199422 6518507.908341184, 837891.5707881473 6518508.100898707, 837891.7640301902 6517508.894415151, 836892.5568621464 6517508.7018884225)))"
ima_gestion_images.imamnt2018laz1kmcc46.361,1837_5174,https://download.data.grandlyon.com/files/grandlyon/imagerie/mnt2018/lidar/laz/1837_5174.laz,361,"MULTIPOLYGON (((836892.3650180236 6518507.91833334, 836892.1731451299 6519507.123386134, 837891.3775132585 6519507.315974462, 837891.5707862147 6518508.110890866, 836892.3650180236 6518507.91833334)))"
ima_gestion_images.imamnt2018laz1kmcc46.362,1837_5175,https://download.data.grandlyon.com/files/grandlyon/imagerie/mnt2018/lidar/laz/1837_5175.laz,362,"MULTIPOLYGON (((836892.173143211 6519507.133378276, 836891.9812396182 6520506.337030874, 837891.1842074461 6520506.5296500195, 837891.3775113255 6519507.325966605, 836892.173143211 6519507.133378276)))"
ima_gestion_images.imamnt2018laz1kmcc46.363,1837_5176,https://download.data.grandlyon.com/files/grandlyon/imagerie/mnt2018/lidar/laz/1837_5176.laz,363,"MULTIPOLYGON (((836891.9812376989 6520506.347023003, 836891.789303397 6521505.549275183, 837890.9908707005 6521505.741925157, 837891.184205513 6520506.539642149, 836891.9812376989 6520506.347023003)))"
ima_gestion_images.imamnt2018laz1kmcc46.364,1837_5177,https://download.data.grandlyon.com/files/grandlyon/imagerie/mnt2018/lidar/laz/1837_5177.laz,364,"MULTIPOLYGON (((836891.7893014774 6521505.5592673, 836891.5973364564 6522504.760118838, 837890.7975030115 6522504.952799648, 837890.9908687669 6521505.751917271, 836891.7893014774 6521505.5592673)))"
ima_gestion_images.imamnt2018laz1kmcc46.365,1837_5178,https://download.data.grandlyon.com/files/grandlyon/imagerie/mnt2018/lidar/laz/1837_5178.laz,365,"MULTIPOLYGON (((836891.5973345365 6522504.770110941, 836891.4053387865 6523503.969561615, 837890.6041043693 6523504.162273268, 837890.7975010778 6522504.962791747, 836891.5973345365 6522504.770110941)))"
ima_gestion_images.imamnt2018laz1kmcc46.366,1837_5179,https://download.data.grandlyon.com/files/grandlyon/imagerie/mnt2018/lidar/laz/1837_5179.laz,366,"MULTIPOLYGON (((836891.4053368664 6523503.979553701, 836891.2133103778 6524503.177603287, 837890.4106747638 6524503.3703457955, 837890.6041024352 6523504.172265355, 836891.4053368664 6523503.979553701)))"
ima_gestion_images.imamnt2018laz1kmcc46.367,1837_5180,https://download.data.grandlyon.com/files/grandlyon/imagerie/mnt2018/lidar/laz/1837_5180.laz,367,"MULTIPOLYGON (((836891.2133084572 6524503.187595361, 836891.0212512198 6525502.384243629, 837890.217214185 6525502.5770170055, 837890.4106728294 6524503.380337868, 836891.2133084572 6524503.187595361)))"
ima_gestion_images.imamnt2018laz1kmcc46.368,1837_5181,https://download.data.grandlyon.com/files/grandlyon/imagerie/mnt2018/lidar/laz/1837_5181.laz,368,"MULTIPOLYGON (((836891.0212492992 6525502.39423569, 836890.8291613032 6526501.589482423, 837890.0237226232 6526501.782286674, 837890.2172122503 6525502.587009065, 836891.0212492992 6525502.39423569)))"
ima_gestion_images.imamnt2018laz1kmcc46.369,1837_5182,https://download.data.grandlyon.com/files/grandlyon/imagerie/mnt2018/lidar/laz/1837_5182.laz,369,"MULTIPOLYGON (((836890.829159382 6526501.599474469, 836890.6370406176 6527500.793319439, 837889.8302000684 6527500.986154575, 837890.0237206882 6526501.792278721, 836890.829159382 6526501.599474469)))"
ima_gestion_images.imamnt2018laz1kmcc46.370,1837_5183,https://download.data.grandlyon.com/files/grandlyon/imagerie/mnt2018/lidar/laz/1837_5183.laz,370,"MULTIPOLYGON (((836890.6370386963 6527500.80331147, 836890.4448891537 6528499.995754452, 837889.6366465103 6528500.188620486, 837889.830198133 6527500.996146606, 836890.6370386963 6527500.80331147)))"
ima_gestion_images.imamnt2018laz1kmcc46.371,1837_5184,https://download.data.grandlyon.com/files/grandlyon/imagerie/mnt2018/lidar/laz/1837_5184.laz,371,"MULTIPOLYGON (((836890.444887232 6528500.005746471, 836890.2527069009 6529499.196787246, 837889.4430619392 6529499.389684183, 837889.6366445746 6528500.198612503, 836890.444887232 6528500.005746471)))"
ima_gestion_images.imamnt2018laz1kmcc46.372,1837_5185,https://download.data.grandlyon.com/files/grandlyon/imagerie/mnt2018/lidar/laz/1837_5185.laz,372,"MULTIPOLYGON (((836890.252704979 6529499.206779246, 836890.0604938499 6530498.396417584, 837889.249446345 6530498.589345439, 837889.4430600032 6529499.399676186, 836890.252704979 6529499.206779246)))"
ima_gestion_images.imamnt2018laz1kmcc46.373,1837_5186,https://download.data.grandlyon.com/files/grandlyon/imagerie/mnt2018/lidar/laz/1837_5186.laz,373,"MULTIPOLYGON (((836890.0604919277 6530498.406409573, 836889.8682499904 6531497.59464525, 837889.0557997179 6531497.78760403, 837889.2494444088 6530498.599337428, 836890.0604919277 6530498.406409573)))"
ima_gestion_images.imamnt2018laz1kmcc46.374,1837_5187,https://download.data.grandlyon.com/files/grandlyon/imagerie/mnt2018/lidar/laz/1837_5187.laz,374,"MULTIPOLYGON (((836889.8682480678 6531497.604637224, 836889.6759753126 6532496.791470017, 837888.8621220477 6532496.984459731, 837889.0557977812 6531497.797596005, 836889.8682480678 6531497.604637224)))"
ima_gestion_images.imamnt2018laz1kmcc46.375,1837_5188,https://download.data.grandlyon.com/files/grandlyon/imagerie/mnt2018/lidar/laz/1837_5188.laz,375,"MULTIPOLYGON (((836889.6759733898 6532496.801461976, 836889.4836698066 6533495.98689166, 837888.6684133245 6533496.1799123185, 837888.8621201108 6532496.994451692, 836889.6759733898 6532496.801461976)))"
ima_gestion_images.imamnt2018laz1kmcc46.376,1837_5189,https://download.data.grandlyon.com/files/grandlyon/imagerie/mnt2018/lidar/laz/1837_5189.laz,376,"MULTIPOLYGON (((836889.4836678834 6533495.996883607, 836889.2913334625 6534495.180909955, 837888.4746735382 6534495.37396157, 837888.6684113871 6533496.189904267, 836889.4836678834 6533495.996883607)))"
ima_gestion_images.imamnt2018laz1kmcc46.377,1837_5190,https://download.data.grandlyon.com/files/grandlyon/imagerie/mnt2018/lidar/laz/1837_5190.laz,377,"MULTIPOLYGON (((836889.2913315389 6534495.190901888, 836889.0989662701 6535494.373524676, 837888.280902679 6535494.566607254, 837888.4746716006 6534495.383953502, 836889.2913315389 6534495.190901888)))"
ima_gestion_images.imamnt2018laz1kmcc46.378,1837_5191,https://download.data.grandlyon.com/files/grandlyon/imagerie/mnt2018/lidar/laz/1837_5191.laz,378,"MULTIPOLYGON (((836889.0989643463 6535494.383516596, 836888.90656822 6536493.564735597, 837888.0871007367 6536493.757849151, 837888.280900741 6535494.576599174, 836889.0989643463 6535494.383516596)))"
ima_gestion_images.imamnt2018laz1kmcc46.379,1837_5192,https://download.data.grandlyon.com/files/grandlyon/imagerie/mnt2018/lidar/laz/1837_5192.laz,379,"MULTIPOLYGON (((836888.9065662958 6536493.574727503, 836888.7141393018 6537492.754542497, 837887.8932677013 6537492.947687036, 837888.0870987985 6536493.767841057, 836888.9065662958 6536493.574727503)))"
ima_gestion_images.imamnt2018laz1kmcc46.380,1837_5193,https://download.data.grandlyon.com/files/grandlyon/imagerie/mnt2018/lidar/laz/1837_5193.laz,380,"MULTIPOLYGON (((836888.7141373772 6537492.764534389, 836888.5216795055 6538491.942945146, 837887.6994035628 6538492.13612068, 837887.8932657627 6537492.957678927, 836888.7141373772 6537492.764534389)))"
ima_gestion_images.imamnt2018laz1kmcc46.381,1837_5194,https://download.data.grandlyon.com/files/grandlyon/imagerie/mnt2018/lidar/laz/1837_5194.laz,381,"MULTIPOLYGON (((836888.5216775808 6538491.952937023, 836888.3291888216 6539491.129943321, 837887.5055083112 6539491.323149863, 837887.6994016239 6538492.146112558, 836888.5216775808 6538491.952937023)))"
ima_gestion_images.imamnt2018laz1kmcc46.382,1837_5195,https://download.data.grandlyon.com/files/grandlyon/imagerie/mnt2018/lidar/laz/1837_5195.laz,382,"MULTIPOLYGON (((836888.3291868964 6539491.139935186, 836888.1366672396 6540490.315536799, 837887.3115819365 6540490.508774354, 837887.5055063721 6539491.333141726, 836888.3291868964 6539491.139935186)))"
ima_gestion_images.imamnt2018laz1kmcc46.383,1837_5196,https://download.data.grandlyon.com/files/grandlyon/imagerie/mnt2018/lidar/laz/1837_5196.laz,383,"MULTIPOLYGON (((836888.1366653142 6540490.325528649, 836887.94411475 6541489.499725351, 837887.1176244286 6541489.6929939315, 837887.3115799971 6540490.518766205, 836888.1366653142 6540490.325528649)))"
ima_gestion_images.imamnt2018laz1kmcc46.384,1837_5197,https://download.data.grandlyon.com/files/grandlyon/imagerie/mnt2018/lidar/laz/1837_5197.laz,384,"MULTIPOLYGON (((836887.9441128244 6541489.509717184, 836887.7754287722 6542364.703985356, 837886.947707582 6542364.897281119, 837887.1176224889 6541489.702985766, 836887.9441128244 6541489.509717184)))"
ima_gestion_images.imamnt2018laz1kmcc46.385,1838_5150,https://download.data.grandlyon.com/files/grandlyon/imagerie/mnt2018/lidar/laz/1838_5150.laz,385,"MULTIPOLYGON (((837896.1721360532 6494723.701443474, 837896.0175909856 6495525.768217629, 838895.2555300171 6495525.961464161, 838895.4111945984 6494723.894665288, 837896.1721360532 6494723.701443474)))"
ima_gestion_images.imamnt2018laz1kmcc46.386,1838_5151,https://download.data.grandlyon.com/files/grandlyon/imagerie/mnt2018/lidar/laz/1838_5151.laz,386,"MULTIPOLYGON (((837896.0175890601 6495525.778210107, 837895.82502459 6496525.015436296, 838895.0615686837 6496525.20871363, 838895.2555280776 6495525.97145664, 837896.0175890601 6495525.778210107)))"
ima_gestion_images.imamnt2018laz1kmcc46.387,1838_5152,https://download.data.grandlyon.com/files/grandlyon/imagerie/mnt2018/lidar/laz/1838_5152.laz,387,"MULTIPOLYGON (((837895.8250226642 6496525.025428763, 837895.6324274982 6497524.261259899, 838894.8675764321 6497524.454568044, 838895.061566744 6496525.218706096, 837895.8250226642 6496525.025428763)))"
ima_gestion_images.imamnt2018laz1kmcc46.388,1838_5153,https://download.data.grandlyon.com/files/grandlyon/imagerie/mnt2018/lidar/laz/1838_5153.laz,388,"MULTIPOLYGON (((837895.6324255721 6497524.271252349, 837895.4397997005 6498523.505688206, 838894.6735532521 6498523.699027175, 838894.867574492 6497524.464560496, 837895.6324255721 6497524.271252349)))"
ima_gestion_images.imamnt2018laz1kmcc46.389,1838_5154,https://download.data.grandlyon.com/files/grandlyon/imagerie/mnt2018/lidar/laz/1838_5154.laz,389,"MULTIPOLYGON (((837895.4397977741 6498523.515680645, 837895.2471411868 6499522.748721007, 838894.479499134 6499522.9420908075, 838894.6735513117 6498523.709019613, 837895.4397977741 6498523.515680645)))"
ima_gestion_images.imamnt2018laz1kmcc46.390,1838_5155,https://download.data.grandlyon.com/files/grandlyon/imagerie/mnt2018/lidar/laz/1838_5155.laz,390,"MULTIPOLYGON (((837895.2471392602 6499522.758713431, 837895.0544519477 6500521.9903580705, 838894.2854140677 6500522.183758712, 838894.4794971934 6499522.952083229, 837895.2471392602 6499522.758713431)))"
ima_gestion_images.imamnt2018laz1kmcc46.391,1838_5156,https://download.data.grandlyon.com/files/grandlyon/imagerie/mnt2018/lidar/laz/1838_5156.laz,391,"MULTIPOLYGON (((837895.0544500205 6500522.00035048, 837894.8617319728 6501521.230599178, 838894.0912980434 6501521.424030673, 838894.2854121267 6500522.193751122, 837895.0544500205 6500522.00035048)))"
ima_gestion_images.imamnt2018laz1kmcc46.392,1838_5157,https://download.data.grandlyon.com/files/grandlyon/imagerie/mnt2018/lidar/laz/1838_5157.laz,392,"MULTIPOLYGON (((837894.8617300454 6501521.240591574, 837894.6689812526 6502520.469444105, 838893.8971510512 6502520.66290646, 838894.0912961022 6501521.434023067, 837894.8617300454 6501521.240591574)))"
ima_gestion_images.imamnt2018laz1kmcc46.393,1838_5158,https://download.data.grandlyon.com/files/grandlyon/imagerie/mnt2018/lidar/laz/1838_5158.laz,393,"MULTIPOLYGON (((837894.668979325 6502520.479436487, 837894.4761997771 6503519.70689263, 838893.7029730811 6503519.900385855, 838893.8971491096 6502520.672898839, 837894.668979325 6502520.479436487)))"
ima_gestion_images.imamnt2018laz1kmcc46.394,1838_5159,https://download.data.grandlyon.com/files/grandlyon/imagerie/mnt2018/lidar/laz/1838_5159.laz,394,"MULTIPOLYGON (((837894.4761978491 6503519.716884998, 837894.2833875366 6504518.94294453, 838893.5087641233 6504519.136468638, 838893.7029711392 6503519.910378223, 837894.4761978491 6503519.716884998)))"
ima_gestion_images.imamnt2018laz1kmcc46.395,1838_5160,https://download.data.grandlyon.com/files/grandlyon/imagerie/mnt2018/lidar/laz/1838_5160.laz,395,"MULTIPOLYGON (((837894.2833856083 6504518.952936883, 837894.0905445213 6505518.177599583, 838893.3145241677 6505518.371154579, 838893.508762181 6504519.146460989, 837894.2833856083 6504518.952936883)))"
ima_gestion_images.imamnt2018laz1kmcc46.396,1838_5161,https://download.data.grandlyon.com/files/grandlyon/imagerie/mnt2018/lidar/laz/1838_5161.laz,396,"MULTIPOLYGON (((837894.0905425928 6505518.1875919225, 837893.897670721 6506517.410857564, 838893.1202532044 6506517.6044434635, 838893.3145222251 6505518.381146919, 837894.0905425928 6505518.1875919225)))"
ima_gestion_images.imamnt2018laz1kmcc46.397,1838_5162,https://download.data.grandlyon.com/files/grandlyon/imagerie/mnt2018/lidar/laz/1838_5162.laz,397,"MULTIPOLYGON (((837893.8976687922 6506517.42084989, 837893.7047661262 6507516.642718251, 838892.9259512235 6507516.836335061, 838893.1202512615 6506517.614435787, 837893.8976687922 6506517.42084989)))"
ima_gestion_images.imamnt2018laz1kmcc46.398,1838_5163,https://download.data.grandlyon.com/files/grandlyon/imagerie/mnt2018/lidar/laz/1838_5163.laz,398,"MULTIPOLYGON (((837893.704764197 6507516.6527105635, 837893.5118307268 6508515.873181425, 838892.731618215 6508516.066829155, 838892.9259492803 6507516.846327373, 837893.704764197 6507516.6527105635)))"
ima_gestion_images.imamnt2018laz1kmcc46.399,1838_5164,https://download.data.grandlyon.com/files/grandlyon/imagerie/mnt2018/lidar/laz/1838_5164.laz,399,"MULTIPOLYGON (((837893.5118287972 6508515.883173721, 837893.3188645127 6509515.102246856, 838892.5372541691 6509515.295925517, 838892.7316162715 6508516.076821451, 837893.5118287972 6508515.883173721)))"
ima_gestion_images.imamnt2018laz1kmcc46.400,1838_5165,https://download.data.grandlyon.com/files/grandlyon/imagerie/mnt2018/lidar/laz/1838_5165.laz,400,"MULTIPOLYGON (((837893.318862583 6509515.112239139, 837893.1258674746 6510514.329914325, 838892.3428590756 6510514.523623928, 838892.5372522254 6509515.3059177995, 837893.318862583 6509515.112239139)))"
ima_gestion_images.imamnt2018laz1kmcc46.401,1838_5166,https://download.data.grandlyon.com/files/grandlyon/imagerie/mnt2018/lidar/laz/1838_5166.laz,401,"MULTIPOLYGON (((837893.1258655444 6510514.339906597, 837892.932839602 6511513.556183611, 838892.148432925 6511513.749924163, 838892.3428571316 6510514.533616198, 837893.1258655444 6510514.339906597)))"
ima_gestion_images.imamnt2018laz1kmcc46.402,1838_5167,https://download.data.grandlyon.com/files/grandlyon/imagerie/mnt2018/lidar/laz/1838_5167.laz,402,"MULTIPOLYGON (((837892.9328376716 6511513.566175866, 837892.7397808855 6512512.7810544865, 838891.9539757067 6512512.974825997, 838892.1484309805 6511513.759916418, 837892.9328376716 6511513.566175866)))"
ima_gestion_images.imamnt2018laz1kmcc46.403,1838_5168,https://download.data.grandlyon.com/files/grandlyon/imagerie/mnt2018/lidar/laz/1838_5168.laz,403,"MULTIPOLYGON (((837892.7397789548 6512512.79104673, 837892.5466913149 6513512.004526729, 838891.7594874111 6513512.198329211, 838891.9539737619 6512512.984818241, 837892.7397789548 6512512.79104673)))"
ima_gestion_images.imamnt2018laz1kmcc46.404,1838_5169,https://download.data.grandlyon.com/files/grandlyon/imagerie/mnt2018/lidar/laz/1838_5169.laz,404,"MULTIPOLYGON (((837892.5466893838 6513512.0145189585, 837892.3535708804 6514511.226600117, 838891.5649680281 6514511.42043358, 838891.759485466 6513512.20832144, 837892.5466893838 6513512.0145189585)))"
ima_gestion_images.imamnt2018laz1kmcc46.405,1838_5170,https://download.data.grandlyon.com/files/grandlyon/imagerie/mnt2018/lidar/laz/1838_5170.laz,405,"MULTIPOLYGON (((837892.353568949 6514511.236592332, 837892.1604195721 6515510.447274426, 838891.3704175479 6515510.64113888, 838891.5649660828 6514511.430425795, 837892.353568949 6514511.236592332)))"
ima_gestion_images.imamnt2018laz1kmcc46.406,1838_5171,https://download.data.grandlyon.com/files/grandlyon/imagerie/mnt2018/lidar/laz/1838_5171.laz,406,"MULTIPOLYGON (((837892.1604176405 6515510.457266625, 837891.9672373801 6516509.66654943, 838891.1758359603 6516509.860444883, 838891.3704156022 6515510.651131076, 837892.1604176405 6515510.457266625)))"
ima_gestion_images.imamnt2018laz1kmcc46.407,1838_5172,https://download.data.grandlyon.com/files/grandlyon/imagerie/mnt2018/lidar/laz/1838_5172.laz,407,"MULTIPOLYGON (((837891.9672354481 6516509.676541616, 837891.7740242942 6517508.88442491, 838890.9812232554 6517509.078351372, 838891.1758340143 6516509.87043707, 837891.9672354481 6516509.676541616)))"
ima_gestion_images.imamnt2018laz1kmcc46.408,1838_5173,https://download.data.grandlyon.com/files/grandlyon/imagerie/mnt2018/lidar/laz/1838_5173.laz,408,"MULTIPOLYGON (((837891.774022362 6517508.894417084, 837891.5807803051 6518508.10090064, 838890.7865794232 6518508.29485812, 838890.9812213092 6517509.088343546, 837891.774022362 6517508.894417084)))"
ima_gestion_images.imamnt2018laz1kmcc46.409,1838_5174,https://download.data.grandlyon.com/files/grandlyon/imagerie/mnt2018/lidar/laz/1838_5174.laz,409,"MULTIPOLYGON (((837891.5807783724 6518508.110892798, 837891.3875054022 6519507.315976393, 838890.5919044537 6519507.5099649085, 838890.7865774767 6518508.30485028, 837891.5807783724 6518508.110892798)))"
ima_gestion_images.imamnt2018laz1kmcc46.410,1838_5175,https://download.data.grandlyon.com/files/grandlyon/imagerie/mnt2018/lidar/laz/1838_5175.laz,410,"MULTIPOLYGON (((837891.3875034691 6519507.32596854, 837891.1941995759 6520506.529651953, 838890.397198337 6520506.723671505, 838890.5919025068 6519507.519957054, 837891.3875034691 6519507.32596854)))"
ima_gestion_images.imamnt2018laz1kmcc46.411,1838_5176,https://download.data.grandlyon.com/files/grandlyon/imagerie/mnt2018/lidar/laz/1838_5176.laz,411,"MULTIPOLYGON (((837891.1941976427 6520506.539644082, 837891.0008628162 6521505.741927089, 838890.2024610629 6521505.935977692, 838890.3971963899 6520506.733663634, 837891.1941976427 6520506.539644082)))"
ima_gestion_images.imamnt2018laz1kmcc46.412,1838_5177,https://download.data.grandlyon.com/files/grandlyon/imagerie/mnt2018/lidar/laz/1838_5177.laz,412,"MULTIPOLYGON (((837891.0008608827 6521505.751919206, 837890.8074951132 6522504.952801581, 838890.0076926214 6522505.146883244, 838890.2024591153 6521505.945969807, 837891.0008608827 6521505.751919206)))"
ima_gestion_images.imamnt2018laz1kmcc46.413,1838_5178,https://download.data.grandlyon.com/files/grandlyon/imagerie/mnt2018/lidar/laz/1838_5178.laz,413,"MULTIPOLYGON (((837890.8074931795 6522504.962793683, 837890.6140964569 6523504.1622752035, 838889.8128930028 6523504.356387935, 838890.0076906736 6522505.156875347, 837890.8074931795 6522504.962793683)))"
ima_gestion_images.imamnt2018laz1kmcc46.414,1838_5179,https://download.data.grandlyon.com/files/grandlyon/imagerie/mnt2018/lidar/laz/1838_5179.laz,414,"MULTIPOLYGON (((837890.6140945229 6523504.172267289, 837890.4206668375 6524503.37034773, 838889.6180621965 6524503.564491544, 838889.8128910547 6523504.366380022, 837890.6140945229 6523504.172267289)))"
ima_gestion_images.imamnt2018laz1kmcc46.415,1838_5180,https://download.data.grandlyon.com/files/grandlyon/imagerie/mnt2018/lidar/laz/1838_5180.laz,415,"MULTIPOLYGON (((837890.420664903 6524503.380339805, 837890.2272062448 6525502.577018941, 838889.4232001929 6525502.771193843, 838889.618060248 6524503.574483618, 837890.420664903 6524503.380339805)))"
ima_gestion_images.imamnt2018laz1kmcc46.416,1838_5181,https://download.data.grandlyon.com/files/grandlyon/imagerie/mnt2018/lidar/laz/1838_5181.laz,416,"MULTIPOLYGON (((837890.2272043101 6525502.587010999, 837890.033714669 6526501.782288609, 838889.2283069819 6526501.976494612, 838889.4231982441 6525502.781185904, 837890.2272043101 6525502.587010999)))"
ima_gestion_images.imamnt2018laz1kmcc46.417,1838_5182,https://download.data.grandlyon.com/files/grandlyon/imagerie/mnt2018/lidar/laz/1838_5182.laz,417,"MULTIPOLYGON (((837890.033712734 6526501.792280654, 837889.8401921 6527500.98615651, 838889.0333825534 6527501.180393622, 838889.228305033 6526501.986486658, 837890.033712734 6526501.792280654)))"
ima_gestion_images.imamnt2018laz1kmcc46.418,1838_5183,https://download.data.grandlyon.com/files/grandlyon/imagerie/mnt2018/lidar/laz/1838_5183.laz,418,"MULTIPOLYGON (((837889.8401901646 6527500.996148542, 837889.646638528 6528500.188622421, 838888.8384268974 6528500.382890655, 838889.033380604 6527501.190385656, 837889.8401901646 6527500.996148542)))"
ima_gestion_images.imamnt2018laz1kmcc46.419,1838_5184,https://download.data.grandlyon.com/files/grandlyon/imagerie/mnt2018/lidar/laz/1838_5184.laz,419,"MULTIPOLYGON (((837889.6466365923 6528500.198614438, 837889.4530539429 6529499.389686118, 838888.6434400037 6529499.583985481, 838888.8384249478 6528500.392882672, 837889.6466365923 6528500.198614438)))"
ima_gestion_images.imamnt2018laz1kmcc46.420,1838_5185,https://download.data.grandlyon.com/files/grandlyon/imagerie/mnt2018/lidar/laz/1838_5185.laz,420,"MULTIPOLYGON (((837889.4530500709 6529499.409670125, 837889.2594383347 6530498.589347373, 838888.4484218626 6530498.783677876, 838888.6434361037 6529499.603969488, 837889.4530500709 6529499.409670125)))"
ima_gestion_images.imamnt2018laz1kmcc46.421,1838_5186,https://download.data.grandlyon.com/files/grandlyon/imagerie/mnt2018/lidar/laz/1838_5186.laz,421,"MULTIPOLYGON (((837889.2594363984 6530498.599339362, 837889.0657916935 6531497.787605965, 838888.2533724636 6531497.981967618, 838888.4484199123 6530498.793669866, 837889.2594363984 6530498.599339362)))"
ima_gestion_images.imamnt2018laz1kmcc46.422,1838_5187,https://download.data.grandlyon.com/files/grandlyon/imagerie/mnt2018/lidar/laz/1838_5187.laz,422,"MULTIPOLYGON (((837889.0657897568 6531497.797597939, 837888.8721140092 6532496.984461666, 838888.0582917971 6532497.178854481, 838888.2533705131 6531497.991959594, 837889.0657897568 6531497.797597939)))"
ima_gestion_images.imamnt2018laz1kmcc46.423,1838_5188,https://download.data.grandlyon.com/files/grandlyon/imagerie/mnt2018/lidar/laz/1838_5188.laz,423,"MULTIPOLYGON (((837888.8721120723 6532496.9944536295, 837888.678405272 6533496.179914257, 838887.8631798525 6533496.374338241, 838888.058289846 6532497.188846443, 837888.8721120723 6532496.9944536295)))"
ima_gestion_images.imamnt2018laz1kmcc46.424,1838_5189,https://download.data.grandlyon.com/files/grandlyon/imagerie/mnt2018/lidar/laz/1838_5189.laz,424,"MULTIPOLYGON (((837888.6784033347 6533496.189906203, 837888.4846654717 6534495.373963506, 838887.6680366201 6534495.568418671, 838887.8631779013 6533496.384330188, 837888.6784033347 6533496.189906203)))"
ima_gestion_images.imamnt2018laz1kmcc46.425,1838_5190,https://download.data.grandlyon.com/files/grandlyon/imagerie/mnt2018/lidar/laz/1838_5190.laz,425,"MULTIPOLYGON (((837888.4846635342 6534495.383955439, 837888.2908945984 6535494.566609193, 838887.4728620899 6535494.761095548, 838887.6680346687 6534495.578410604, 837888.4846635342 6534495.383955439)))"
ima_gestion_images.imamnt2018laz1kmcc46.426,1838_5191,https://download.data.grandlyon.com/files/grandlyon/imagerie/mnt2018/lidar/laz/1838_5191.laz,426,"MULTIPOLYGON (((837888.2908926604 6535494.576601112, 837888.097092642 6536493.757851089, 838887.2776562514 6536493.952368646, 838887.4728601379 6535494.771087467, 837888.2908926604 6535494.576601112)))"
ima_gestion_images.imamnt2018laz1kmcc46.427,1838_5192,https://download.data.grandlyon.com/files/grandlyon/imagerie/mnt2018/lidar/laz/1838_5192.laz,427,"MULTIPOLYGON (((837888.0970907039 6536493.767842996, 837887.9032595926 6537492.947688975, 838887.0824190949 6537493.142237739, 838887.2776542992 6536493.962360551, 837888.0970907039 6536493.767842996)))"
ima_gestion_images.imamnt2018laz1kmcc46.428,1838_5193,https://download.data.grandlyon.com/files/grandlyon/imagerie/mnt2018/lidar/laz/1838_5193.laz,428,"MULTIPOLYGON (((837887.9032576542 6537492.957680865, 837887.7093954401 6538492.136122621, 838886.8871506101 6538492.330702605, 838887.0824171425 6537493.15222963, 837887.9032576542 6537492.957680865)))"
ima_gestion_images.imamnt2018laz1kmcc46.429,1838_5194,https://download.data.grandlyon.com/files/grandlyon/imagerie/mnt2018/lidar/laz/1838_5194.laz,429,"MULTIPOLYGON (((837887.7093935013 6538492.146114497, 837887.5155001745 6539491.323151801, 838886.691850787 6539491.517763017, 838886.8871486572 6538492.340694482, 837887.7093935013 6538492.146114497)))"
ima_gestion_images.imamnt2018laz1kmcc46.430,1838_5195,https://download.data.grandlyon.com/files/grandlyon/imagerie/mnt2018/lidar/laz/1838_5195.laz,430,"MULTIPOLYGON (((837887.5154982352 6539491.333143667, 837887.3215737857 6540490.508776293, 838886.4965196154 6540490.70341875, 838886.6918488338 6539491.527754879, 837887.5154982352 6539491.333143667)))"
ima_gestion_images.imamnt2018laz1kmcc46.431,1838_5196,https://download.data.grandlyon.com/files/grandlyon/imagerie/mnt2018/lidar/laz/1838_5196.laz,431,"MULTIPOLYGON (((837887.3215718463 6540490.518768142, 837887.1276162637 6541489.692995872, 838886.3011570853 6541489.887669578, 838886.496517662 6540490.713410599, 837887.3215718463 6540490.518768142)))"
ima_gestion_images.imamnt2018laz1kmcc46.432,1838_5197,https://download.data.grandlyon.com/files/grandlyon/imagerie/mnt2018/lidar/laz/1838_5197.laz,432,"MULTIPOLYGON (((837887.1276143241 6541489.702987705, 837886.9573424442 6542366.735778463, 838886.12964982 6542366.930479609, 838886.3011551315 6541489.897661414, 837887.1276143241 6541489.702987705)))"
ima_gestion_images.imamnt2018laz1kmcc46.433,1839_5150,https://download.data.grandlyon.com/files/grandlyon/imagerie/mnt2018/lidar/laz/1839_5150.laz,433,"MULTIPOLYGON (((838895.4244682294 6494706.987372826, 838895.2655224965 6495525.961466101, 839894.5034924361 6495526.156107453, 839894.6635812724 6494707.18198876, 838895.4244682294 6494706.987372826)))"
ima_gestion_images.imamnt2018laz1kmcc46.434,1839_5151,https://download.data.grandlyon.com/files/grandlyon/imagerie/mnt2018/lidar/laz/1839_5151.laz,434,"MULTIPOLYGON (((838895.2655205571 6495525.97145858, 838895.0715611493 6496525.20871557, 839894.3081361611 6496525.40338795, 839894.5034904827 6495526.166099934, 838895.2655205571 6495525.97145858)))"
ima_gestion_images.imamnt2018laz1kmcc46.435,1839_5152,https://download.data.grandlyon.com/files/grandlyon/imagerie/mnt2018/lidar/laz/1839_5152.laz,435,"MULTIPOLYGON (((838895.0715592095 6496525.2187080365, 838894.8775688837 6497524.454569983, 839894.1127487456 6497524.6492733965, 839894.3081342075 6496525.413380416, 838895.0715592095 6496525.2187080365)))"
ima_gestion_images.imamnt2018laz1kmcc46.436,1839_5153,https://download.data.grandlyon.com/files/grandlyon/imagerie/mnt2018/lidar/laz/1839_5153.laz,436,"MULTIPOLYGON (((838894.8775669435 6497524.464562436, 838894.6835456898 6498523.699029118, 839893.9173301792 6498523.893763574, 839894.1127467914 6497524.659265848, 838894.8775669435 6497524.464562436)))"
ima_gestion_images.imamnt2018laz1kmcc46.437,1839_5154,https://download.data.grandlyon.com/files/grandlyon/imagerie/mnt2018/lidar/laz/1839_5154.laz,437,"MULTIPOLYGON (((838894.6835437494 6498523.709021554, 838894.4894915577 6499522.942092747, 839893.7218804526 6499523.136858257, 839893.917328225 6498523.903756011, 838894.6835437494 6498523.709021554)))"
ima_gestion_images.imamnt2018laz1kmcc46.438,1839_5155,https://download.data.grandlyon.com/files/grandlyon/imagerie/mnt2018/lidar/laz/1839_5155.laz,438,"MULTIPOLYGON (((838894.489489617 6499522.952085172, 838894.2954064774 6500522.183760653, 839893.5263995553 6500522.3785572285, 839893.7218784979 6499523.146850681, 838894.489489617 6499522.952085172)))"
ima_gestion_images.imamnt2018laz1kmcc46.439,1839_5156,https://download.data.grandlyon.com/files/grandlyon/imagerie/mnt2018/lidar/laz/1839_5156.laz,439,"MULTIPOLYGON (((838894.2954045364 6500522.193753062, 838894.1012904393 6501521.424032611, 839893.3308874775 6501521.61886026, 839893.5263976003 6500522.388549639, 838894.2954045364 6500522.193753062)))"
ima_gestion_images.imamnt2018laz1kmcc46.440,1839_5157,https://download.data.grandlyon.com/files/grandlyon/imagerie/mnt2018/lidar/laz/1839_5157.laz,440,"MULTIPOLYGON (((838894.1012884978 6501521.434025007, 838893.9071434329 6502520.662908401, 839893.1353442091 6502520.857767133, 839893.3308855222 6501521.628852656, 838894.1012884978 6501521.434025007)))"
ima_gestion_images.imamnt2018laz1kmcc46.441,1839_5158,https://download.data.grandlyon.com/files/grandlyon/imagerie/mnt2018/lidar/laz/1839_5158.laz,441,"MULTIPOLYGON (((838893.9071414914 6502520.672900781, 838893.7129654489 6503519.900387798, 839892.9397697404 6503520.095277622, 839893.1353422537 6502520.867759514, 838893.9071414914 6502520.672900781)))"
ima_gestion_images.imamnt2018laz1kmcc46.442,1839_5159,https://download.data.grandlyon.com/files/grandlyon/imagerie/mnt2018/lidar/laz/1839_5159.laz,442,"MULTIPOLYGON (((838893.7129635069 6503519.910380165, 838893.518756477 6504519.136470579, 839892.744164061 6504519.331391508, 839892.9397677844 6503520.10526999, 838893.7129635069 6503519.910380165)))"
ima_gestion_images.imamnt2018laz1kmcc46.443,1839_5160,https://download.data.grandlyon.com/files/grandlyon/imagerie/mnt2018/lidar/laz/1839_5160.laz,443,"MULTIPOLYGON (((838893.5187545349 6504519.146462932, 838893.3245165076 6505518.37115652, 839892.5485271612 6505518.566108568, 839892.7441621049 6504519.341383863, 838893.5187545349 6504519.146462932)))"
ima_gestion_images.imamnt2018laz1kmcc46.444,1839_5161,https://download.data.grandlyon.com/files/grandlyon/imagerie/mnt2018/lidar/laz/1839_5161.laz,444,"MULTIPOLYGON (((838893.324514565 6505518.38114886, 838893.1302455304 6506517.604445403, 839892.352859031 6506517.799428574, 839892.5485252046 6505518.576100906, 838893.324514565 6505518.38114886)))"
ima_gestion_images.imamnt2018laz1kmcc46.445,1839_5162,https://download.data.grandlyon.com/files/grandlyon/imagerie/mnt2018/lidar/laz/1839_5162.laz,445,"MULTIPOLYGON (((838893.1302435874 6506517.614437731, 838892.9359435354 6507516.836337004, 839892.15715966 6507517.031351307, 839892.3528570741 6506517.809420898, 838893.1302435874 6506517.614437731)))"
ima_gestion_images.imamnt2018laz1kmcc46.446,1839_5163,https://download.data.grandlyon.com/files/grandlyon/imagerie/mnt2018/lidar/laz/1839_5163.laz,446,"MULTIPOLYGON (((838892.9359415922 6507516.846329316, 838892.7416105131 6508516.066831098, 839891.9614290387 6508516.261876543, 839892.1571577028 6507517.041343617, 838892.9359415922 6507516.846329316)))"
ima_gestion_images.imamnt2018laz1kmcc46.447,1839_5164,https://download.data.grandlyon.com/files/grandlyon/imagerie/mnt2018/lidar/laz/1839_5164.laz,447,"MULTIPOLYGON (((838892.7416085696 6508516.076823395, 838892.5472464531 6509515.29592746, 839891.7656671565 6509515.491004061, 839891.9614270811 6508516.271868841, 838892.7416085696 6508516.076823395)))"
ima_gestion_images.imamnt2018laz1kmcc46.448,1839_5165,https://download.data.grandlyon.com/files/grandlyon/imagerie/mnt2018/lidar/laz/1839_5165.laz,448,"MULTIPOLYGON (((838892.5472445093 6509515.305919744, 838892.3528513458 6510514.523625871, 839891.569874004 6510514.718733636, 839891.7656651989 6509515.500996343, 838892.5472445093 6509515.305919744)))"
ima_gestion_images.imamnt2018laz1kmcc46.449,1839_5166,https://download.data.grandlyon.com/files/grandlyon/imagerie/mnt2018/lidar/laz/1839_5166.laz,449,"MULTIPOLYGON (((838892.3528494017 6510514.53361814, 838892.1584251809 6511513.749926107, 839891.3740495709 6511513.945065044, 839891.569872046 6510514.728725904, 838892.3528494017 6510514.53361814)))"
ima_gestion_images.imamnt2018laz1kmcc46.450,1839_5167,https://download.data.grandlyon.com/files/grandlyon/imagerie/mnt2018/lidar/laz/1839_5167.laz,450,"MULTIPOLYGON (((838892.1584232366 6511513.759918361, 838891.9639679487 6512512.974827944, 839891.178193847 6512513.169998064, 839891.3740476124 6511513.955057299, 838892.1584232366 6511513.759918361)))"
ima_gestion_images.imamnt2018laz1kmcc46.451,1839_5168,https://download.data.grandlyon.com/files/grandlyon/imagerie/mnt2018/lidar/laz/1839_5168.laz,451,"MULTIPOLYGON (((838891.963966004 6512512.984820185, 838891.7694796391 6513512.198331157, 839890.9823068222 6513512.393532472, 839891.1781918881 6512513.179990306, 838891.963966004 6512512.984820185)))"
ima_gestion_images.imamnt2018laz1kmcc46.452,1839_5169,https://download.data.grandlyon.com/files/grandlyon/imagerie/mnt2018/lidar/laz/1839_5169.laz,452,"MULTIPOLYGON (((838891.7694776941 6513512.208323385, 838891.5749602423 6514511.420435525, 839890.7863884869 6514511.6156680435, 839890.9823048633 6513512.4035247, 838891.7694776941 6513512.208323385)))"
ima_gestion_images.imamnt2018laz1kmcc46.453,1839_5170,https://download.data.grandlyon.com/files/grandlyon/imagerie/mnt2018/lidar/laz/1839_5170.laz,453,"MULTIPOLYGON (((838891.5749582968 6514511.4304277375, 838891.380409748 6515510.641140822, 839890.5904388307 6515510.8364045555, 839890.7863865276 6514511.625660256, 838891.5749582968 6514511.4304277375)))"
ima_gestion_images.imamnt2018laz1kmcc46.454,1839_5171,https://download.data.grandlyon.com/files/grandlyon/imagerie/mnt2018/lidar/laz/1839_5171.laz,454,"MULTIPOLYGON (((838891.3804078022 6515510.651133023, 838891.1858281463 6516509.860446828, 839890.3944578436 6516510.055741784, 839890.590436871 6515510.8463967545, 838891.3804078022 6515510.651133023)))"
ima_gestion_images.imamnt2018laz1kmcc46.455,1839_5172,https://download.data.grandlyon.com/files/grandlyon/imagerie/mnt2018/lidar/laz/1839_5172.laz,455,"MULTIPOLYGON (((838891.1858262004 6516509.870439016, 838890.9912154275 6517509.078353319, 839890.1984455156 6517509.27367951, 839890.3944558837 6516510.065733971, 838891.1858262004 6516509.870439016)))"
ima_gestion_images.imamnt2018laz1kmcc46.456,1839_5173,https://download.data.grandlyon.com/files/grandlyon/imagerie/mnt2018/lidar/laz/1839_5173.laz,456,"MULTIPOLYGON (((838890.9912134812 6517509.088345492, 838890.7965715813 6518508.294860069, 839890.0024018364 6518508.490217502, 839890.1984435553 6517509.283671681, 838890.9912134812 6517509.088345492)))"
ima_gestion_images.imamnt2018laz1kmcc46.457,1839_5174,https://download.data.grandlyon.com/files/grandlyon/imagerie/mnt2018/lidar/laz/1839_5174.laz,457,"MULTIPOLYGON (((838890.7965696347 6518508.304852227, 838890.6018965978 6519507.509966856, 839889.8063267964 6519507.705355542, 839890.0023998759 6518508.500209661, 838890.7965696347 6518508.304852227)))"
ima_gestion_images.imamnt2018laz1kmcc46.458,1839_5175,https://download.data.grandlyon.com/files/grandlyon/imagerie/mnt2018/lidar/laz/1839_5175.laz,458,"MULTIPOLYGON (((838890.601894651 6519507.519958999, 838890.4071904671 6520506.723673454, 839889.610220385 6520506.919093405, 839889.8063248354 6519507.715347687, 838890.601894651 6519507.519958999)))"
ima_gestion_images.imamnt2018laz1kmcc46.459,1839_5176,https://download.data.grandlyon.com/files/grandlyon/imagerie/mnt2018/lidar/laz/1839_5176.laz,459,"MULTIPOLYGON (((838890.4071885198 6520506.733665583, 838890.212453179 6521505.93597964, 839889.4140825926 6521506.131430864, 839889.6102184239 6520506.929085535, 838890.4071885198 6520506.733665583)))"
ima_gestion_images.imamnt2018laz1kmcc46.460,1839_5177,https://download.data.grandlyon.com/files/grandlyon/imagerie/mnt2018/lidar/laz/1839_5177.laz,460,"MULTIPOLYGON (((838890.2124512314 6521505.945971754, 838890.0176847235 6522505.146885191, 839889.2179134088 6522505.3423677, 839889.414080631 6521506.1414229795, 838890.2124512314 6521505.945971754)))"
ima_gestion_images.imamnt2018laz1kmcc46.461,1839_5178,https://download.data.grandlyon.com/files/grandlyon/imagerie/mnt2018/lidar/laz/1839_5178.laz,461,"MULTIPOLYGON (((838890.0176827756 6522505.156877294, 838889.8228850907 6523504.356389882, 839889.0217128234 6523504.5519036865, 839889.2179114468 6522505.352359802, 838890.0176827756 6522505.156877294)))"
ima_gestion_images.imamnt2018laz1kmcc46.462,1839_5179,https://download.data.grandlyon.com/files/grandlyon/imagerie/mnt2018/lidar/laz/1839_5179.laz,462,"MULTIPOLYGON (((838889.8228831426 6523504.366381971, 838889.6280542705 6524503.564493492, 839888.8254808265 6524503.760038599, 839889.0217108612 6523504.561895777, 838889.8228831426 6523504.366381971)))"
ima_gestion_images.imamnt2018laz1kmcc46.463,1839_5180,https://download.data.grandlyon.com/files/grandlyon/imagerie/mnt2018/lidar/laz/1839_5180.laz,463,"MULTIPOLYGON (((838889.6280523221 6524503.574485566, 838889.4331922529 6525502.771195792, 839888.6292174081 6525502.966772213, 839888.825478864 6524503.770030675, 838889.6280523221 6524503.574485566)))"
ima_gestion_images.imamnt2018laz1kmcc46.464,1839_5181,https://download.data.grandlyon.com/files/grandlyon/imagerie/mnt2018/lidar/laz/1839_5181.laz,464,"MULTIPOLYGON (((838889.4331903042 6525502.781187852, 838889.2382990279 6526501.976496561, 839888.432922558 6526502.172104306, 839888.6292154454 6525502.976764275, 838889.4331903042 6525502.781187852)))"
ima_gestion_images.imamnt2018laz1kmcc46.465,1839_5182,https://download.data.grandlyon.com/files/grandlyon/imagerie/mnt2018/lidar/laz/1839_5182.laz,465,"MULTIPOLYGON (((838889.2382970789 6526501.986488607, 838889.0433745853 6527501.180395572, 839888.236596266 6527501.376034652, 839888.4329205949 6526502.182096354, 838889.2382970789 6526501.986488607)))"
ima_gestion_images.imamnt2018laz1kmcc46.466,1839_5183,https://download.data.grandlyon.com/files/grandlyon/imagerie/mnt2018/lidar/laz/1839_5183.laz,466,"MULTIPOLYGON (((838889.043372636 6527501.190387607, 838888.8484189154 6528500.382892605, 839888.0402385221 6528500.57856303, 839888.2365943026 6527501.386026684, 838889.043372636 6527501.190387607)))"
ima_gestion_images.imamnt2018laz1kmcc46.467,1839_5184,https://download.data.grandlyon.com/files/grandlyon/imagerie/mnt2018/lidar/laz/1839_5184.laz,467,"MULTIPOLYGON (((838888.8484169657 6528500.392884623, 838888.6534320076 6529499.583987432, 839887.843849316 6529499.779689209, 839888.0402365583 6528500.588555048, 838888.8484169657 6528500.392884623)))"
ima_gestion_images.imamnt2018laz1kmcc46.468,1839_5185,https://download.data.grandlyon.com/files/grandlyon/imagerie/mnt2018/lidar/laz/1839_5185.laz,468,"MULTIPOLYGON (((838888.6534300577 6529499.593979435, 838888.4584138526 6530498.783679824, 839887.6474286377 6530498.979412972, 839887.843847352 6529499.789681212, 838888.6534300577 6529499.593979435)))"
ima_gestion_images.imamnt2018laz1kmcc46.469,1839_5186,https://download.data.grandlyon.com/files/grandlyon/imagerie/mnt2018/lidar/laz/1839_5186.laz,469,"MULTIPOLYGON (((838888.4584119022 6530498.793671817, 838888.2633644396 6531497.98196957, 839887.4509764772 6531498.177734088, 839887.6474266734 6530498.9894049615, 838888.4584119022 6530498.793671817)))"
ima_gestion_images.imamnt2018laz1kmcc46.470,1839_5187,https://download.data.grandlyon.com/files/grandlyon/imagerie/mnt2018/lidar/laz/1839_5187.laz,470,"MULTIPOLYGON (((838888.263362489 6531497.991961544, 838888.0682837589 6532497.1788564315, 839887.2544928242 6532497.3746523345, 839887.4509745125 6531498.187726065, 838888.263362489 6531497.991961544)))"
ima_gestion_images.imamnt2018laz1kmcc46.471,1839_5188,https://download.data.grandlyon.com/files/grandlyon/imagerie/mnt2018/lidar/laz/1839_5188.laz,471,"MULTIPOLYGON (((838888.0682818079 6532497.188848394, 838887.8731718004 6533496.374340191, 839887.0579776685 6533496.570167488, 839887.2544908592 6532497.384644298, 838888.0682818079 6532497.188848394)))"
ima_gestion_images.imamnt2018laz1kmcc46.472,1839_5189,https://download.data.grandlyon.com/files/grandlyon/imagerie/mnt2018/lidar/laz/1839_5189.laz,472,"MULTIPOLYGON (((838887.8731698492 6533496.384332138, 838887.678028554 6534495.5684206225, 839886.8614310002 6534495.764279325, 839887.0579757032 6533496.580159438, 838887.8731698492 6533496.384332138)))"
ima_gestion_images.imamnt2018laz1kmcc46.473,1839_5190,https://download.data.grandlyon.com/files/grandlyon/imagerie/mnt2018/lidar/laz/1839_5190.laz,473,"MULTIPOLYGON (((838887.6780266024 6534495.578412555, 838887.4828540095 6535494.7610975, 839886.6648528088 6535494.956987618, 839886.8614290345 6534495.774271258, 838887.6780266024 6534495.578412555)))"
ima_gestion_images.imamnt2018laz1kmcc46.474,1839_5191,https://download.data.grandlyon.com/files/grandlyon/imagerie/mnt2018/lidar/laz/1839_5191.laz,474,"MULTIPOLYGON (((838887.4828520577 6535494.771089418, 838887.2876481572 6536493.952370596, 839886.4682430844 6536494.14829214, 839886.6648508429 6535494.966979536, 838887.4828520577 6535494.771089418)))"
ima_gestion_images.imamnt2018laz1kmcc46.475,1839_5192,https://download.data.grandlyon.com/files/grandlyon/imagerie/mnt2018/lidar/laz/1839_5192.laz,475,"MULTIPOLYGON (((838887.2876462049 6536493.962362502, 838887.0924109865 6537493.142239694, 839886.2716018169 6537493.338192671, 839886.4682411181 6536494.158284046, 838887.2876462049 6536493.962362502)))"
ima_gestion_images.imamnt2018laz1kmcc46.476,1839_5193,https://download.data.grandlyon.com/files/grandlyon/imagerie/mnt2018/lidar/laz/1839_5193.laz,476,"MULTIPOLYGON (((838887.092409034 6537493.152231584, 838886.8971424878 6538492.330704558, 839886.0749289958 6538492.526688983, 839886.2715998503 6537493.348184563, 838887.092409034 6537493.152231584)))"
ima_gestion_images.imamnt2018laz1kmcc46.477,1839_5194,https://download.data.grandlyon.com/files/grandlyon/imagerie/mnt2018/lidar/laz/1839_5194.laz,477,"MULTIPOLYGON (((838886.8971405348 6538492.340696434, 838886.7018426507 6539491.517764969, 839885.8782246113 6539491.713780852, 839886.0749270289 6538492.536680859, 838886.8971405348 6538492.340696434)))"
ima_gestion_images.imamnt2018laz1kmcc46.478,1839_5195,https://download.data.grandlyon.com/files/grandlyon/imagerie/mnt2018/lidar/laz/1839_5195.laz,478,"MULTIPOLYGON (((838886.7018406973 6539491.527756834, 838886.506511465 6540490.703420702, 839885.681488653 6540490.8994680485, 839885.878222644 6539491.723772713, 838886.7018406973 6539491.527756834)))"
ima_gestion_images.imamnt2018laz1kmcc46.479,1839_5196,https://download.data.grandlyon.com/files/grandlyon/imagerie/mnt2018/lidar/laz/1839_5196.laz,479,"MULTIPOLYGON (((838886.5065095115 6540490.713412552, 838886.3111489209 6541489.887671532, 839885.4847211107 6541490.083750353, 839885.6814866854 6540490.909459899, 838886.5065095115 6540490.713412552)))"
ima_gestion_images.imamnt2018laz1kmcc46.480,1839_5197,https://download.data.grandlyon.com/files/grandlyon/imagerie/mnt2018/lidar/laz/1839_5197.laz,480,"MULTIPOLYGON (((838886.3111469671 6541489.897663366, 838886.1352078782 6542389.601927928, 839885.3075147447 6542389.7980351, 839885.4847191429 6541490.09374219, 838886.3111469671 6541489.897663366)))"
ima_gestion_images.imamnt2018laz1kmcc46.481,1840_5150,https://download.data.grandlyon.com/files/grandlyon/imagerie/mnt2018/lidar/laz/1840_5150.laz,481,"MULTIPOLYGON (((839894.6648411894 6494751.858417521, 839894.513484916 6495526.1561094085, 840893.7514859859 6495526.352145573, 840893.9039230004 6494752.054429482, 839894.6648411894 6494751.858417521)))"
ima_gestion_images.imamnt2018laz1kmcc46.482,1840_5151,https://download.data.grandlyon.com/files/grandlyon/imagerie/mnt2018/lidar/laz/1840_5151.laz,482,"MULTIPOLYGON (((839894.5134829625 6495526.166101888, 839894.3181286269 6496525.403389903, 840893.554734779 6496525.599457315, 840893.7514840186 6495526.362138053, 839894.5134829625 6495526.166101888)))"
ima_gestion_images.imamnt2018laz1kmcc46.483,1840_5152,https://download.data.grandlyon.com/files/grandlyon/imagerie/mnt2018/lidar/laz/1840_5152.laz,483,"MULTIPOLYGON (((839894.3181266732 6496525.413382368, 839894.1227411974 6497524.64927535, 840893.3579522095 6497524.845374017, 840893.5547328114 6496525.6094497815, 839894.3181266732 6496525.413382368)))"
ima_gestion_images.imamnt2018laz1kmcc46.484,1840_5153,https://download.data.grandlyon.com/files/grandlyon/imagerie/mnt2018/lidar/laz/1840_5153.laz,484,"MULTIPOLYGON (((839894.1227392433 6497524.6592678, 839893.9273226173 6498523.893765529, 840893.161138267 6498524.089895463, 840893.3579502415 6497524.855366471, 839894.1227392433 6497524.6592678)))"
ima_gestion_images.imamnt2018laz1kmcc46.485,1840_5154,https://download.data.grandlyon.com/files/grandlyon/imagerie/mnt2018/lidar/laz/1840_5154.laz,485,"MULTIPOLYGON (((839893.927320663 6498523.903757964, 839893.7318728764 6499523.136860214, 840892.9642929416 6499523.333021424, 840893.1611362988 6498524.0998879, 839893.927320663 6498523.903757964)))"
ima_gestion_images.imamnt2018laz1kmcc46.486,1840_5155,https://download.data.grandlyon.com/files/grandlyon/imagerie/mnt2018/lidar/laz/1840_5155.laz,486,"MULTIPOLYGON (((839893.7318709218 6499523.146852637, 839893.5363919653 6500522.378559182, 840892.7674162233 6500522.57475168, 840892.964290973 6499523.343013848, 839893.7318709218 6499523.146852637)))"
ima_gestion_images.imamnt2018laz1kmcc46.487,1840_5156,https://download.data.grandlyon.com/files/grandlyon/imagerie/mnt2018/lidar/laz/1840_5156.laz,487,"MULTIPOLYGON (((839893.5363900104 6500522.388551592, 839893.3408798735 6501521.618862215, 840892.570508102 6501521.81508601, 840892.7674142544 6500522.58474409, 839893.5363900104 6500522.388551592)))"
ima_gestion_images.imamnt2018laz1kmcc46.488,1840_5157,https://download.data.grandlyon.com/files/grandlyon/imagerie/mnt2018/lidar/laz/1840_5157.laz,488,"MULTIPOLYGON (((839893.3408779183 6501521.628854612, 839893.1453365912 6502520.857769089, 840892.3735685676 6502521.054024191, 840892.5705061328 6501521.8250784045, 839893.3408779183 6501521.628854612)))"
ima_gestion_images.imamnt2018laz1kmcc46.489,1840_5158,https://download.data.grandlyon.com/files/grandlyon/imagerie/mnt2018/lidar/laz/1840_5158.laz,489,"MULTIPOLYGON (((839893.1453346356 6502520.86776147, 839892.9497621085 6503520.095279579, 840892.1765976101 6503520.2915659975, 840892.373566598 6502521.064016573, 839893.1453346356 6502520.86776147)))"
ima_gestion_images.imamnt2018laz1kmcc46.490,1840_5159,https://download.data.grandlyon.com/files/grandlyon/imagerie/mnt2018/lidar/laz/1840_5159.laz,490,"MULTIPOLYGON (((839892.9497601527 6503520.105271947, 839892.7541564152 6504519.331393465, 840891.9795952195 6504519.527711208, 840892.1765956403 6503520.301558366, 839892.9497601527 6503520.105271947)))"
ima_gestion_images.imamnt2018laz1kmcc46.491,1840_5160,https://download.data.grandlyon.com/files/grandlyon/imagerie/mnt2018/lidar/laz/1840_5160.laz,491,"MULTIPOLYGON (((839892.754154459 6504519.341385819, 839892.5585195015 6505518.5661105225, 840891.7825613853 6505518.762459603, 840891.9795932492 6504519.537703564, 839892.754154459 6504519.341385819)))"
ima_gestion_images.imamnt2018laz1kmcc46.492,1840_5161,https://download.data.grandlyon.com/files/grandlyon/imagerie/mnt2018/lidar/laz/1840_5161.laz,492,"MULTIPOLYGON (((839892.558517545 6505518.576102862, 839892.3628513571 6506517.799430529, 840891.5854960979 6506517.995810958, 840891.7825594149 6505518.772451944, 839892.558517545 6505518.576102862)))"
ima_gestion_images.imamnt2018laz1kmcc46.493,1840_5162,https://download.data.grandlyon.com/files/grandlyon/imagerie/mnt2018/lidar/laz/1840_5162.laz,493,"MULTIPOLYGON (((839892.3628494004 6506517.809422856, 839892.1671519723 6507517.031353263, 840891.3883993471 6507517.227765049, 840891.5854941271 6506518.005803282, 839892.3628494004 6506517.809422856)))"
ima_gestion_images.imamnt2018laz1kmcc46.494,1840_5163,https://download.data.grandlyon.com/files/grandlyon/imagerie/mnt2018/lidar/laz/1840_5163.laz,494,"MULTIPOLYGON (((839892.1671500151 6507517.041345576, 839891.9714213369 6508516.261878501, 840891.1912711228 6508516.458321651, 840891.388397376 6507517.23775736, 839892.1671500151 6507517.041345576)))"
ima_gestion_images.imamnt2018laz1kmcc46.495,1840_5164,https://download.data.grandlyon.com/files/grandlyon/imagerie/mnt2018/lidar/laz/1840_5164.laz,495,"MULTIPOLYGON (((839891.9714193795 6508516.271870797, 839891.7756594409 6509515.491006018, 840890.9941114148 6509515.687480545, 840891.1912691514 6508516.468313949, 839891.9714193795 6508516.271870797)))"
ima_gestion_images.imamnt2018laz1kmcc46.496,1840_5165,https://download.data.grandlyon.com/files/grandlyon/imagerie/mnt2018/lidar/laz/1840_5165.laz,496,"MULTIPOLYGON (((839891.7756574831 6509515.5009983005, 839891.5798662744 6510514.718735593, 840890.796920213 6510514.915241508, 840890.994109443 6509515.697472828, 839891.7756574831 6509515.5009983005)))"
ima_gestion_images.imamnt2018laz1kmcc46.497,1840_5166,https://download.data.grandlyon.com/files/grandlyon/imagerie/mnt2018/lidar/laz/1840_5166.laz,497,"MULTIPOLYGON (((839891.5798643163 6510514.728727862, 839891.3840418272 6511513.945067002, 840890.5996975075 6511514.141604313, 840890.796918241 6510514.925233777, 839891.5798643163 6510514.728727862)))"
ima_gestion_images.imamnt2018laz1kmcc46.498,1840_5167,https://download.data.grandlyon.com/files/grandlyon/imagerie/mnt2018/lidar/laz/1840_5167.laz,498,"MULTIPOLYGON (((839891.3840398687 6511513.955059259, 839891.1881860893 6512513.170000022, 840890.4024432879 6512513.3665687395, 840890.5996955351 6511514.151596569, 839891.3840398687 6511513.955059259)))"
ima_gestion_images.imamnt2018laz1kmcc46.499,1840_5168,https://download.data.grandlyon.com/files/grandlyon/imagerie/mnt2018/lidar/laz/1840_5168.laz,499,"MULTIPOLYGON (((839891.1881841306 6512513.179992264, 839890.9922990507 6513512.393534428, 840890.2051575442 6513512.590134566, 840890.4024413152 6512513.376560982, 839891.1881841306 6512513.179992264)))"
ima_gestion_images.imamnt2018laz1kmcc46.500,1840_5169,https://download.data.grandlyon.com/files/grandlyon/imagerie/mnt2018/lidar/laz/1840_5169.laz,500,"MULTIPOLYGON (((839890.9922970916 6513512.403526658, 839890.7963807012 6514511.61567, 840890.0078402665 6514511.812301566, 840890.2051555712 6513512.6001267955, 839890.9922970916 6513512.403526658)))"
ima_gestion_images.imamnt2018laz1kmcc46.501,1840_5170,https://download.data.grandlyon.com/files/grandlyon/imagerie/mnt2018/lidar/laz/1840_5170.laz,501,"MULTIPOLYGON (((839890.796378742 6514511.625662214, 839890.6004310311 6515510.836406514, 840889.8104914443 6515511.033069515, 840890.0078382932 6514511.822293777, 839890.796378742 6514511.625662214)))"
ima_gestion_images.imamnt2018laz1kmcc46.502,1840_5171,https://download.data.grandlyon.com/files/grandlyon/imagerie/mnt2018/lidar/laz/1840_5171.laz,502,"MULTIPOLYGON (((839890.6004290715 6515510.846398715, 839890.4044500301 6516510.055743745, 840889.6131110678 6516510.252438192, 840889.8104894707 6515511.0430617165, 839890.6004290715 6515510.846398715)))"
ima_gestion_images.imamnt2018laz1kmcc46.503,1840_5172,https://download.data.grandlyon.com/files/grandlyon/imagerie/mnt2018/lidar/laz/1840_5172.laz,503,"MULTIPOLYGON (((839890.40444807 6516510.06573593, 839890.208437688 6517509.273681469, 840889.4156991268 6517509.470407375, 840889.6131090939 6516510.262430379, 839890.40444807 6516510.06573593)))"
ima_gestion_images.imamnt2018laz1kmcc46.504,1840_5173,https://download.data.grandlyon.com/files/grandlyon/imagerie/mnt2018/lidar/laz/1840_5173.laz,504,"MULTIPOLYGON (((839890.2084357276 6517509.28367364, 839890.0123939948 6518508.4902194645, 840889.2182556109 6518508.686976837, 840889.4156971525 6517509.480399546, 839890.2084357276 6517509.28367364)))"
ima_gestion_images.imamnt2018laz1kmcc46.505,1840_5174,https://download.data.grandlyon.com/files/grandlyon/imagerie/mnt2018/lidar/laz/1840_5174.laz,505,"MULTIPOLYGON (((839890.0123920343 6518508.500211621, 839889.8163189408 6519507.705357502, 840889.0207805103 6519507.902146353, 840889.2182536363 6518508.696968994, 839890.0123920343 6518508.500211621)))"
ima_gestion_images.imamnt2018laz1kmcc46.506,1840_5175,https://download.data.grandlyon.com/files/grandlyon/imagerie/mnt2018/lidar/laz/1840_5175.laz,506,"MULTIPOLYGON (((839889.8163169799 6519507.715349646, 839889.6202125155 6520506.919095364, 840888.8232738145 6520507.115915703, 840889.0207785353 6519507.9121384965, 839889.8163169799 6519507.715349646)))"
ima_gestion_images.imamnt2018laz1kmcc46.507,1840_5176,https://download.data.grandlyon.com/files/grandlyon/imagerie/mnt2018/lidar/laz/1840_5176.laz,507,"MULTIPOLYGON (((839889.6202105543 6520506.929087495, 839889.424074709 6521506.131432825, 840888.6257355135 6521506.328284662, 840888.8232718392 6520507.125907835, 839889.6202105543 6520506.929087495)))"
ima_gestion_images.imamnt2018laz1kmcc46.508,1840_5177,https://download.data.grandlyon.com/files/grandlyon/imagerie/mnt2018/lidar/laz/1840_5177.laz,508,"MULTIPOLYGON (((839889.4240727474 6521506.141424945, 839889.2279055112 6522505.342369662, 840888.4281655974 6522505.539253007, 840888.6257335381 6521506.338276779, 839889.4240727474 6521506.141424945)))"
ima_gestion_images.imamnt2018laz1kmcc46.509,1840_5178,https://download.data.grandlyon.com/files/grandlyon/imagerie/mnt2018/lidar/laz/1840_5178.laz,509,"MULTIPOLYGON (((839889.2279035493 6522505.352361764, 839889.0317049118 6523504.551905647, 840888.2305640557 6523504.74882051, 840888.4281636215 6522505.54924511, 839889.2279035493 6522505.352361764)))"
ima_gestion_images.imamnt2018laz1kmcc46.510,1840_5179,https://download.data.grandlyon.com/files/grandlyon/imagerie/mnt2018/lidar/laz/1840_5179.laz,510,"MULTIPOLYGON (((839889.0317029497 6523504.561897735, 839888.8354729009 6524503.760040563, 840888.0329308782 6524503.956986953, 840888.2305620795 6523504.758812599, 839889.0317029497 6523504.561897735)))"
ima_gestion_images.imamnt2018laz1kmcc46.511,1840_5180,https://download.data.grandlyon.com/files/grandlyon/imagerie/mnt2018/lidar/laz/1840_5180.laz,511,"MULTIPOLYGON (((839888.8354709385 6524503.770032635, 839888.6392094684 6525502.966774178, 840887.8352660551 6525503.163752107, 840888.0329289018 6524503.966979027, 839888.8354709385 6524503.770032635)))"
ima_gestion_images.imamnt2018laz1kmcc46.512,1840_5181,https://download.data.grandlyon.com/files/grandlyon/imagerie/mnt2018/lidar/laz/1840_5181.laz,512,"MULTIPOLYGON (((839888.6392075057 6525502.976766236, 839888.4429146043 6526502.172106271, 840887.6375695759 6526502.369115747, 840887.8352640783 6525503.173744165, 839888.6392075057 6525502.976766236)))"
ima_gestion_images.imamnt2018laz1kmcc46.513,1840_5182,https://download.data.grandlyon.com/files/grandlyon/imagerie/mnt2018/lidar/laz/1840_5182.laz,513,"MULTIPOLYGON (((839888.4429126412 6526502.182098317, 839888.2465882984 6527501.376036617, 840887.4398414305 6527501.5730776545, 840887.6375675988 6526502.379107794, 839888.4429126412 6526502.182098317)))"
ima_gestion_images.imamnt2018laz1kmcc46.514,1840_5183,https://download.data.grandlyon.com/files/grandlyon/imagerie/mnt2018/lidar/laz/1840_5183.laz,514,"MULTIPOLYGON (((839888.2465863349 6527501.386028649, 839888.0502305403 6528500.578564992, 840887.2420816087 6528500.775637598, 840887.4398394531 6527501.583069686, 839888.2465863349 6527501.386028649)))"
ima_gestion_images.imamnt2018laz1kmcc46.515,1840_5184,https://download.data.grandlyon.com/files/grandlyon/imagerie/mnt2018/lidar/laz/1840_5184.laz,515,"MULTIPOLYGON (((839888.0502285766 6528500.58855701, 839887.8538413204 6529499.779691173, 840887.0442901005 6529499.976795359, 840887.242079631 6528500.785629617, 839888.0502285766 6528500.58855701)))"
ima_gestion_images.imamnt2018laz1kmcc46.516,1840_5185,https://download.data.grandlyon.com/files/grandlyon/imagerie/mnt2018/lidar/laz/1840_5185.laz,516,"MULTIPOLYGON (((839887.8538393562 6529499.789683177, 839887.657420628 6530498.979414935, 840886.8464668953 6530499.176550709, 840887.0442881223 6529499.986787363, 839887.8538393562 6529499.789683177)))"
ima_gestion_images.imamnt2018laz1kmcc46.517,1840_5186,https://download.data.grandlyon.com/files/grandlyon/imagerie/mnt2018/lidar/laz/1840_5186.laz,517,"MULTIPOLYGON (((839887.6574186636 6530498.989406927, 839887.4609684534 6531498.177736052, 840886.6486119832 6531498.374903425, 840886.846464917 6530499.186542698, 839887.6574186636 6530498.989406927)))"
ima_gestion_images.imamnt2018laz1kmcc46.518,1840_5187,https://download.data.grandlyon.com/files/grandlyon/imagerie/mnt2018/lidar/laz/1840_5187.laz,518,"MULTIPOLYGON (((839887.4609664888 6531498.187728027, 839887.2644847863 6532497.374654302, 840886.450725354 6532497.571853283, 840886.6486100046 6531498.384895401, 839887.4609664888 6531498.187728027)))"
ima_gestion_images.imamnt2018laz1kmcc46.519,1840_5188,https://download.data.grandlyon.com/files/grandlyon/imagerie/mnt2018/lidar/laz/1840_5188.laz,519,"MULTIPOLYGON (((839887.2644828213 6532497.384646262, 839887.0679696166 6533496.5701694535, 840886.2528069974 6533496.767400057, 840886.4507233748 6532497.581845247, 839887.2644828213 6532497.384646262)))"
ima_gestion_images.imamnt2018laz1kmcc46.520,1840_5189,https://download.data.grandlyon.com/files/grandlyon/imagerie/mnt2018/lidar/laz/1840_5189.laz,520,"MULTIPOLYGON (((839887.0679676513 6533496.580161403, 839886.8714229342 6534495.764281291, 840886.0548569029 6534495.961543523, 840886.2528050179 6533496.7773920065, 839887.0679676513 6533496.580161403)))"
ima_gestion_images.imamnt2018laz1kmcc46.521,1840_5190,https://download.data.grandlyon.com/files/grandlyon/imagerie/mnt2018/lidar/laz/1840_5190.laz,521,"MULTIPOLYGON (((839886.8714209686 6534495.774273225, 839886.6748447288 6535494.9569895845, 840885.8568750608 6535495.154283456, 840886.0548549233 6534495.971535457, 839886.8714209686 6534495.774273225)))"
ima_gestion_images.imamnt2018laz1kmcc46.522,1840_5191,https://download.data.grandlyon.com/files/grandlyon/imagerie/mnt2018/lidar/laz/1840_5191.laz,522,"MULTIPOLYGON (((839886.6748427629 6535494.966981504, 839886.4782349905 6536494.148294107, 840885.6588614606 6536494.345619629, 840885.8568730808 6535495.164275375, 839886.6748427629 6535494.966981504)))"
ima_gestion_images.imamnt2018laz1kmcc46.523,1840_5192,https://download.data.grandlyon.com/files/grandlyon/imagerie/mnt2018/lidar/laz/1840_5192.laz,523,"MULTIPOLYGON (((839886.4782330242 6536494.158286012, 839886.2815937088 6537493.338194638, 840885.4608160921 6537493.53555182, 840885.6588594804 6536494.355611535, 839886.4782330242 6536494.158286012)))"
ima_gestion_images.imamnt2018laz1kmcc46.524,1840_5193,https://download.data.grandlyon.com/files/grandlyon/imagerie/mnt2018/lidar/laz/1840_5193.laz,524,"MULTIPOLYGON (((839886.2815917422 6537493.348186531, 839886.0849208737 6538492.526690948, 840885.2627389451 6538492.7240798045, 840885.4608141115 6537493.545543713, 839886.2815917422 6537493.348186531)))"
ima_gestion_images.imamnt2018laz1kmcc46.525,1840_5194,https://download.data.grandlyon.com/files/grandlyon/imagerie/mnt2018/lidar/laz/1840_5194.laz,525,"MULTIPOLYGON (((839886.0849189068 6538492.536682829, 839885.8882164751 6539491.71378282, 840885.0646300092 6539491.9112033555, 840885.262736964 6538492.734071683, 839886.0849189068 6538492.536682829)))"
ima_gestion_images.imamnt2018laz1kmcc46.526,1840_5195,https://download.data.grandlyon.com/files/grandlyon/imagerie/mnt2018/lidar/laz/1840_5195.laz,526,"MULTIPOLYGON (((839885.888214508 6539491.723774682, 839885.6914805027 6540490.899470016, 840884.8664892744 6540491.096922244, 840885.064628028 6539491.921195218, 839885.888214508 6539491.723774682)))"
ima_gestion_images.imamnt2018laz1kmcc46.527,1840_5196,https://download.data.grandlyon.com/files/grandlyon/imagerie/mnt2018/lidar/laz/1840_5196.laz,527,"MULTIPOLYGON (((839885.6914785353 6540490.909461867, 839885.4947129465 6541490.083752322, 840884.6683167302 6541490.281236251, 840884.8664872928 6540491.106914094, 839885.6914785353 6540490.909461867)))"
ima_gestion_images.imamnt2018laz1kmcc46.528,1840_5197,https://download.data.grandlyon.com/files/grandlyon/imagerie/mnt2018/lidar/laz/1840_5197.laz,528,"MULTIPOLYGON (((839885.4947109787 6541490.093744157, 839885.3153337637 6542400.829009732, 840884.4876567186 6542401.026522566, 840884.6683147483 6541490.291228086, 839885.4947109787 6541490.093744157)))"
ima_gestion_images.imamnt2018laz1kmcc46.529,1841_5150,https://download.data.grandlyon.com/files/grandlyon/imagerie/mnt2018/lidar/laz/1841_5150.laz,529,"MULTIPOLYGON (((840893.9149108499 6494746.998231035, 840893.761478466 6495526.35214754, 841892.9995108884 6495526.549578508, 841893.1540310625 6494747.195637466, 840893.9149108499 6494746.998231035)))"
ima_gestion_images.imamnt2018laz1kmcc46.530,1841_5151,https://download.data.grandlyon.com/files/grandlyon/imagerie/mnt2018/lidar/laz/1841_5151.laz,530,"MULTIPOLYGON (((840893.7614764987 6495526.36214002, 840893.5647272452 6496525.599459283, 841892.8013647598 6496525.796921721, 841892.9995089071 6495526.55957099, 840893.7614764987 6495526.36214002)))"
ima_gestion_images.imamnt2018laz1kmcc46.531,1841_5152,https://download.data.grandlyon.com/files/grandlyon/imagerie/mnt2018/lidar/laz/1841_5152.laz,531,"MULTIPOLYGON (((840893.5647252776 6496525.609451749, 840893.3679446616 6497524.845375988, 841892.6031870464 6497525.042869902, 841892.8013627782 6496525.806914186, 840893.5647252776 6496525.609451749)))"
ima_gestion_images.imamnt2018laz1kmcc46.532,1841_5153,https://download.data.grandlyon.com/files/grandlyon/imagerie/mnt2018/lidar/laz/1841_5153.laz,532,"MULTIPOLYGON (((840893.3679426936 6497524.855368439, 840893.1711307052 6498524.089897431, 841892.4049777376 6498524.287422835, 841892.6031850644 6497525.052862355, 840893.3679426936 6497524.855368439)))"
ima_gestion_images.imamnt2018laz1kmcc46.533,1841_5154,https://download.data.grandlyon.com/files/grandlyon/imagerie/mnt2018/lidar/laz/1841_5154.laz,533,"MULTIPOLYGON (((840893.1711287369 6498524.09988987, 840892.974285366 6499523.3330233935, 841892.2067368237 6499523.530580297, 841892.4049757554 6498524.297415272, 840893.1711287369 6498524.09988987)))"
ima_gestion_images.imamnt2018laz1kmcc46.534,1841_5155,https://download.data.grandlyon.com/files/grandlyon/imagerie/mnt2018/lidar/laz/1841_5155.laz,534,"MULTIPOLYGON (((840892.9742833973 6499523.343015816, 840892.7774086336 6500522.574753649, 841892.0084642944 6500522.772342061, 841892.206734841 6499523.540572721, 840892.9742833973 6499523.343015816)))"
ima_gestion_images.imamnt2018laz1kmcc46.535,1841_5156,https://download.data.grandlyon.com/files/grandlyon/imagerie/mnt2018/lidar/laz/1841_5156.laz,535,"MULTIPOLYGON (((840892.7774066647 6500522.58474606, 840892.5805004984 6501521.81508798, 841891.8101601396 6501522.01270791, 841892.0084623116 6500522.78233447, 840892.7774066647 6500522.58474606)))"
ima_gestion_images.imamnt2018laz1kmcc46.536,1841_5157,https://download.data.grandlyon.com/files/grandlyon/imagerie/mnt2018/lidar/laz/1841_5157.laz,536,"MULTIPOLYGON (((840892.5804985291 6501521.825080375, 840892.38356095 6502521.0540261585, 841891.6118243492 6502521.251677619, 841891.8101581564 6501522.022700307, 840892.5804985291 6501521.825080375)))"
ima_gestion_images.imamnt2018laz1kmcc46.537,1841_5158,https://download.data.grandlyon.com/files/grandlyon/imagerie/mnt2018/lidar/laz/1841_5158.laz,537,"MULTIPOLYGON (((840892.3835589807 6502521.06401854, 840892.1865899785 6503520.291567967, 841891.4134569131 6503520.4892509645, 841891.6118223658 6502521.26167, 840892.3835589807 6502521.06401854)))"
ima_gestion_images.imamnt2018laz1kmcc46.538,1841_5159,https://download.data.grandlyon.com/files/grandlyon/imagerie/mnt2018/lidar/laz/1841_5159.laz,538,"MULTIPOLYGON (((840892.1865880087 6503520.301560336, 840891.9895875739 6504519.52771318, 841891.2150578209 6504519.725427728, 841891.4134549293 6503520.499243333, 840892.1865880087 6503520.301560336)))"
ima_gestion_images.imamnt2018laz1kmcc46.539,1841_5160,https://download.data.grandlyon.com/files/grandlyon/imagerie/mnt2018/lidar/laz/1841_5160.laz,539,"MULTIPOLYGON (((840891.9895856036 6504519.537705535, 840891.7925537259 6505518.762461574, 841891.0166270629 6505518.960207679, 841891.2150558368 6504519.735420082, 840891.9895856036 6504519.537705535)))"
ima_gestion_images.imamnt2018laz1kmcc46.540,1841_5161,https://download.data.grandlyon.com/files/grandlyon/imagerie/mnt2018/lidar/laz/1841_5161.laz,540,"MULTIPOLYGON (((840891.7925517554 6505518.772453914, 840891.5954884245 6506517.995812927, 841890.8181646285 6506518.193590604, 841891.0166250784 6505518.97020002, 840891.7925517554 6505518.772453914)))"
ima_gestion_images.imamnt2018laz1kmcc46.541,1841_5162,https://download.data.grandlyon.com/files/grandlyon/imagerie/mnt2018/lidar/laz/1841_5162.laz,541,"MULTIPOLYGON (((840891.5954864537 6506518.005805256, 840891.3983916598 6507517.2277670195, 841890.6196705078 6507517.425576274, 841890.8181626438 6506518.20358293, 840891.5954864537 6506518.005805256)))"
ima_gestion_images.imamnt2018laz1kmcc46.542,1841_5163,https://download.data.grandlyon.com/files/grandlyon/imagerie/mnt2018/lidar/laz/1841_5163.laz,542,"MULTIPOLYGON (((840891.3983896887 6507517.23775933, 840891.2012634213 6508516.458323622, 841890.4211446906 6508516.656164469, 841890.6196685227 6507517.435568586, 840891.3983896887 6507517.23775933)))"
ima_gestion_images.imamnt2018laz1kmcc46.543,1841_5164,https://download.data.grandlyon.com/files/grandlyon/imagerie/mnt2018/lidar/laz/1841_5164.laz,543,"MULTIPOLYGON (((840891.20126145 6508516.468315921, 840891.0041036995 6509515.687482516, 841890.2225871666 6509515.885354962, 841890.4211427051 6508516.666156768, 840891.20126145 6508516.468315921)))"
ima_gestion_images.imamnt2018laz1kmcc46.544,1841_5165,https://download.data.grandlyon.com/files/grandlyon/imagerie/mnt2018/lidar/laz/1841_5165.laz,544,"MULTIPOLYGON (((840891.0041017276 6509515.697474802, 840890.8069124836 6510514.9152434785, 841890.0239979258 6510515.113147535, 841890.2225851809 6509515.895347249, 840891.0041017276 6509515.697474802)))"
ima_gestion_images.imamnt2018laz1kmcc46.545,1841_5166,https://download.data.grandlyon.com/files/grandlyon/imagerie/mnt2018/lidar/laz/1841_5166.laz,545,"MULTIPOLYGON (((840890.8069105116 6510514.92523575, 840890.6096897641 6511514.141606286, 841889.825376958 6511514.339541962, 841890.0239959399 6510515.123139805, 840890.8069105116 6510514.92523575)))"
ima_gestion_images.imamnt2018laz1kmcc46.546,1841_5167,https://download.data.grandlyon.com/files/grandlyon/imagerie/mnt2018/lidar/laz/1841_5167.laz,546,"MULTIPOLYGON (((840890.6096877917 6511514.151598541, 840890.4124355307 6512513.366570712, 841889.626724253 6512513.56453802, 841889.8253749717 6511514.349534217, 840890.6096877917 6511514.151598541)))"
ima_gestion_images.imamnt2018laz1kmcc46.547,1841_5168,https://download.data.grandlyon.com/files/grandlyon/imagerie/mnt2018/lidar/laz/1841_5168.laz,547,"MULTIPOLYGON (((840890.4124335579 6512513.376562957, 840890.215149773 6513512.590136537, 841889.4280398005 6513512.788135487, 841889.6267222663 6512513.574530263, 840890.4124335579 6512513.376562957)))"
ima_gestion_images.imamnt2018laz1kmcc46.548,1841_5169,https://download.data.grandlyon.com/files/grandlyon/imagerie/mnt2018/lidar/laz/1841_5169.laz,548,"MULTIPOLYGON (((840890.2151477999 6513512.600128768, 840890.0178324812 6514511.812303538, 841889.2293235904 6514512.010334137, 841889.4280378134 6513512.798127714, 840890.2151477999 6513512.600128768)))"
ima_gestion_images.imamnt2018laz1kmcc46.549,1841_5170,https://download.data.grandlyon.com/files/grandlyon/imagerie/mnt2018/lidar/laz/1841_5170.laz,549,"MULTIPOLYGON (((840890.017830508 6514511.822295751, 840889.8204836451 6515511.033071488, 841889.0305756126 6515511.231133747, 841889.2293216031 6514512.020326353, 840890.017830508 6514511.822295751)))"
ima_gestion_images.imamnt2018laz1kmcc46.550,1841_5171,https://download.data.grandlyon.com/files/grandlyon/imagerie/mnt2018/lidar/laz/1841_5171.laz,550,"MULTIPOLYGON (((840889.8204816715 6515511.043063689, 840889.6231032546 6516510.252440165, 841888.8317958566 6516510.450534096, 841889.0305736249 6515511.241125949, 840889.8204816715 6515511.043063689)))"
ima_gestion_images.imamnt2018laz1kmcc46.551,1841_5172,https://download.data.grandlyon.com/files/grandlyon/imagerie/mnt2018/lidar/laz/1841_5172.laz,551,"MULTIPOLYGON (((840889.6231012807 6516510.262432353, 840889.4256912994 6517509.470409349, 841888.6329843126 6517509.66853496, 841888.8317938687 6516510.460526283, 840889.6231012807 6516510.262432353)))"
ima_gestion_images.imamnt2018laz1kmcc46.552,1841_5173,https://download.data.grandlyon.com/files/grandlyon/imagerie/mnt2018/lidar/laz/1841_5173.laz,552,"MULTIPOLYGON (((840889.4256893252 6517509.480401522, 840889.2282477696 6518508.68697881, 841888.43414097 6518508.8851361135, 841888.6329823243 6517509.678527131, 840889.4256893252 6517509.480401522)))"
ima_gestion_images.imamnt2018laz1kmcc46.553,1841_5174,https://download.data.grandlyon.com/files/grandlyon/imagerie/mnt2018/lidar/laz/1841_5174.laz,553,"MULTIPOLYGON (((840889.2282457949 6518508.696970969, 840889.0307726549 6519507.902148327, 841888.235265819 6519508.100337332, 841888.4341389815 6518508.89512827, 840889.2282457949 6518508.696970969)))"
ima_gestion_images.imamnt2018laz1kmcc46.554,1841_5175,https://download.data.grandlyon.com/files/grandlyon/imagerie/mnt2018/lidar/laz/1841_5175.laz,554,"MULTIPOLYGON (((840889.0307706799 6519507.912140473, 840888.8332659451 6520507.115917679, 841888.036358849 6520507.314138394, 841888.23526383 6519508.110329477, 840889.0307706799 6519507.912140473)))"
ima_gestion_images.imamnt2018laz1kmcc46.555,1841_5176,https://download.data.grandlyon.com/files/grandlyon/imagerie/mnt2018/lidar/laz/1841_5176.laz,555,"MULTIPOLYGON (((840888.83326397 6520507.12590981, 840888.6357276302 6521506.328286638, 841887.8374200499 6521506.526539075, 841888.0363568598 6520507.324130524, 840888.83326397 6520507.12590981)))"
ima_gestion_images.imamnt2018laz1kmcc46.556,1841_5177,https://download.data.grandlyon.com/files/grandlyon/imagerie/mnt2018/lidar/laz/1841_5177.laz,556,"MULTIPOLYGON (((840888.6357256548 6521506.338278755, 840888.4381577 6522505.539254985, 841887.6384494115 6522505.737539154, 841887.8374180604 6521506.536531192, 840888.6357256548 6521506.338278755)))"
ima_gestion_images.imamnt2018laz1kmcc46.557,1841_5178,https://download.data.grandlyon.com/files/grandlyon/imagerie/mnt2018/lidar/laz/1841_5178.laz,557,"MULTIPOLYGON (((840888.4381557242 6522505.549247084, 840888.2405561443 6523504.748822487, 841887.4394469236 6523504.947138399, 841887.6384474217 6522505.747531253, 840888.4381557242 6522505.549247084)))"
ima_gestion_images.imamnt2018laz1kmcc46.558,1841_5179,https://download.data.grandlyon.com/files/grandlyon/imagerie/mnt2018/lidar/laz/1841_5179.laz,558,"MULTIPOLYGON (((840888.2405541681 6523504.758814575, 840888.042922953 6524503.956988928, 841887.2404125759 6524504.155336593, 841887.4394449334 6523504.957130487, 840888.2405541681 6523504.758814575)))"
ima_gestion_images.imamnt2018laz1kmcc46.559,1841_5180,https://download.data.grandlyon.com/files/grandlyon/imagerie/mnt2018/lidar/laz/1841_5180.laz,559,"MULTIPOLYGON (((840888.0429209764 6524503.966981003, 840887.8452581158 6525503.163754082, 841887.0413463581 6525503.3621335095, 841887.2404105853 6524504.165328669, 840888.0429209764 6524503.966981003)))"
ima_gestion_images.imamnt2018laz1kmcc46.560,1841_5181,https://download.data.grandlyon.com/files/grandlyon/imagerie/mnt2018/lidar/laz/1841_5181.laz,560,"MULTIPOLYGON (((840887.845256139 6525503.173746143, 840887.6475616226 6526502.369117726, 841886.84224826 6526502.567528924, 841887.0413443673 6525503.372125568, 840887.845256139 6525503.173746143)))"
ima_gestion_images.imamnt2018laz1kmcc46.561,1841_5182,https://download.data.grandlyon.com/files/grandlyon/imagerie/mnt2018/lidar/laz/1841_5182.laz,561,"MULTIPOLYGON (((840887.6475596455 6526502.379109772, 840887.4498334632 6527501.573079631, 841886.6431182715 6527501.771522613, 841886.8422462689 6526502.577520972, 840887.6475596455 6526502.379109772)))"
ima_gestion_images.imamnt2018laz1kmcc46.562,1841_5183,https://download.data.grandlyon.com/files/grandlyon/imagerie/mnt2018/lidar/laz/1841_5183.laz,562,"MULTIPOLYGON (((840887.4498314857 6527501.583071663, 840887.2520736274 6528500.775639575, 841886.4439563821 6528500.974114352, 841886.64311628 6527501.781514646, 840887.4498314857 6527501.583071663)))"
ima_gestion_images.imamnt2018laz1kmcc46.563,1841_5184,https://download.data.grandlyon.com/files/grandlyon/imagerie/mnt2018/lidar/laz/1841_5184.laz,563,"MULTIPOLYGON (((840887.2520716497 6528500.785631594, 840887.054282105 6529499.976797337, 841886.2447625818 6529500.1753039155, 841886.4439543904 6528500.98410637, 840887.2520716497 6528500.785631594)))"
ima_gestion_images.imamnt2018laz1kmcc46.564,1841_5185,https://download.data.grandlyon.com/files/grandlyon/imagerie/mnt2018/lidar/laz/1841_5185.laz,564,"MULTIPOLYGON (((840887.0542801269 6529499.986789341, 840886.8564588858 6530499.176552686, 841886.0455368599 6530499.375091081, 841886.2447605894 6529500.185295922, 840887.0542801269 6529499.986789341)))"
ima_gestion_images.imamnt2018laz1kmcc46.565,1841_5186,https://download.data.grandlyon.com/files/grandlyon/imagerie/mnt2018/lidar/laz/1841_5186.laz,565,"MULTIPOLYGON (((840886.8564569075 6530499.186544678, 840886.6586039597 6531498.374905404, 841885.8462792065 6531498.573475622, 841886.0455348673 6530499.385083073, 840886.8564569075 6530499.186544678)))"
ima_gestion_images.imamnt2018laz1kmcc46.566,1841_5187,https://download.data.grandlyon.com/files/grandlyon/imagerie/mnt2018/lidar/laz/1841_5187.laz,566,"MULTIPOLYGON (((840886.658601981 6531498.38489738, 840886.4607173164 6532497.571855263, 841885.646989611 6532497.770457314, 841885.8462772137 6531498.583467598, 840886.658601981 6531498.38489738)))"
ima_gestion_images.imamnt2018laz1kmcc46.567,1841_5188,https://download.data.grandlyon.com/files/grandlyon/imagerie/mnt2018/lidar/laz/1841_5188.laz,567,"MULTIPOLYGON (((840886.4607153374 6532497.581847224, 840886.2627989458 6533496.767402037, 841885.4476680637 6533496.966035934, 841885.6469876181 6532497.780449277, 840886.4607153374 6532497.581847224)))"
ima_gestion_images.imamnt2018laz1kmcc46.568,1841_5189,https://download.data.grandlyon.com/files/grandlyon/imagerie/mnt2018/lidar/laz/1841_5189.laz,568,"MULTIPOLYGON (((840886.2627969664 6533496.777393985, 840886.0648488374 6534495.961545504, 841885.2483145536 6534496.160211254, 841885.4476660702 6533496.976027883, 840886.2627969664 6533496.777393985)))"
ima_gestion_images.imamnt2018laz1kmcc46.569,1841_5190,https://download.data.grandlyon.com/files/grandlyon/imagerie/mnt2018/lidar/laz/1841_5190.laz,569,"MULTIPOLYGON (((840886.0648468578 6534495.971537435, 840885.8668669811 6535495.154285436, 841885.0489290709 6535495.352983052, 841885.2483125599 6534496.170203189, 840886.0648468578 6534495.971537435)))"
ima_gestion_images.imamnt2018laz1kmcc46.570,1841_5191,https://download.data.grandlyon.com/files/grandlyon/imagerie/mnt2018/lidar/laz/1841_5191.laz,570,"MULTIPOLYGON (((840885.8668650013 6535495.164277356, 840885.668853367 6536494.345621609, 841884.849511605 6536494.544351106, 841885.0489270769 6535495.362974973, 840885.8668650013 6535495.164277356)))"
ima_gestion_images.imamnt2018laz1kmcc46.571,1841_5192,https://download.data.grandlyon.com/files/grandlyon/imagerie/mnt2018/lidar/laz/1841_5192.laz,571,"MULTIPOLYGON (((840885.6688513866 6536494.355613518, 840885.4708079845 6537493.535553802, 841884.6500621459 6537493.734315179, 841884.8495096108 6536494.554343009, 840885.6688513866 6536494.355613518)))"
ima_gestion_images.imamnt2018laz1kmcc46.572,1841_5193,https://download.data.grandlyon.com/files/grandlyon/imagerie/mnt2018/lidar/laz/1841_5193.laz,572,"MULTIPOLYGON (((840885.4708060038 6537493.545545694, 840885.2727308233 6538492.724081785, 841884.4505806831 6538492.922875059, 841884.6500601512 6537493.744307075, 840885.4708060038 6537493.545545694)))"
ima_gestion_images.imamnt2018laz1kmcc46.573,1841_5194,https://download.data.grandlyon.com/files/grandlyon/imagerie/mnt2018/lidar/laz/1841_5194.laz,573,"MULTIPOLYGON (((840885.2727288425 6538492.734073661, 840885.0746218734 6539491.911205335, 841884.2510672063 6539492.110030515, 841884.4505786881 6538492.932866938, 840885.2727288425 6538492.734073661)))"
ima_gestion_images.imamnt2018laz1kmcc46.574,1841_5195,https://download.data.grandlyon.com/files/grandlyon/imagerie/mnt2018/lidar/laz/1841_5195.laz,574,"MULTIPOLYGON (((840885.0746198922 6539491.921197199, 840884.8764811245 6540491.096924226, 841884.051521705 6540491.295781321, 841884.2510652109 6539492.12002238, 840885.0746198922 6539491.921197199)))"
ima_gestion_images.imamnt2018laz1kmcc46.575,1841_5196,https://download.data.grandlyon.com/files/grandlyon/imagerie/mnt2018/lidar/laz/1841_5196.laz,575,"MULTIPOLYGON (((840884.8764791429 6540491.106916075, 840884.6783085663 6541490.281238232, 841883.8519441691 6541490.480127256, 841884.0515197094 6540491.305773173, 840884.8764791429 6540491.106916075)))"
ima_gestion_images.imamnt2018laz1kmcc46.576,1841_5197,https://download.data.grandlyon.com/files/grandlyon/imagerie/mnt2018/lidar/laz/1841_5197.laz,576,"MULTIPOLYGON (((840884.6783065844 6541490.291230068, 840884.4975097897 6542401.725952178, 841883.6698635893 6542401.924870333, 841883.8519421732 6541490.490119091, 840884.6783065844 6541490.291230068)))"
ima_gestion_images.imamnt2018laz1kmcc46.577,1842_5150,https://download.data.grandlyon.com/files/grandlyon/imagerie/mnt2018/lidar/laz/1842_5150.laz,577,"MULTIPOLYGON (((841893.1703094328 6494715.489463901, 841893.0095033688 6495526.54958049, 842892.2475673659 6495526.74840625, 842892.409505463 6494715.688263943, 841893.1703094328 6494715.489463901)))"
ima_gestion_images.imamnt2018laz1kmcc46.578,1842_5151,https://download.data.grandlyon.com/files/grandlyon/imagerie/mnt2018/lidar/laz/1842_5151.laz,578,"MULTIPOLYGON (((841893.0095013875 6495526.55957297, 841892.8113572262 6496525.7969237, 842892.0480263256 6496525.99578115, 842892.2475653706 6495526.758398729, 841893.0095013875 6495526.55957297)))"
ima_gestion_images.imamnt2018laz1kmcc46.579,1842_5152,https://download.data.grandlyon.com/files/grandlyon/imagerie/mnt2018/lidar/laz/1842_5152.laz,579,"MULTIPOLYGON (((841892.8113552447 6496525.806916166, 841892.6131794988 6497525.042871883, 842891.8484534782 6497525.241761036, 842892.04802433 6496526.005773619, 841892.8113552447 6496525.806916166)))"
ima_gestion_images.imamnt2018laz1kmcc46.580,1842_5153,https://download.data.grandlyon.com/files/grandlyon/imagerie/mnt2018/lidar/laz/1842_5153.laz,580,"MULTIPOLYGON (((841892.6131775168 6497525.052864336, 841892.4149701762 6498524.287424818, 842891.6488488135 6498524.48634568, 842891.8484514824 6497525.251753489, 841892.6131775168 6497525.052864336)))"
ima_gestion_images.imamnt2018laz1kmcc46.581,1842_5154,https://download.data.grandlyon.com/files/grandlyon/imagerie/mnt2018/lidar/laz/1842_5154.laz,581,"MULTIPOLYGON (((841892.414968194 6498524.297417255, 841892.2167292483 6499523.530582277, 842891.4492123211 6499523.729534861, 842891.6488468172 6498524.496338118, 841892.414968194 6498524.297417255)))"
ima_gestion_images.imamnt2018laz1kmcc46.582,1842_5155,https://download.data.grandlyon.com/files/grandlyon/imagerie/mnt2018/lidar/laz/1842_5155.laz,582,"MULTIPOLYGON (((841892.2167272659 6499523.540574702, 841892.0184567051 6500522.7723440435, 842891.2495439909 6500522.971328358, 842891.4492103246 6499523.739527286, 841892.2167272659 6499523.540574702)))"
ima_gestion_images.imamnt2018laz1kmcc46.583,1842_5156,https://download.data.grandlyon.com/files/grandlyon/imagerie/mnt2018/lidar/laz/1842_5156.laz,583,"MULTIPOLYGON (((841892.0184547221 6500522.782336455, 841891.8201525363 6501522.012709892, 842891.049843813 6501522.211725948, 842891.2495419942 6500522.981320768, 841892.0184547221 6500522.782336455)))"
ima_gestion_images.imamnt2018laz1kmcc46.584,1842_5157,https://download.data.grandlyon.com/files/grandlyon/imagerie/mnt2018/lidar/laz/1842_5157.laz,584,"MULTIPOLYGON (((841891.8201505531 6501522.022702291, 841891.621816732 6502521.251679602, 842890.8501117765 6502521.450727412, 842891.0498418157 6501522.221718345, 841891.8201505531 6501522.022702291)))"
ima_gestion_images.imamnt2018laz1kmcc46.585,1842_5158,https://download.data.grandlyon.com/files/grandlyon/imagerie/mnt2018/lidar/laz/1842_5158.laz,585,"MULTIPOLYGON (((841891.6218147484 6502521.2616719855, 841891.423449282 6503520.489252948, 842890.6503478719 6503520.688332519, 842890.850109779 6502521.460719794, 841891.6218147484 6502521.2616719855)))"
ima_gestion_images.imamnt2018laz1kmcc46.586,1842_5159,https://download.data.grandlyon.com/files/grandlyon/imagerie/mnt2018/lidar/laz/1842_5159.laz,586,"MULTIPOLYGON (((841891.4234472979 6503520.499245319, 841891.2250501758 6504519.72542971, 842890.4505520886 6504519.924541053, 842890.650345874 6503520.698324888, 841891.4234472979 6503520.499245319)))"
ima_gestion_images.imamnt2018laz1kmcc46.587,1842_5160,https://download.data.grandlyon.com/files/grandlyon/imagerie/mnt2018/lidar/laz/1842_5160.laz,587,"MULTIPOLYGON (((841891.2250481916 6504519.735422066, 841891.0266194037 6505518.960209666, 842890.2507244166 6505519.159352789, 842890.4505500905 6504519.934533408, 841891.2250481916 6504519.735422066)))"
ima_gestion_images.imamnt2018laz1kmcc46.588,1842_5161,https://download.data.grandlyon.com/files/grandlyon/imagerie/mnt2018/lidar/laz/1842_5161.laz,588,"MULTIPOLYGON (((841891.0266174192 6505518.970202005, 841890.8281569553 6506518.193592589, 842890.0508648454 6506518.392767505, 842890.2507224182 6505519.169345129, 841891.0266174192 6505518.970202005)))"
ima_gestion_images.imamnt2018laz1kmcc46.589,1842_5162,https://download.data.grandlyon.com/files/grandlyon/imagerie/mnt2018/lidar/laz/1842_5162.laz,589,"MULTIPOLYGON (((841890.8281549704 6506518.203584917, 841890.6296628208 6507517.425578258, 842889.8509733649 6507517.624784978, 842890.0508628465 6506518.402759834, 841890.8281549704 6506518.203584917)))"
ima_gestion_images.imamnt2018laz1kmcc46.590,1842_5163,https://download.data.grandlyon.com/files/grandlyon/imagerie/mnt2018/lidar/laz/1842_5163.laz,590,"MULTIPOLYGON (((841890.6296608356 6507517.435570572, 841890.4311369895 6508516.656166455, 842889.6510499651 6508516.855404985, 842889.8509713659 6507517.634777291, 841890.6296608356 6507517.435570572)))"
ima_gestion_images.imamnt2018laz1kmcc46.591,1842_5164,https://download.data.grandlyon.com/files/grandlyon/imagerie/mnt2018/lidar/laz/1842_5164.laz,591,"MULTIPOLYGON (((841890.4311350042 6508516.6661587525, 841890.2325794515 6509515.88535695, 842889.4510946354 6509516.084627302, 842889.6510479656 6508516.865397284, 841890.4311350042 6508516.6661587525)))"
ima_gestion_images.imamnt2018laz1kmcc46.592,1842_5165,https://download.data.grandlyon.com/files/grandlyon/imagerie/mnt2018/lidar/laz/1842_5165.laz,592,"MULTIPOLYGON (((841890.2325774658 6509515.895349233, 841890.0339901968 6510515.113149521, 842889.2511073657 6510515.312451709, 842889.4510926357 6509516.094619589, 841890.2325774658 6509515.895349233)))"
ima_gestion_images.imamnt2018laz1kmcc46.593,1842_5166,https://download.data.grandlyon.com/files/grandlyon/imagerie/mnt2018/lidar/laz/1842_5166.laz,593,"MULTIPOLYGON (((841890.0339882107 6510515.123141791, 841889.835369215 6511514.339543949, 842889.0510881458 6511514.538877979, 842889.2511053656 6510515.322443982, 841890.0339882107 6510515.123141791)))"
ima_gestion_images.imamnt2018laz1kmcc46.594,1842_5167,https://download.data.grandlyon.com/files/grandlyon/imagerie/mnt2018/lidar/laz/1842_5167.laz,594,"MULTIPOLYGON (((841889.8353672286 6511514.349536206, 841889.636716496 6512513.564540005, 842888.8510369654 6512513.763905892, 842889.0510861455 6511514.548870238, 841889.8353672286 6511514.349536206)))"
ima_gestion_images.imamnt2018laz1kmcc46.595,1842_5168,https://download.data.grandlyon.com/files/grandlyon/imagerie/mnt2018/lidar/laz/1842_5168.laz,595,"MULTIPOLYGON (((841889.6367145092 6512513.57453225, 841889.4380320294 6513512.788137474, 842888.6509538143 6513512.9875352215, 842888.8510349648 6512513.773898135, 841889.6367145092 6512513.57453225)))"
ima_gestion_images.imamnt2018laz1kmcc46.596,1842_5169,https://download.data.grandlyon.com/files/grandlyon/imagerie/mnt2018/lidar/laz/1842_5169.laz,596,"MULTIPOLYGON (((841889.4380300425 6513512.798129701, 841889.2393158055 6514512.0103361225, 842888.4508386821 6514512.209765745, 842888.6509518133 6513512.99752745, 841889.4380300425 6513512.798129701)))"
ima_gestion_images.imamnt2018laz1kmcc46.597,1842_5170,https://download.data.grandlyon.com/files/grandlyon/imagerie/mnt2018/lidar/laz/1842_5170.laz,597,"MULTIPOLYGON (((841889.239313818 6514512.020328337, 841889.0405678136 6515511.231135735, 842888.2506915587 6515511.430597241, 842888.4508366808 6514512.219757962, 841889.239313818 6514512.020328337)))"
ima_gestion_images.imamnt2018laz1kmcc46.598,1842_5171,https://download.data.grandlyon.com/files/grandlyon/imagerie/mnt2018/lidar/laz/1842_5171.laz,598,"MULTIPOLYGON (((841889.040565826 6515511.241127936, 841888.8417880437 6516510.4505360825, 842888.0505124338 6516510.650029485, 842888.250689557 6515511.440589445, 841889.040565826 6515511.241127936)))"
ima_gestion_images.imamnt2018laz1kmcc46.599,1842_5172,https://download.data.grandlyon.com/files/grandlyon/imagerie/mnt2018/lidar/laz/1842_5172.laz,599,"MULTIPOLYGON (((841888.8417860558 6516510.46052827, 841888.6429764857 6517509.668536948, 842887.8503012969 6517509.868062253, 842888.0505104319 6516510.660021673, 841888.8417860558 6516510.46052827)))"
ima_gestion_images.imamnt2018laz1kmcc46.600,1842_5173,https://download.data.grandlyon.com/files/grandlyon/imagerie/mnt2018/lidar/laz/1842_5173.laz,600,"MULTIPOLYGON (((841888.6429744973 6517509.678529119, 841888.4441331292 6518508.8851381, 842887.650058138 6518509.0846953215, 842887.8502992946 6517509.878054428, 841888.6429744973 6517509.678529119)))"
ima_gestion_images.imamnt2018laz1kmcc46.601,1842_5174,https://download.data.grandlyon.com/files/grandlyon/imagerie/mnt2018/lidar/laz/1842_5174.laz,601,"MULTIPOLYGON (((841888.4441311405 6518508.89513026, 841888.245257964 6519508.10033932, 842887.4497829466 6519508.299928469, 842887.6500561354 6518509.0946874805, 841888.4441311405 6518508.89513026)))"
ima_gestion_images.imamnt2018laz1kmcc46.602,1842_5175,https://download.data.grandlyon.com/files/grandlyon/imagerie/mnt2018/lidar/laz/1842_5175.laz,602,"MULTIPOLYGON (((841888.245255975 6519508.1103314655, 841888.0463509801 6520507.314140382, 842887.2494757125 6520507.513761465, 842887.4497809437 6519508.309920612, 841888.245255975 6519508.1103314655)))"
ima_gestion_images.imamnt2018laz1kmcc46.603,1842_5176,https://download.data.grandlyon.com/files/grandlyon/imagerie/mnt2018/lidar/laz/1842_5176.laz,603,"MULTIPOLYGON (((841888.0463489908 6520507.324132514, 841887.8474121669 6521506.526541066, 842887.0491364256 6521506.726194093, 842887.2494737094 6520507.523753599, 841888.0463489908 6520507.324132514)))"
ima_gestion_images.imamnt2018laz1kmcc46.604,1842_5177,https://download.data.grandlyon.com/files/grandlyon/imagerie/mnt2018/lidar/laz/1842_5177.laz,604,"MULTIPOLYGON (((841887.8474101773 6521506.536533182, 841887.6484415145 6522505.737541142, 842886.8487650753 6522505.937226126, 842887.0491344221 6521506.73618621, 841887.8474101773 6521506.536533182)))"
ima_gestion_images.imamnt2018laz1kmcc46.605,1842_5178,https://download.data.grandlyon.com/files/grandlyon/imagerie/mnt2018/lidar/laz/1842_5178.laz,605,"MULTIPOLYGON (((841887.6484395247 6522505.747533244, 841887.4494390126 6523504.94714039, 842886.6483616513 6523505.146857339, 842886.8487630715 6522505.947218228, 841887.6484395247 6522505.747533244)))"
ima_gestion_images.imamnt2018laz1kmcc46.606,1842_5179,https://download.data.grandlyon.com/files/grandlyon/imagerie/mnt2018/lidar/laz/1842_5179.laz,606,"MULTIPOLYGON (((841887.4494370224 6523504.957132478, 841887.2504046508 6524504.1553385835, 842886.4479261434 6524504.355087512, 842886.6483596471 6523505.156849429, 841887.4494370224 6523504.957132478)))"
ima_gestion_images.imamnt2018laz1kmcc46.607,1842_5180,https://download.data.grandlyon.com/files/grandlyon/imagerie/mnt2018/lidar/laz/1842_5180.laz,607,"MULTIPOLYGON (((841887.2504026603 6524504.165330659, 841887.0513384191 6525503.362135501, 842886.2474585414 6525503.561916415, 842886.447924139 6524504.365079585, 841887.2504026603 6524504.165330659)))"
ima_gestion_images.imamnt2018laz1kmcc46.608,1842_5181,https://download.data.grandlyon.com/files/grandlyon/imagerie/mnt2018/lidar/laz/1842_5181.laz,608,"MULTIPOLYGON (((841887.0513364283 6525503.372127561, 841886.852240307 6526502.567530917, 842886.0469588347 6526502.7673438275, 842886.2474565366 6525503.571908475, 841887.0513364283 6525503.372127561)))"
ima_gestion_images.imamnt2018laz1kmcc46.609,1842_5182,https://download.data.grandlyon.com/files/grandlyon/imagerie/mnt2018/lidar/laz/1842_5182.laz,609,"MULTIPOLYGON (((841886.852238316 6526502.577522961, 841886.6531103044 6527501.771524604, 842885.8464270132 6527501.9713695245, 842886.0469568296 6526502.777335875, 841886.852238316 6526502.577522961)))"
ima_gestion_images.imamnt2018laz1kmcc46.610,1842_5183,https://download.data.grandlyon.com/files/grandlyon/imagerie/mnt2018/lidar/laz/1842_5183.laz,610,"MULTIPOLYGON (((841886.653108313 6527501.781516638, 841886.4539484009 6528500.974116344, 842885.6458630664 6528501.173993281, 842885.8464250077 6527501.981361558, 841886.653108313 6527501.781516638)))"
ima_gestion_images.imamnt2018laz1kmcc46.611,1842_5184,https://download.data.grandlyon.com/files/grandlyon/imagerie/mnt2018/lidar/laz/1842_5184.laz,611,"MULTIPOLYGON (((841886.4539464093 6528500.984108363, 841886.2547545865 6529500.17530591, 842885.4452669842 6529500.375214874, 842885.6458610607 6528501.183985299, 841886.4539464093 6528500.984108363)))"
ima_gestion_images.imamnt2018laz1kmcc46.612,1842_5185,https://download.data.grandlyon.com/files/grandlyon/imagerie/mnt2018/lidar/laz/1842_5185.laz,612,"MULTIPOLYGON (((841886.2547525944 6529500.185297914, 841886.0555288508 6530499.375093073, 842885.2446387559 6530499.575034077, 842885.445264978 6529500.38520688, 841886.2547525944 6529500.185297914)))"
ima_gestion_images.imamnt2018laz1kmcc46.613,1842_5186,https://download.data.grandlyon.com/files/grandlyon/imagerie/mnt2018/lidar/laz/1842_5186.laz,613,"MULTIPOLYGON (((841886.0555268583 6530499.385085064, 841885.8562711832 6531498.573477615, 842885.0439783714 6531498.773450668, 842885.2446367495 6530499.585026069, 841886.0555268583 6530499.385085064)))"
ima_gestion_images.imamnt2018laz1kmcc46.614,1842_5187,https://download.data.grandlyon.com/files/grandlyon/imagerie/mnt2018/lidar/laz/1842_5187.laz,614,"MULTIPOLYGON (((841885.8562691904 6531498.583469591, 841885.6569815739 6532497.770459308, 842884.8432858204 6532497.970464418, 842885.0439763648 6531498.783442644, 841885.8562691904 6531498.583469591)))"
ima_gestion_images.imamnt2018laz1kmcc46.615,1842_5188,https://download.data.grandlyon.com/files/grandlyon/imagerie/mnt2018/lidar/laz/1842_5188.laz,615,"MULTIPOLYGON (((841885.6569795809 6532497.780451271, 841885.4576600124 6533496.966037928, 842884.6425610924 6533497.1660751095, 842884.8432838133 6532497.980456382, 841885.6569795809 6532497.780451271)))"
ima_gestion_images.imamnt2018laz1kmcc46.616,1842_5189,https://download.data.grandlyon.com/files/grandlyon/imagerie/mnt2018/lidar/laz/1842_5189.laz,616,"MULTIPOLYGON (((841885.4576580189 6533496.976029878, 841885.2583064884 6534496.160213249, 842884.4418041771 6534496.36028251, 842884.6425590849 6533497.176067058, 841885.4576580189 6533496.976029878)))"
ima_gestion_images.imamnt2018laz1kmcc46.617,1842_5190,https://download.data.grandlyon.com/files/grandlyon/imagerie/mnt2018/lidar/laz/1842_5190.laz,617,"MULTIPOLYGON (((841885.2583044947 6534496.170205182, 841885.0589209916 6535495.352985049, 842884.2410150641 6535495.553086397, 842884.4418021694 6534496.370274444, 841885.2583044947 6534496.170205182)))"
ima_gestion_images.imamnt2018laz1kmcc46.618,1842_5191,https://download.data.grandlyon.com/files/grandlyon/imagerie/mnt2018/lidar/laz/1842_5191.laz,618,"MULTIPOLYGON (((841885.0589189976 6535495.362976966, 841884.8595035118 6536494.544353097, 842884.040193743 6536494.744486548, 842884.241013056 6535495.563078318, 841885.0589189976 6535495.362976966)))"
ima_gestion_images.imamnt2018laz1kmcc46.619,1842_5192,https://download.data.grandlyon.com/files/grandlyon/imagerie/mnt2018/lidar/laz/1842_5192.laz,619,"MULTIPOLYGON (((841884.8595015174 6536494.554345005, 841884.6600540385 6537493.734317173, 842883.8393402034 6537493.934482737, 842884.0401917346 6536494.754478456, 841884.8595015174 6536494.554345005)))"
ima_gestion_images.imamnt2018laz1kmcc46.620,1842_5193,https://download.data.grandlyon.com/files/grandlyon/imagerie/mnt2018/lidar/laz/1842_5193.laz,620,"MULTIPOLYGON (((841884.6600520439 6537493.744309068, 841884.4605725616 6538492.922877055, 842883.6384544352 6538493.123074737, 842883.8393381947 6537493.944474631, 841884.6600520439 6537493.744309068)))"
ima_gestion_images.imamnt2018laz1kmcc46.621,1842_5194,https://download.data.grandlyon.com/files/grandlyon/imagerie/mnt2018/lidar/laz/1842_5194.laz,621,"MULTIPOLYGON (((841884.4605705667 6538492.9328689305, 841884.2610590708 6539492.110032509, 842883.4375364275 6539492.310262325, 842883.6384524261 6538493.133066616, 841884.4605705667 6538492.9328689305)))"
ima_gestion_images.imamnt2018laz1kmcc46.622,1842_5195,https://download.data.grandlyon.com/files/grandlyon/imagerie/mnt2018/lidar/laz/1842_5195.laz,622,"MULTIPOLYGON (((841884.2610570755 6539492.120024374, 841884.0615135555 6540491.29578332, 842883.2365861704 6540491.496045275, 842883.4375344182 6539492.32025419, 841884.2610570755 6539492.120024374)))"
ima_gestion_images.imamnt2018laz1kmcc46.623,1842_5196,https://download.data.grandlyon.com/files/grandlyon/imagerie/mnt2018/lidar/laz/1842_5196.laz,623,"MULTIPOLYGON (((841884.0615115599 6540491.305775168, 841883.8619360056 6541490.480129252, 842883.0356036532 6541490.680423359, 842883.2365841607 6540491.5060371235, 841884.0615115599 6540491.305775168)))"
ima_gestion_images.imamnt2018laz1kmcc46.624,1842_5197,https://download.data.grandlyon.com/files/grandlyon/imagerie/mnt2018/lidar/laz/1842_5197.laz,624,"MULTIPOLYGON (((841883.8619340097 6541490.490121087, 841883.7093792754 6542254.145785678, 842882.8819729685 6542254.346104368, 842883.0356016431 6541490.690415198, 841883.8619340097 6541490.490121087)))"
ima_gestion_images.imamnt2018laz1kmcc46.625,1843_5150,https://download.data.grandlyon.com/files/grandlyon/imagerie/mnt2018/lidar/laz/1843_5150.laz,625,"MULTIPOLYGON (((842892.4280125583 6494673.040308625, 842892.2575598466 6495526.748408244, 843891.4956556403 6495526.948628786, 843891.6672998982 6494673.2405019095, 842892.4280125583 6494673.040308625)))"
ima_gestion_images.imamnt2018laz1kmcc46.626,1843_5151,https://download.data.grandlyon.com/files/grandlyon/imagerie/mnt2018/lidar/laz/1843_5151.laz,626,"MULTIPOLYGON (((842892.2575578513 6495526.758400724, 842892.0580187924 6496525.995783146, 843891.2947196986 6496526.1960356, 843891.4956536309 6495526.958621267, 842892.2575578513 6495526.758400724)))"
ima_gestion_images.imamnt2018laz1kmcc46.627,1843_5152,https://download.data.grandlyon.com/files/grandlyon/imagerie/mnt2018/lidar/laz/1843_5152.laz,627,"MULTIPOLYGON (((842892.0580167968 6496526.005775613, 842891.8584459311 6497525.24176303, 843891.0937517276 6497525.442047408, 843891.294717689 6496526.206028066, 842892.0580167968 6496526.005775613)))"
ima_gestion_images.imamnt2018laz1kmcc46.628,1843_5153,https://download.data.grandlyon.com/files/grandlyon/imagerie/mnt2018/lidar/laz/1843_5153.laz,628,"MULTIPOLYGON (((842891.8584439352 6497525.251755484, 842891.6588412523 6498524.486347675, 843890.8927517169 6498524.686663984, 843891.0937497177 6497525.45203986, 842891.8584439352 6497525.251755484)))"
ima_gestion_images.imamnt2018laz1kmcc46.629,1843_5154,https://download.data.grandlyon.com/files/grandlyon/imagerie/mnt2018/lidar/laz/1843_5154.laz,629,"MULTIPOLYGON (((842891.6588392562 6498524.496340114, 842891.459204746 6499523.729536857, 843890.6917196563 6499523.929885112, 843890.8927497067 6498524.696656425, 842891.6588392562 6498524.496340114)))"
ima_gestion_images.imamnt2018laz1kmcc46.630,1843_5155,https://download.data.grandlyon.com/files/grandlyon/imagerie/mnt2018/lidar/laz/1843_5155.laz,630,"MULTIPOLYGON (((842891.4592027494 6499523.739529283, 842891.2595364021 6500522.971330353, 843890.4906555356 6500523.171710562, 843890.6917176459 6499523.939877536, 842891.4592027494 6499523.739529283)))"
ima_gestion_images.imamnt2018laz1kmcc46.631,1843_5156,https://download.data.grandlyon.com/files/grandlyon/imagerie/mnt2018/lidar/laz/1843_5156.laz,631,"MULTIPOLYGON (((842891.2595344051 6500522.981322765, 842891.0598362099 6501522.211727946, 843890.2895593443 6501522.412140119, 843890.4906535248 6500523.181702972, 842891.2595344051 6500522.981322765)))"
ima_gestion_images.imamnt2018laz1kmcc46.632,1843_5157,https://download.data.grandlyon.com/files/grandlyon/imagerie/mnt2018/lidar/laz/1843_5157.laz,632,"MULTIPOLYGON (((842891.0598342128 6501522.221720342, 842890.8601041597 6502521.450729406, 843890.0884310723 6502521.651173552, 843890.2895573332 6501522.422132514, 842891.0598342128 6501522.221720342)))"
ima_gestion_images.imamnt2018laz1kmcc46.633,1843_5158,https://download.data.grandlyon.com/files/grandlyon/imagerie/mnt2018/lidar/laz/1843_5158.laz,633,"MULTIPOLYGON (((842890.8601021621 6502521.460721791, 842890.6603402409 6503520.688334515, 843889.8872707094 6503520.888810647, 843890.0884290608 6502521.661165937, 842890.8601021621 6502521.460721791)))"
ima_gestion_images.imamnt2018laz1kmcc46.634,1843_5159,https://download.data.grandlyon.com/files/grandlyon/imagerie/mnt2018/lidar/laz/1843_5159.laz,634,"MULTIPOLYGON (((842890.6603382432 6503520.698326884, 842890.4605444438 6504519.924543049, 843889.686078245 6504520.125051174, 843889.8872686977 6503520.898803014, 842890.6603382432 6503520.698326884)))"
ima_gestion_images.imamnt2018laz1kmcc46.635,1843_5160,https://download.data.grandlyon.com/files/grandlyon/imagerie/mnt2018/lidar/laz/1843_5160.laz,635,"MULTIPOLYGON (((842890.4605424457 6504519.934535406, 842890.2607167577 6505519.159354788, 843889.4848536692 6505519.359894918, 843889.6860762332 6504520.135043532, 842890.4605424457 6504519.934535406)))"
ima_gestion_images.imamnt2018laz1kmcc46.636,1843_5161,https://download.data.grandlyon.com/files/grandlyon/imagerie/mnt2018/lidar/laz/1843_5161.laz,636,"MULTIPOLYGON (((842890.2607147591 6505519.169347129, 842890.0608571726 6506518.392769503, 843889.2835969715 6506518.5933416495, 843889.4848516568 6505519.36988726, 842890.2607147591 6505519.169347129)))"
ima_gestion_images.imamnt2018laz1kmcc46.637,1843_5162,https://download.data.grandlyon.com/files/grandlyon/imagerie/mnt2018/lidar/laz/1843_5162.laz,637,"MULTIPOLYGON (((842890.0608551737 6506518.402761833, 842889.8609656782 6507517.624786978, 843889.0823081416 6507517.825391147, 843889.2835949588 6506518.603333977, 842890.0608551737 6506518.402761833)))"
ima_gestion_images.imamnt2018laz1kmcc46.638,1843_5163,https://download.data.grandlyon.com/files/grandlyon/imagerie/mnt2018/lidar/laz/1843_5163.laz,638,"MULTIPOLYGON (((842889.860963679 6507517.634779289, 842889.6610422642 6508516.855406987, 843888.8809871692 6508517.056043192, 843889.0823061287 6507517.835383461, 842889.860963679 6507517.634779289)))"
ima_gestion_images.imamnt2018laz1kmcc46.639,1843_5164,https://download.data.grandlyon.com/files/grandlyon/imagerie/mnt2018/lidar/laz/1843_5164.laz,639,"MULTIPOLYGON (((842889.661040265 6508516.865399284, 842889.4610869207 6509516.084629302, 843888.6796340442 6509516.285297555, 843888.8809851558 6508517.066035492, 842889.661040265 6508516.865399284)))"
ima_gestion_images.imamnt2018laz1kmcc46.640,1843_5165,https://download.data.grandlyon.com/files/grandlyon/imagerie/mnt2018/lidar/laz/1843_5165.laz,640,"MULTIPOLYGON (((842889.4610849209 6509516.094621589, 842889.261099637 6510515.31245371, 843888.4782487559 6510515.513154018, 843888.6796320304 6509516.2952898415, 842889.4610849209 6509516.094621589)))"
ima_gestion_images.imamnt2018laz1kmcc46.641,1843_5166,https://download.data.grandlyon.com/files/grandlyon/imagerie/mnt2018/lidar/laz/1843_5166.laz,641,"MULTIPOLYGON (((842889.2610976369 6510515.322445981, 842889.0610804032 6511514.5388799785, 843888.2768312941 6511514.739612357, 843888.4782467417 6510515.52314629, 842889.2610976369 6510515.322445981)))"
ima_gestion_images.imamnt2018laz1kmcc46.642,1843_5167,https://download.data.grandlyon.com/files/grandlyon/imagerie/mnt2018/lidar/laz/1843_5167.laz,642,"MULTIPOLYGON (((842889.0610784028 6511514.548872236, 842888.8610292086 6512513.763907892, 843888.0753816486 6512513.964672345, 843888.2768292797 6511514.749604613, 842889.0610784028 6511514.548872236)))"
ima_gestion_images.imamnt2018laz1kmcc46.643,1843_5168,https://download.data.grandlyon.com/files/grandlyon/imagerie/mnt2018/lidar/laz/1843_5168.laz,643,"MULTIPOLYGON (((842888.8610272082 6512513.773900135, 842888.6609460437 6513512.987537222, 843887.8738998091 6513513.188333763, 843888.0753796339 6512513.9746645875, 842888.8610272082 6512513.773900135)))"
ima_gestion_images.imamnt2018laz1kmcc46.644,1843_5169,https://download.data.grandlyon.com/files/grandlyon/imagerie/mnt2018/lidar/laz/1843_5169.laz,644,"MULTIPOLYGON (((842888.6609440426 6513512.997529454, 842888.4608308973 6514512.209767748, 843887.6723857651 6514512.410596385, 843887.873897794 6513513.198325992, 842888.6609440426 6513512.997529454)))"
ima_gestion_images.imamnt2018laz1kmcc46.645,1843_5170,https://download.data.grandlyon.com/files/grandlyon/imagerie/mnt2018/lidar/laz/1843_5170.laz,645,"MULTIPOLYGON (((842888.4608288961 6514512.219759961, 842888.26068376 6515511.430599242, 843887.4708395065 6515511.63145999, 843887.6723837499 6514512.4205886, 842888.4608288961 6514512.219759961)))"
ima_gestion_images.imamnt2018laz1kmcc46.646,1843_5171,https://download.data.grandlyon.com/files/grandlyon/imagerie/mnt2018/lidar/laz/1843_5171.laz,646,"MULTIPOLYGON (((842888.2606817584 6515511.440591446, 842888.060504621 6516510.650031487, 843887.2692610226 6516510.850924351, 843887.4708374907 6515511.6414521905, 842888.2606817584 6515511.440591446)))"
ima_gestion_images.imamnt2018laz1kmcc46.647,1843_5172,https://download.data.grandlyon.com/files/grandlyon/imagerie/mnt2018/lidar/laz/1843_5172.laz,647,"MULTIPOLYGON (((842888.060502619 6516510.660023673, 842887.8602934702 6517509.868064256, 843887.0676503032 6517510.06898925, 843887.2692590066 6516510.860916538, 842888.060502619 6516510.660023673)))"
ima_gestion_images.imamnt2018laz1kmcc46.648,1843_5173,https://download.data.grandlyon.com/files/grandlyon/imagerie/mnt2018/lidar/laz/1843_5173.laz,648,"MULTIPOLYGON (((842887.860291468 6517509.87805643, 842887.6600502973 6518509.084697325, 843886.8660073383 6518509.285654455, 843887.0676482869 6517510.078981421, 842887.860291468 6517509.87805643)))"
ima_gestion_images.imamnt2018laz1kmcc46.649,1843_5174,https://download.data.grandlyon.com/files/grandlyon/imagerie/mnt2018/lidar/laz/1843_5174.laz,649,"MULTIPOLYGON (((842887.6600482947 6518509.094689484, 842887.459775092 6519508.299930471, 843886.664332117 6519508.500919751, 843886.8660053216 6518509.295646615, 842887.6600482947 6518509.094689484)))"
ima_gestion_images.imamnt2018laz1kmcc46.650,1843_5175,https://download.data.grandlyon.com/files/grandlyon/imagerie/mnt2018/lidar/laz/1843_5175.laz,650,"MULTIPOLYGON (((842887.459773089 6519508.309922617, 842887.2594678439 6520507.513763469, 843886.4626246293 6520507.714784908, 843886.6643301002 6519508.510911896, 842887.459773089 6519508.309922617)))"
ima_gestion_images.imamnt2018laz1kmcc46.651,1843_5176,https://download.data.grandlyon.com/files/grandlyon/imagerie/mnt2018/lidar/laz/1843_5176.laz,651,"MULTIPOLYGON (((842887.2594658406 6520507.523755599, 842887.0591285429 6521506.726196096, 843886.2608848645 6521506.927249706, 843886.462622612 6520507.724777039, 842887.2594658406 6520507.523755599)))"
ima_gestion_images.imamnt2018laz1kmcc46.652,1843_5177,https://download.data.grandlyon.com/files/grandlyon/imagerie/mnt2018/lidar/laz/1843_5177.laz,652,"MULTIPOLYGON (((842887.0591265394 6521506.736188213, 842886.8587571786 6522505.93722813, 843886.0591128126 6522506.138313918, 843886.260882847 6521506.937241824, 842887.0591265394 6521506.736188213)))"
ima_gestion_images.imamnt2018laz1kmcc46.653,1843_5178,https://download.data.grandlyon.com/files/grandlyon/imagerie/mnt2018/lidar/laz/1843_5178.laz,653,"MULTIPOLYGON (((842886.8587551748 6522505.947220232, 842886.6583537406 6523505.146859344, 843885.857308463 6523505.347977323, 843886.0591107947 6522506.148306023, 842886.8587551748 6522505.947220232)))"
ima_gestion_images.imamnt2018laz1kmcc46.654,1843_5179,https://download.data.grandlyon.com/files/grandlyon/imagerie/mnt2018/lidar/laz/1843_5179.laz,654,"MULTIPOLYGON (((842886.6583517364 6523505.156851433, 842886.4579182188 6524504.355089515, 843885.6554718053 6524504.556239696, 843885.8573064448 6523505.357969414, 842886.6583517364 6523505.156851433)))"
ima_gestion_images.imamnt2018laz1kmcc46.655,1843_5180,https://download.data.grandlyon.com/files/grandlyon/imagerie/mnt2018/lidar/laz/1843_5180.laz,655,"MULTIPOLYGON (((842886.4579162144 6524504.365081591, 842886.2574506027 6525503.56191842, 843885.4536028292 6525503.763100812, 843885.6554697867 6524504.566231772, 842886.4579162144 6524504.365081591)))"
ima_gestion_images.imamnt2018laz1kmcc46.656,1843_5181,https://download.data.grandlyon.com/files/grandlyon/imagerie/mnt2018/lidar/laz/1843_5181.laz,656,"MULTIPOLYGON (((842886.2574485979 6525503.571910482, 842886.0569508821 6526502.767345834, 843885.2517015242 6526502.968560448, 843885.4536008104 6525503.773092872, 842886.2574485979 6525503.571910482)))"
ima_gestion_images.imamnt2018laz1kmcc46.657,1843_5182,https://download.data.grandlyon.com/files/grandlyon/imagerie/mnt2018/lidar/laz/1843_5182.laz,657,"MULTIPOLYGON (((842886.0569488768 6526502.77733788, 842885.8564190464 6527501.97137153, 843885.0497678801 6527502.172618375, 843885.2516995051 6526502.978552493, 842886.0569488768 6526502.77733788)))"
ima_gestion_images.imamnt2018laz1kmcc46.658,1843_5183,https://download.data.grandlyon.com/files/grandlyon/imagerie/mnt2018/lidar/laz/1843_5183.laz,658,"MULTIPOLYGON (((842885.856417041 6527501.981363563, 842885.6558550857 6528501.173995288, 843884.8478018864 6528501.375274375, 843885.0497658608 6527502.182610408, 842885.856417041 6527501.981363563)))"
ima_gestion_images.imamnt2018laz1kmcc46.659,1843_5184,https://download.data.grandlyon.com/files/grandlyon/imagerie/mnt2018/lidar/laz/1843_5184.laz,659,"MULTIPOLYGON (((842885.6558530799 6528501.183987306, 842885.4552589894 6529500.37521688, 843884.6458035326 6529500.57652822, 843884.8477998666 6528501.385266393, 842885.6558530799 6528501.183987306)))"
ima_gestion_images.imamnt2018laz1kmcc46.660,1843_5185,https://download.data.grandlyon.com/files/grandlyon/imagerie/mnt2018/lidar/laz/1843_5185.laz,660,"MULTIPOLYGON (((842885.4552569833 6529500.385208886, 842885.254630747 6530499.575036084, 843884.4437728083 6530499.776379685, 843884.6458015124 6529500.586520226, 842885.4552569833 6529500.385208886)))"
ima_gestion_images.imamnt2018laz1kmcc46.661,1843_5186,https://download.data.grandlyon.com/files/grandlyon/imagerie/mnt2018/lidar/laz/1843_5186.laz,661,"MULTIPOLYGON (((842885.2546287407 6530499.585028076, 842885.0539703487 6531498.773452675, 843884.2417097031 6531498.9748285515, 843884.4437707879 6530499.786371679, 842885.2546287407 6530499.585028076)))"
ima_gestion_images.imamnt2018laz1kmcc46.662,1843_5187,https://download.data.grandlyon.com/files/grandlyon/imagerie/mnt2018/lidar/laz/1843_5187.laz,662,"MULTIPOLYGON (((842885.0539683418 6531498.783444652, 842884.8532777835 6532497.970466427, 843884.0396142068 6532498.171874587, 843884.2417076824 6531498.984820528, 842885.0539683418 6531498.783444652)))"
ima_gestion_images.imamnt2018laz1kmcc46.663,1843_5188,https://download.data.grandlyon.com/files/grandlyon/imagerie/mnt2018/lidar/laz/1843_5188.laz,663,"MULTIPOLYGON (((842884.8532757765 6532497.980458391, 842884.6525530416 6533497.166077116, 843883.8374863085 6533497.367517571, 843884.0396121856 6532498.181866552, 842884.8532757765 6532497.980458391)))"
ima_gestion_images.imamnt2018laz1kmcc46.664,1843_5189,https://download.data.grandlyon.com/files/grandlyon/imagerie/mnt2018/lidar/laz/1843_5189.laz,664,"MULTIPOLYGON (((842884.652551034 6533497.176069065, 842884.4517961121 6534496.3602845175, 843883.6353259982 6534496.561757277, 843883.8374842871 6533497.377509519, 842884.652551034 6533497.176069065)))"
ima_gestion_images.imamnt2018laz1kmcc46.665,1843_5190,https://download.data.grandlyon.com/files/grandlyon/imagerie/mnt2018/lidar/laz/1843_5190.laz,665,"MULTIPOLYGON (((842884.4517941044 6534496.370276454, 842884.2510069851 6535495.553088406, 843883.4331332652 6535495.75459348, 843883.6353239764 6534496.571749213, 842884.4517941044 6534496.370276454)))"
ima_gestion_images.imamnt2018laz1kmcc46.666,1843_5191,https://download.data.grandlyon.com/files/grandlyon/imagerie/mnt2018/lidar/laz/1843_5191.laz,666,"MULTIPOLYGON (((842884.251004977 6535495.563080327, 842884.05018565 6536494.744488557, 843883.2309080993 6536494.946025956, 843883.4331312431 6535495.764585402, 842884.251004977 6535495.563080327)))"
ima_gestion_images.imamnt2018laz1kmcc46.667,1843_5192,https://download.data.grandlyon.com/files/grandlyon/imagerie/mnt2018/lidar/laz/1843_5192.laz,667,"MULTIPOLYGON (((842884.0501836416 6536494.754480463, 842883.8493320964 6537493.934484744, 843883.0286504898 6537494.136054481, 843883.2309060768 6536494.956017863, 842884.0501836416 6536494.754480463)))"
ima_gestion_images.imamnt2018laz1kmcc46.668,1843_5193,https://download.data.grandlyon.com/files/grandlyon/imagerie/mnt2018/lidar/laz/1843_5193.laz,668,"MULTIPOLYGON (((842883.8493300877 6537493.944476639, 842883.6484463139 6538493.123076747, 843882.8263604264 6538493.324678828, 843883.028648467 6537494.146046375, 842883.8493300877 6537493.944476639)))"
ima_gestion_images.imamnt2018laz1kmcc46.669,1843_5194,https://download.data.grandlyon.com/files/grandlyon/imagerie/mnt2018/lidar/laz/1843_5194.laz,669,"MULTIPOLYGON (((842883.6484443049 6538493.133068625, 842883.4475282923 6539492.310264334, 843882.6240378984 6539492.511898774, 843882.8263584033 6538493.334670708, 842883.6484443049 6538493.133068625)))"
ima_gestion_images.imamnt2018laz1kmcc46.670,1843_5195,https://download.data.grandlyon.com/files/grandlyon/imagerie/mnt2018/lidar/laz/1843_5195.laz,670,"MULTIPOLYGON (((842883.4475262831 6539492.320256199, 842883.2465780211 6540491.496047285, 843882.4216828956 6540491.697714092, 843882.6240358751 6539492.521890637, 842883.4475262831 6539492.320256199)))"
ima_gestion_images.imamnt2018laz1kmcc46.671,1843_5196,https://download.data.grandlyon.com/files/grandlyon/imagerie/mnt2018/lidar/laz/1843_5196.laz,671,"MULTIPOLYGON (((842883.2465760115 6540491.506039134, 842883.0455954899 6541490.68042537, 843882.2192954075 6541490.882124554, 843882.421680872 6540491.707705941, 842883.2465760115 6540491.506039134)))"
ima_gestion_images.imamnt2018laz1kmcc46.672,1843_5197,https://download.data.grandlyon.com/files/grandlyon/imagerie/mnt2018/lidar/laz/1843_5197.laz,672,"MULTIPOLYGON (((842883.04559348 6541490.690417207, 842882.8882358061 6542272.880943396, 843882.0608357101 6542273.082667934, 843882.2192933835 6541490.89211639, 842883.04559348 6541490.690417207)))"
ima_gestion_images.imamnt2018laz1kmcc46.673,1844_5150,https://download.data.grandlyon.com/files/grandlyon/imagerie/mnt2018/lidar/laz/1844_5150.laz,673,"MULTIPOLYGON (((843891.678841272 6494665.536291809, 843891.5056481212 6495526.948630794, 844890.7437759337 6495527.150246107, 844890.9181713742 6494665.737879425, 843891.678841272 6494665.536291809)))"
ima_gestion_images.imamnt2018laz1kmcc46.674,1844_5151,https://download.data.grandlyon.com/files/grandlyon/imagerie/mnt2018/lidar/laz/1844_5151.laz,674,"MULTIPOLYGON (((843891.505646112 6495526.958623276, 843891.3047121656 6496526.196037608, 844890.5414451009 6496526.3976850575, 844890.7437739107 6495527.160238588, 843891.505646112 6495526.958623276)))"
ima_gestion_images.imamnt2018laz1kmcc46.675,1844_5152,https://download.data.grandlyon.com/files/grandlyon/imagerie/mnt2018/lidar/laz/1844_5152.laz,675,"MULTIPOLYGON (((843891.3047101562 6496526.206030078, 843891.1037441808 6497525.442049419, 844890.3390820166 6497525.64372901, 844890.5414430775 6496526.407677526, 843891.3047101562 6496526.206030078)))"
ima_gestion_images.imamnt2018laz1kmcc46.676,1844_5153,https://download.data.grandlyon.com/files/grandlyon/imagerie/mnt2018/lidar/laz/1844_5153.laz,676,"MULTIPOLYGON (((843891.1037421708 6497525.452041872, 843890.9027441561 6498524.686665995, 844890.1366866702 6498524.888377746, 844890.3390799928 6497525.653721464, 843891.1037421708 6497525.452041872)))"
ima_gestion_images.imamnt2018laz1kmcc46.677,1844_5154,https://download.data.grandlyon.com/files/grandlyon/imagerie/mnt2018/lidar/laz/1844_5154.laz,677,"MULTIPOLYGON (((843890.9027421459 6498524.696658434, 843890.7017120814 6499523.9298871225, 844889.9342590517 6499524.131631037, 844890.1366846461 6498524.898370182, 843890.9027421459 6498524.696658434)))"
ima_gestion_images.imamnt2018laz1kmcc46.678,1844_5155,https://download.data.grandlyon.com/files/grandlyon/imagerie/mnt2018/lidar/laz/1844_5155.laz,678,"MULTIPOLYGON (((843890.7017100711 6499523.939879549, 843890.5006479467 6500523.171712574, 844889.7317991506 6500523.373488663, 844889.9342570272 6499524.141623461, 843890.7017100711 6499523.939879549)))"
ima_gestion_images.imamnt2018laz1kmcc46.679,1844_5156,https://download.data.grandlyon.com/files/grandlyon/imagerie/mnt2018/lidar/laz/1844_5156.laz,679,"MULTIPOLYGON (((843890.500645936 6500523.181704984, 843890.2995517416 6501522.41214213, 844889.5293069566 6501522.613950407, 844889.7317971257 6500523.383481075, 843890.500645936 6500523.181704984)))"
ima_gestion_images.imamnt2018laz1kmcc46.680,1844_5157,https://download.data.grandlyon.com/files/grandlyon/imagerie/mnt2018/lidar/laz/1844_5157.laz,680,"MULTIPOLYGON (((843890.2995497305 6501522.422134525, 843890.0984234557 6502521.651175565, 844889.3267824592 6502521.853016038, 844889.5293049313 6501522.623942804, 843890.2995497305 6501522.422134525)))"
ima_gestion_images.imamnt2018laz1kmcc46.681,1844_5158,https://download.data.grandlyon.com/files/grandlyon/imagerie/mnt2018/lidar/laz/1844_5158.laz,681,"MULTIPOLYGON (((843890.0984214442 6502521.661167948, 843889.8972630787 6503520.888812658, 844889.1242256481 6503521.090685339, 844889.3267804337 6502521.863008421, 843890.0984214442 6502521.661167948)))"
ima_gestion_images.imamnt2018laz1kmcc46.682,1844_5159,https://download.data.grandlyon.com/files/grandlyon/imagerie/mnt2018/lidar/laz/1844_5159.laz,682,"MULTIPOLYGON (((843889.897261067 6503520.898805028, 843889.6960706005 6504520.125053187, 844888.9216365132 6504520.326958085, 844889.1242236224 6503521.100677709, 843889.897261067 6503520.898805028)))"
ima_gestion_images.imamnt2018laz1kmcc46.683,1844_5160,https://download.data.grandlyon.com/files/grandlyon/imagerie/mnt2018/lidar/laz/1844_5160.laz,683,"MULTIPOLYGON (((843889.6960685884 6504520.135045542, 843889.4948460108 6505519.35989693, 844888.7190150439 6505519.561834055, 844888.9216344871 6504520.336950442, 843889.6960685884 6504520.135045542)))"
ima_gestion_images.imamnt2018laz1kmcc46.684,1844_5161,https://download.data.grandlyon.com/files/grandlyon/imagerie/mnt2018/lidar/laz/1844_5161.laz,684,"MULTIPOLYGON (((843889.4948439982 6505519.369889271, 843889.2935892991 6506518.593343661, 844888.5163612299 6506518.795313025, 844888.7190130175 6505519.571826397, 843889.4948439982 6505519.369889271)))"
ima_gestion_images.imamnt2018laz1kmcc46.685,1844_5162,https://download.data.grandlyon.com/files/grandlyon/imagerie/mnt2018/lidar/laz/1844_5162.laz,685,"MULTIPOLYGON (((843889.2935872863 6506518.603335991, 843889.0923004552 6507517.82539316, 844888.3136750609 6507518.027394773, 844888.5163592033 6506518.805305354, 843889.2935872863 6506518.603335991)))"
ima_gestion_images.imamnt2018laz1kmcc46.686,1844_5163,https://download.data.grandlyon.com/files/grandlyon/imagerie/mnt2018/lidar/laz/1844_5163.laz,686,"MULTIPOLYGON (((843889.092298442 6507517.835385476, 843888.8909794688 6508517.056045206, 844888.1109565264 6508517.258079077, 844888.3136730338 6507518.037387085, 843889.092298442 6507517.835385476)))"
ima_gestion_images.imamnt2018laz1kmcc46.687,1844_5164,https://download.data.grandlyon.com/files/grandlyon/imagerie/mnt2018/lidar/laz/1844_5164.laz,687,"MULTIPOLYGON (((843888.8909774554 6508517.066037504, 843888.6896263297 6509516.28529957, 844887.9082056158 6509516.487365711, 844888.110954499 6508517.268071376, 843888.8909774554 6508517.066037504)))"
ima_gestion_images.imamnt2018laz1kmcc46.688,1844_5165,https://download.data.grandlyon.com/files/grandlyon/imagerie/mnt2018/lidar/laz/1844_5165.laz,688,"MULTIPOLYGON (((843888.689624316 6509516.295291855, 843888.4882410275 6510515.513156032, 844887.7054223192 6510515.715254455, 844887.9082035882 6509516.497357995, 843888.689624316 6509516.295291855)))"
ima_gestion_images.imamnt2018laz1kmcc46.689,1844_5166,https://download.data.grandlyon.com/files/grandlyon/imagerie/mnt2018/lidar/laz/1844_5166.laz,689,"MULTIPOLYGON (((843888.4882390134 6510515.523148304, 843888.2868235516 6511514.739614372, 844887.5026066261 6511514.941745079, 844887.7054202913 6510515.725246726, 843888.4882390134 6510515.523148304)))"
ima_gestion_images.imamnt2018laz1kmcc46.690,1844_5167,https://download.data.grandlyon.com/files/grandlyon/imagerie/mnt2018/lidar/laz/1844_5167.laz,690,"MULTIPOLYGON (((843888.2868215374 6511514.749606627, 843888.0853738922 6512513.964674357, 844887.2997585259 6512514.166837369, 844887.5026045977 6511514.951737337, 843888.2868215374 6511514.749606627)))"
ima_gestion_images.imamnt2018laz1kmcc46.691,1844_5168,https://download.data.grandlyon.com/files/grandlyon/imagerie/mnt2018/lidar/laz/1844_5168.laz,691,"MULTIPOLYGON (((843888.0853718775 6512513.974666603, 843887.8838920386 6513513.188335777, 844887.0968780083 6513513.390531098, 844887.2997564974 6512514.176829613, 843888.0853718775 6512513.974666603)))"
ima_gestion_images.imamnt2018laz1kmcc46.692,1844_5169,https://download.data.grandlyon.com/files/grandlyon/imagerie/mnt2018/lidar/laz/1844_5169.laz,692,"MULTIPOLYGON (((843887.8838900237 6513513.198328006, 843887.6823779807 6514512.4105984, 844886.8939650628 6514512.612826042, 844887.0968759793 6513513.400523328, 843887.8838900237 6513513.198328006)))"
ima_gestion_images.imamnt2018laz1kmcc46.693,1844_5170,https://download.data.grandlyon.com/files/grandlyon/imagerie/mnt2018/lidar/laz/1844_5170.laz,693,"MULTIPOLYGON (((843887.6823759654 6514512.420590616, 843887.4808317081 6515511.631462003, 844886.6910196792 6515511.833721978, 844886.8939630336 6514512.622818259, 843887.6823759654 6514512.420590616)))"
ima_gestion_images.imamnt2018laz1kmcc46.694,1844_5171,https://download.data.grandlyon.com/files/grandlyon/imagerie/mnt2018/lidar/laz/1844_5171.laz,694,"MULTIPOLYGON (((843887.4808296924 6515511.641454207, 843887.2792532102 6516510.850926367, 844886.4880418469 6516511.053218682, 844886.6910176496 6515511.843714179, 843887.4808296924 6515511.641454207)))"
ima_gestion_images.imamnt2018laz1kmcc46.695,1844_5172,https://download.data.grandlyon.com/files/grandlyon/imagerie/mnt2018/lidar/laz/1844_5172.laz,695,"MULTIPOLYGON (((843887.2792511943 6516510.8609185545, 843887.0776424771 6517510.068991263, 844886.2850315556 6517510.271315932, 844886.488039817 6516511.063210871, 843887.2792511943 6516510.8609185545)))"
ima_gestion_images.imamnt2018laz1kmcc46.696,1844_5173,https://download.data.grandlyon.com/files/grandlyon/imagerie/mnt2018/lidar/laz/1844_5173.laz,696,"MULTIPOLYGON (((843887.0776404607 6517510.078983437, 843886.875999498 6518509.285656471, 844886.0819887946 6518509.4880135, 844886.2850295253 6517510.281308105, 843887.0776404607 6517510.078983437)))"
ima_gestion_images.imamnt2018laz1kmcc46.697,1844_5174,https://download.data.grandlyon.com/files/grandlyon/imagerie/mnt2018/lidar/laz/1844_5174.laz,697,"MULTIPOLYGON (((843886.8759974813 6518509.295648633, 843886.6743242627 6519508.500921767, 844885.8789135539 6519508.7033111695, 844886.081986764 6518509.498005661, 843886.8759974813 6518509.295648633)))"
ima_gestion_images.imamnt2018laz1kmcc46.698,1844_5175,https://download.data.grandlyon.com/files/grandlyon/imagerie/mnt2018/lidar/laz/1844_5175.laz,698,"MULTIPOLYGON (((843886.6743222456 6519508.510913912, 843886.4726167609 6520507.714786926, 844885.6758058227 6520507.917208712, 844885.8789115229 6519508.7133033145, 843886.6743222456 6519508.510913912)))"
ima_gestion_images.imamnt2018laz1kmcc46.699,1844_5176,https://download.data.grandlyon.com/files/grandlyon/imagerie/mnt2018/lidar/laz/1844_5176.laz,699,"MULTIPOLYGON (((843886.4726147435 6520507.724779058, 843886.2708769822 6521506.927251723, 844885.4726655907 6521507.129705904, 844885.6758037914 6520507.927200844, 843886.4726147435 6520507.724779058)))"
ima_gestion_images.imamnt2018laz1kmcc46.700,1844_5177,https://download.data.grandlyon.com/files/grandlyon/imagerie/mnt2018/lidar/laz/1844_5177.laz,700,"MULTIPOLYGON (((843886.2708749647 6521506.937243842, 843886.0691049162 6522506.138315938, 844885.2694928476 6522506.340802519, 844885.4726635593 6521507.13969802, 843886.2708749647 6521506.937243842)))"
ima_gestion_images.imamnt2018laz1kmcc46.701,1844_5178,https://download.data.grandlyon.com/files/grandlyon/imagerie/mnt2018/lidar/laz/1844_5178.laz,701,"MULTIPOLYGON (((843886.0691028984 6522506.148308041, 843885.8673005525 6523505.347979342, 844885.0662875827 6523505.550498339, 844885.2694908157 6522506.350794625, 843886.0691028984 6522506.148308041)))"
ima_gestion_images.imamnt2018laz1kmcc46.702,1844_5179,https://download.data.grandlyon.com/files/grandlyon/imagerie/mnt2018/lidar/laz/1844_5179.laz,702,"MULTIPOLYGON (((843885.8672985344 6523505.357971432, 843885.6654638809 6524504.556241714, 844884.8630497856 6524504.758793138, 844885.0662855504 6523505.560490429, 843885.8672985344 6523505.357971432)))"
ima_gestion_images.imamnt2018laz1kmcc46.703,1844_5180,https://download.data.grandlyon.com/files/grandlyon/imagerie/mnt2018/lidar/laz/1844_5180.laz,703,"MULTIPOLYGON (((843885.6654618625 6524504.56623379, 843885.4635948908 6525503.76310283, 844884.6597794457 6525503.965686688, 844884.863047753 6524504.768785214, 843885.6654618625 6524504.56623379)))"
ima_gestion_images.imamnt2018laz1kmcc46.704,1844_5181,https://download.data.grandlyon.com/files/grandlyon/imagerie/mnt2018/lidar/laz/1844_5181.laz,704,"MULTIPOLYGON (((843885.463592872 6525503.773094891, 843885.2616935719 6526502.968562465, 844884.4564765531 6526503.171178771, 844884.659777413 6525503.975678751, 843885.463592872 6525503.773094891)))"
ima_gestion_images.imamnt2018laz1kmcc46.705,1844_5182,https://download.data.grandlyon.com/files/grandlyon/imagerie/mnt2018/lidar/laz/1844_5182.laz,705,"MULTIPOLYGON (((843885.2616915527 6526502.978554513, 843885.0597599137 6527502.172620395, 844884.2531410967 6527502.375269156, 844884.4564745199 6526503.181170817, 843885.2616915527 6526502.978554513)))"
ima_gestion_images.imamnt2018laz1kmcc46.706,1844_5183,https://download.data.grandlyon.com/files/grandlyon/imagerie/mnt2018/lidar/laz/1844_5183.laz,706,"MULTIPOLYGON (((843885.0597578941 6527502.182612428, 843884.857793906 6528501.375276396, 844884.0497730663 6528501.577957623, 844884.2531390633 6527502.38526119, 843885.0597578941 6527502.182612428)))"
ima_gestion_images.imamnt2018laz1kmcc46.707,1844_5184,https://download.data.grandlyon.com/files/grandlyon/imagerie/mnt2018/lidar/laz/1844_5184.laz,707,"MULTIPOLYGON (((843884.8577918862 6528501.385268413, 843884.6557955381 6529500.57653024, 844883.8463724515 6529500.779243945, 844884.0497710325 6528501.58794964, 843884.8577918862 6528501.385268413)))"
ima_gestion_images.imamnt2018laz1kmcc46.708,1844_5185,https://download.data.grandlyon.com/files/grandlyon/imagerie/mnt2018/lidar/laz/1844_5185.laz,708,"MULTIPOLYGON (((843884.655793518 6529500.586522246, 843884.4537647997 6530499.776381708, 844883.6429392416 6530499.979127901, 844883.8463704173 6529500.78923595, 843884.655793518 6529500.586522246)))"
ima_gestion_images.imamnt2018laz1kmcc46.709,1844_5186,https://download.data.grandlyon.com/files/grandlyon/imagerie/mnt2018/lidar/laz/1844_5186.laz,709,"MULTIPOLYGON (((843884.4537627794 6530499.786373698, 843884.2517016807 6531498.9748305725, 844883.4394734262 6531499.177609263, 844883.6429372071 6530499.989119892, 843884.4537627794 6530499.786373698)))"
ima_gestion_images.imamnt2018laz1kmcc46.710,1844_5187,https://download.data.grandlyon.com/files/grandlyon/imagerie/mnt2018/lidar/laz/1844_5187.laz,710,"MULTIPOLYGON (((843884.2516996599 6531498.984822547, 843884.0496061703 6532498.171876607, 844883.2359749947 6532498.374687808, 844883.4394713913 6531499.187601239, 843884.2516996599 6531498.984822547)))"
ima_gestion_images.imamnt2018laz1kmcc46.711,1844_5188,https://download.data.grandlyon.com/files/grandlyon/imagerie/mnt2018/lidar/laz/1844_5188.laz,711,"MULTIPOLYGON (((843884.0496041491 6532498.18186857, 843883.847478258 6533497.367519593, 844883.0324439369 6533497.570363311, 844883.2359729597 6532498.384679771, 843884.0496041491 6532498.18186857)))"
ima_gestion_images.imamnt2018laz1kmcc46.712,1844_5189,https://download.data.grandlyon.com/files/grandlyon/imagerie/mnt2018/lidar/laz/1844_5189.laz,712,"MULTIPOLYGON (((843883.8474762365 6533497.377511541, 843883.6453179336 6534496.561759298, 844882.8288802421 6534496.764635545, 844883.0324419014 6533497.580355259, 843883.8474762365 6533497.377511541)))"
ima_gestion_images.imamnt2018laz1kmcc46.713,1844_5190,https://download.data.grandlyon.com/files/grandlyon/imagerie/mnt2018/lidar/laz/1844_5190.laz,713,"MULTIPOLYGON (((843883.6453159119 6534496.571751235, 843883.4431251866 6535495.754595504, 844882.6252838996 6535495.957504288, 844882.8288782062 6534496.7746274825, 843883.6453159119 6534496.571751235)))"
ima_gestion_images.imamnt2018laz1kmcc46.714,1844_5191,https://download.data.grandlyon.com/files/grandlyon/imagerie/mnt2018/lidar/laz/1844_5191.laz,714,"MULTIPOLYGON (((843883.4431231646 6535495.764587425, 843883.2409000065 6536494.946027981, 844882.4216548991 6536495.148969317, 844882.6252818634 6535495.967496212, 843883.4431231646 6535495.764587425)))"
ima_gestion_images.imamnt2018laz1kmcc46.715,1844_5192,https://download.data.grandlyon.com/files/grandlyon/imagerie/mnt2018/lidar/laz/1844_5192.laz,715,"MULTIPOLYGON (((843883.2408979842 6536494.956019887, 843883.0386423831 6537494.136056503, 844882.21799323 6537494.339030404, 844882.4216528627 6536495.158961224, 843883.2408979842 6536494.956019887)))"
ima_gestion_images.imamnt2018laz1kmcc46.716,1844_5193,https://download.data.grandlyon.com/files/grandlyon/imagerie/mnt2018/lidar/laz/1844_5193.laz,716,"MULTIPOLYGON (((843883.0386403603 6537494.146048397, 843882.86179409 6538367.666796653, 844882.03991728 6538367.869799027, 844882.2179911933 6537494.349022298, 843883.0386403603 6537494.146048397)))"
ima_gestion_images.imamnt2018laz1kmcc46.717,1844_5194,https://download.data.grandlyon.com/files/grandlyon/imagerie/mnt2018/lidar/laz/1844_5194.laz,717,"MULTIPOLYGON (((843882.8310073616 6538519.723225265, 843882.6340722548 6539492.302071628, 843893.8049775276 6539492.304333864, 843894.0019279188 6538519.725487147, 843882.8310073616 6538519.723225265)))"
ima_gestion_images.imamnt2018laz1kmcc46.718,1844_5195,https://download.data.grandlyon.com/files/grandlyon/imagerie/mnt2018/lidar/laz/1844_5195.laz,718,"MULTIPOLYGON (((843882.6338921732 6539493.191347627, 843882.4317111736 6540491.517862794, 843907.8909478681 6540491.523019668, 843908.0931646297 6539493.196503677, 843882.6338921732 6539493.191347627)))"
ima_gestion_images.imamnt2018laz1kmcc46.719,1844_5196,https://download.data.grandlyon.com/files/grandlyon/imagerie/mnt2018/lidar/laz/1844_5196.laz,719,"MULTIPOLYGON (((843882.4315533241 6540492.29722718, 843882.2292872447 6541490.882126576, 843905.0906104915 6541490.886757943, 843905.2929086973 6540492.301857804, 843882.4315533241 6540492.29722718)))"
ima_gestion_images.imamnt2018laz1kmcc46.720,1844_5197,https://download.data.grandlyon.com/files/grandlyon/imagerie/mnt2018/lidar/laz/1844_5197.laz,720,"MULTIPOLYGON (((843882.2292852206 6541490.892118413, 843882.0815744561 6542220.036063322, 843903.7838223286 6542220.040460378, 843903.931555365 6541490.896514955, 843882.2292852206 6541490.892118413)))"
ima_gestion_images.imamnt2018laz1kmcc46.721,1845_5150,https://download.data.grandlyon.com/files/grandlyon/imagerie/mnt2018/lidar/laz/1845_5150.laz,721,"MULTIPOLYGON (((844890.9229468768 6494691.508521428, 844890.7537684152 6495527.150248131, 845889.9919284687 6495527.353258204, 845890.1622732452 6494691.711504451, 844890.9229468768 6494691.508521428)))"
ima_gestion_images.imamnt2018laz1kmcc46.722,1845_5151,https://download.data.grandlyon.com/files/grandlyon/imagerie/mnt2018/lidar/laz/1845_5151.laz,722,"MULTIPOLYGON (((844890.7537663921 6495527.160240611, 844890.5514375684 6496526.397687081, 845889.7882027549 6496526.600729512, 845889.9919264315 6495527.363250685, 844890.7537663921 6495527.160240611)))"
ima_gestion_images.imamnt2018laz1kmcc46.723,1845_5152,https://download.data.grandlyon.com/files/grandlyon/imagerie/mnt2018/lidar/laz/1845_5152.laz,723,"MULTIPOLYGON (((844890.551435545 6496526.407679548, 844890.34907447 6497525.643731035, 845889.5844445676 6497525.846805831, 845889.7882007175 6496526.610721979, 844890.551435545 6496526.407679548)))"
ima_gestion_images.imamnt2018laz1kmcc46.724,1845_5153,https://download.data.grandlyon.com/files/grandlyon/imagerie/mnt2018/lidar/laz/1845_5153.laz,724,"MULTIPOLYGON (((844890.3490724462 6497525.653723488, 844890.1466791098 6498524.8883797685, 845889.3806538959 6498525.091486943, 845889.5844425298 6497525.856798286, 844890.3490724462 6497525.653723488)))"
ima_gestion_images.imamnt2018laz1kmcc46.725,1845_5154,https://download.data.grandlyon.com/files/grandlyon/imagerie/mnt2018/lidar/laz/1845_5154.laz,725,"MULTIPOLYGON (((844890.1466770857 6498524.898372207, 844889.9442514773 6499524.131633061, 845889.1768307296 6499524.334772625, 845889.3806518577 6498525.101479383, 844890.1466770857 6498524.898372207)))"
ima_gestion_images.imamnt2018laz1kmcc46.726,1845_5155,https://download.data.grandlyon.com/files/grandlyon/imagerie/mnt2018/lidar/laz/1845_5155.laz,726,"MULTIPOLYGON (((844889.9442494528 6499524.141625485, 844889.7417915621 6500523.373490689, 845888.9729750584 6500523.576662653, 845889.1768286913 6499524.344765049, 844889.9442494528 6499524.141625485)))"
ima_gestion_images.imamnt2018laz1kmcc46.727,1845_5156,https://download.data.grandlyon.com/files/grandlyon/imagerie/mnt2018/lidar/laz/1845_5156.laz,727,"MULTIPOLYGON (((844889.7417895374 6500523.383483101, 844889.5392993541 6501522.61395243, 845888.7690868719 6501522.817156803, 845888.9729730197 6500523.586655062, 844889.7417895374 6500523.383483101)))"
ima_gestion_images.imamnt2018laz1kmcc46.728,1845_5157,https://download.data.grandlyon.com/files/grandlyon/imagerie/mnt2018/lidar/laz/1845_5157.laz,728,"MULTIPOLYGON (((844889.539297329 6501522.623944828, 844889.3367748427 6502521.853018063, 845888.5651661594 6502522.056254856, 845888.7690848329 6501522.827149199, 844889.539297329 6501522.623944828)))"
ima_gestion_images.imamnt2018laz1kmcc46.729,1845_5158,https://download.data.grandlyon.com/files/grandlyon/imagerie/mnt2018/lidar/laz/1845_5158.laz,729,"MULTIPOLYGON (((844889.3367728173 6502521.863010447, 844889.1342180178 6503521.090687365, 845888.3612129109 6503521.293956587, 845888.5651641202 6502522.066247239, 844889.3367728173 6502521.863010447)))"
ima_gestion_images.imamnt2018laz1kmcc46.730,1845_5159,https://download.data.grandlyon.com/files/grandlyon/imagerie/mnt2018/lidar/laz/1845_5159.laz,730,"MULTIPOLYGON (((844889.1342159922 6503521.100679733, 844888.9316288689 6504520.326960114, 845888.1572271155 6504520.530261775, 845888.3612108713 6503521.303948954, 844889.1342159922 6503521.100679733)))"
ima_gestion_images.imamnt2018laz1kmcc46.731,1845_5160,https://download.data.grandlyon.com/files/grandlyon/imagerie/mnt2018/lidar/laz/1845_5160.laz,731,"MULTIPOLYGON (((844888.9316268428 6504520.3369524665, 844888.7290073857 6505519.561836082, 845887.9532087632 6505519.765170194, 845888.1572250755 6504520.54025413, 844888.9316268428 6504520.3369524665)))"
ima_gestion_images.imamnt2018laz1kmcc46.732,1845_5161,https://download.data.grandlyon.com/files/grandlyon/imagerie/mnt2018/lidar/laz/1845_5161.laz,732,"MULTIPOLYGON (((844888.7290053592 6505519.571828425, 844888.5263535577 6506518.795315054, 845887.7491578433 6506518.998681626, 845887.9532067229 6505519.775162538, 844888.7290053592 6505519.571828425)))"
ima_gestion_images.imamnt2018laz1kmcc46.733,1845_5162,https://download.data.grandlyon.com/files/grandlyon/imagerie/mnt2018/lidar/laz/1845_5162.laz,733,"MULTIPOLYGON (((844888.526351531 6506518.805307382, 844888.3236673747 6507518.0273968, 845887.5450743454 6507518.230795845, 845887.7491558027 6506519.008673953, 844888.526351531 6506518.805307382)))"
ima_gestion_images.imamnt2018laz1kmcc46.734,1845_5163,https://download.data.grandlyon.com/files/grandlyon/imagerie/mnt2018/lidar/laz/1845_5163.laz,734,"MULTIPOLYGON (((844888.3236653476 6507518.037389114, 844888.1209488262 6508517.258081104, 845887.3409582591 6508517.46151263, 845887.5450723044 6507518.240788158, 844888.3236653476 6507518.037389114)))"
ima_gestion_images.imamnt2018laz1kmcc46.735,1845_5164,https://download.data.grandlyon.com/files/grandlyon/imagerie/mnt2018/lidar/laz/1845_5164.laz,735,"MULTIPOLYGON (((844888.1209467987 6508517.268073404, 844887.9181979018 6509516.487367738, 845887.136809574 6509516.690831756, 845887.3409562178 6508517.4715049295, 844888.1209467987 6508517.268073404)))"
ima_gestion_images.imamnt2018laz1kmcc46.736,1845_5165,https://download.data.grandlyon.com/files/grandlyon/imagerie/mnt2018/lidar/laz/1845_5165.laz,736,"MULTIPOLYGON (((844887.9181958742 6509516.497360022, 844887.7154145911 6510515.715256481, 845886.9326282794 6510515.918753003, 845887.1368075323 6509516.700824042, 844887.9181958742 6509516.497360022)))"
ima_gestion_images.imamnt2018laz1kmcc46.737,1845_5166,https://download.data.grandlyon.com/files/grandlyon/imagerie/mnt2018/lidar/laz/1845_5166.laz,737,"MULTIPOLYGON (((844887.7154125632 6510515.72524875, 844887.5125988841 6511514.941747108, 845886.7284143651 6511515.145276144, 845886.9326262376 6510515.9287452735, 844887.7154125632 6510515.72524875)))"
ima_gestion_images.imamnt2018laz1kmcc46.738,1845_5167,https://download.data.grandlyon.com/files/grandlyon/imagerie/mnt2018/lidar/laz/1845_5167.laz,738,"MULTIPOLYGON (((844887.5125968556 6511514.951739366, 844887.3097507699 6512514.166839398, 845886.5241678206 6512514.370400957, 845886.7284123229 6511515.155268399, 844887.5125968556 6511514.951739366)))"
ima_gestion_images.imamnt2018laz1kmcc46.739,1845_5168,https://download.data.grandlyon.com/files/grandlyon/imagerie/mnt2018/lidar/laz/1845_5168.laz,739,"MULTIPOLYGON (((844887.3097487413 6512514.17683164, 844887.1068702382 6513513.390533129, 845886.3198886353 6513513.594127219, 845886.5241657781 6512514.3803932, 844887.3097487413 6512514.17683164)))"
ima_gestion_images.imamnt2018laz1kmcc46.740,1845_5169,https://download.data.grandlyon.com/files/grandlyon/imagerie/mnt2018/lidar/laz/1845_5169.laz,740,"MULTIPOLYGON (((844887.1068682093 6513513.400525357, 844886.9039572788 6514512.612828071, 845886.1155767988 6514512.816454709, 845886.3198865924 6513513.604119449, 844887.1068682093 6513513.400525357)))"
ima_gestion_images.imamnt2018laz1kmcc46.741,1845_5170,https://download.data.grandlyon.com/files/grandlyon/imagerie/mnt2018/lidar/laz/1845_5170.laz,741,"MULTIPOLYGON (((844886.9039552496 6514512.622820287, 844886.7010118812 6515511.833724008, 845885.9112323007 6515512.037383197, 845886.1155747556 6514512.826446924, 844886.9039552496 6514512.622820287)))"
ima_gestion_images.imamnt2018laz1kmcc46.742,1845_5171,https://download.data.grandlyon.com/files/grandlyon/imagerie/mnt2018/lidar/laz/1845_5171.laz,742,"MULTIPOLYGON (((844886.7010098515 6515511.843716208, 844886.498034035 6516511.053220711, 845885.7068551303 6516511.256912467, 845885.911230257 6515512.0473754015, 844886.7010098515 6515511.843716208)))"
ima_gestion_images.imamnt2018laz1kmcc46.743,1845_5172,https://download.data.grandlyon.com/files/grandlyon/imagerie/mnt2018/lidar/laz/1845_5172.laz,743,"MULTIPOLYGON (((844886.498032005 6516511.0632129, 844886.2950237296 6517510.271317962, 845885.5024452773 6517510.475042294, 845885.7068530864 6516511.266904656, 844886.498032005 6516511.0632129)))"
ima_gestion_images.imamnt2018laz1kmcc46.744,1845_5173,https://download.data.grandlyon.com/files/grandlyon/imagerie/mnt2018/lidar/laz/1845_5173.laz,744,"MULTIPOLYGON (((844886.2950216993 6517510.281310135, 844886.0919809546 6518509.488015532, 845885.298002731 6518509.69177245, 845885.5024432329 6517510.485034469, 844886.2950216993 6517510.281310135)))"
ima_gestion_images.imamnt2018laz1kmcc46.745,1845_5174,https://download.data.grandlyon.com/files/grandlyon/imagerie/mnt2018/lidar/laz/1845_5174.laz,745,"MULTIPOLYGON (((844886.0919789241 6518509.4980076905, 844885.8889057 6519508.703313202, 845885.0935274811 6519508.907102715, 845885.2980006865 6518509.70176461, 844886.0919789241 6518509.4980076905)))"
ima_gestion_images.imamnt2018laz1kmcc46.746,1845_5175,https://download.data.grandlyon.com/files/grandlyon/imagerie/mnt2018/lidar/laz/1845_5175.laz,746,"MULTIPOLYGON (((844885.888903669 6519508.713305347, 844885.6857979548 6520507.917210743, 845884.8890195171 6520508.121032864, 845885.0935254361 6519508.917094863, 844885.888903669 6519508.713305347)))"
ima_gestion_images.imamnt2018laz1kmcc46.747,1845_5176,https://download.data.grandlyon.com/files/grandlyon/imagerie/mnt2018/lidar/laz/1845_5176.laz,747,"MULTIPOLYGON (((844885.6857959235 6520507.927202875, 844885.4826577087 6521507.129707936, 845884.6844788282 6521507.333562674, 845884.8890174718 6520508.131024999, 844885.6857959235 6520507.927202875)))"
ima_gestion_images.imamnt2018laz1kmcc46.748,1845_5177,https://download.data.grandlyon.com/files/grandlyon/imagerie/mnt2018/lidar/laz/1845_5177.laz,748,"MULTIPOLYGON (((844885.4826556771 6521507.139700052, 844885.2794849516 6522506.3408045545, 845884.4799054042 6522506.544691921, 845884.6844767826 6521507.343554793, 844885.4826556771 6521507.139700052)))"
ima_gestion_images.imamnt2018laz1kmcc46.749,1845_5178,https://download.data.grandlyon.com/files/grandlyon/imagerie/mnt2018/lidar/laz/1845_5178.laz,749,"MULTIPOLYGON (((844885.2794829197 6522506.350796655, 844885.0762796726 6523505.550500372, 845884.2752992344 6523505.754420378, 845884.4799033583 6522506.554684024, 844885.2794829197 6522506.350796655)))"
ima_gestion_images.imamnt2018laz1kmcc46.750,1845_5179,https://download.data.grandlyon.com/files/grandlyon/imagerie/mnt2018/lidar/laz/1845_5179.laz,750,"MULTIPOLYGON (((844885.0762776404 6523505.560492463, 844884.8730418615 6524504.758795172, 845884.0706603085 6524504.962747826, 845884.2752971882 6523505.764412469, 844885.0762776404 6523505.560492463)))"
ima_gestion_images.imamnt2018laz1kmcc46.751,1845_5180,https://download.data.grandlyon.com/files/grandlyon/imagerie/mnt2018/lidar/laz/1845_5180.laz,751,"MULTIPOLYGON (((844884.873039829 6524504.768787247, 844884.6697715078 6525503.96568872, 845883.8659886156 6525504.169674036, 845884.0706582619 6524504.972739901, 844884.873039829 6524504.768787247)))"
ima_gestion_images.imamnt2018laz1kmcc46.752,1845_5181,https://download.data.grandlyon.com/files/grandlyon/imagerie/mnt2018/lidar/laz/1845_5181.laz,752,"MULTIPOLYGON (((844884.669769475 6525503.975680784, 844884.466468601 6526503.171180803, 845883.6612841454 6526503.375198788, 845883.8659865687 6525504.179666098, 844884.669769475 6525503.975680784)))"
ima_gestion_images.imamnt2018laz1kmcc46.753,1845_5182,https://download.data.grandlyon.com/files/grandlyon/imagerie/mnt2018/lidar/laz/1845_5182.laz,753,"MULTIPOLYGON (((844884.4664665678 6526503.181172851, 844884.2631331306 6527502.375271188, 845883.4565468873 6527502.579321854, 845883.6612820982 6526503.385190837, 844884.4664665678 6526503.181172851)))"
ima_gestion_images.imamnt2018laz1kmcc46.754,1845_5183,https://download.data.grandlyon.com/files/grandlyon/imagerie/mnt2018/lidar/laz/1845_5183.laz,754,"MULTIPOLYGON (((844884.2631310971 6527502.385263222, 844884.0597650863 6528501.577959655, 845883.2517768309 6528501.782043013, 845883.4565448398 6527502.58931389, 844884.2631310971 6527502.385263222)))"
ima_gestion_images.imamnt2018laz1kmcc46.755,1845_5184,https://download.data.grandlyon.com/files/grandlyon/imagerie/mnt2018/lidar/laz/1845_5184.laz,755,"MULTIPOLYGON (((844884.0597630524 6528501.587951676, 844883.8563644573 6529500.77924598, 845883.0469739654 6529500.983362038, 845883.2517747829 6528501.792035034, 844884.0597630524 6528501.587951676)))"
ima_gestion_images.imamnt2018laz1kmcc46.756,1845_5185,https://download.data.grandlyon.com/files/grandlyon/imagerie/mnt2018/lidar/laz/1845_5185.laz,756,"MULTIPOLYGON (((844883.8563624232 6529500.789237986, 844883.6529312334 6530499.979129935, 845882.8421382804 6530500.183278706, 845883.0469719172 6529500.993354044, 844883.8563624232 6529500.789237986)))"
ima_gestion_images.imamnt2018laz1kmcc46.757,1845_5186,https://download.data.grandlyon.com/files/grandlyon/imagerie/mnt2018/lidar/laz/1845_5186.laz,757,"MULTIPOLYGON (((844883.6529291988 6530499.989121929, 844883.4494654038 6531499.177611299, 845882.6372697651 6531499.381792791, 845882.8421362317 6530500.193270699, 844883.6529291988 6530499.989121929)))"
ima_gestion_images.imamnt2018laz1kmcc46.758,1845_5187,https://download.data.grandlyon.com/files/grandlyon/imagerie/mnt2018/lidar/laz/1845_5187.laz,758,"MULTIPOLYGON (((844883.4494633691 6531499.187603274, 844883.2459669586 6532498.374689843, 845882.4323684092 6532498.57890407, 845882.6372677162 6531499.3917847695, 844883.4494633691 6531499.187603274)))"
ima_gestion_images.imamnt2018laz1kmcc46.759,1845_5188,https://download.data.grandlyon.com/files/grandlyon/imagerie/mnt2018/lidar/laz/1845_5188.laz,759,"MULTIPOLYGON (((844883.2459649234 6532498.384681806, 844883.0424358866 6533497.570365344, 845882.2274342021 6533497.774612317, 845882.4323663601 6532498.588896034, 844883.2459649234 6532498.384681806)))"
ima_gestion_images.imamnt2018laz1kmcc46.760,1845_5189,https://download.data.grandlyon.com/files/grandlyon/imagerie/mnt2018/lidar/laz/1845_5189.laz,760,"MULTIPOLYGON (((844883.0424338513 6533497.580357294, 844882.8388721776 6534496.764637583, 845882.0224671331 6534496.968917308, 845882.2274321527 6533497.784604265, 844883.0424338513 6533497.580357294)))"
ima_gestion_images.imamnt2018laz1kmcc46.761,1845_5190,https://download.data.grandlyon.com/files/grandlyon/imagerie/mnt2018/lidar/laz/1845_5190.laz,761,"MULTIPOLYGON (((844882.8388701419 6534496.774629518, 844882.6352758212 6535495.957506326, 845881.8174671918 6535496.161818816, 845882.0224650834 6534496.978909242, 844882.8388701419 6534496.774629518)))"
ima_gestion_images.imamnt2018laz1kmcc46.762,1845_5191,https://download.data.grandlyon.com/files/grandlyon/imagerie/mnt2018/lidar/laz/1845_5191.laz,762,"MULTIPOLYGON (((844882.6352737851 6535495.9674982475, 844882.4316468067 6536495.148971354, 845881.6124343674 6536495.353316619, 845881.8174651416 6535496.17181074, 844882.6352737851 6535495.9674982475)))"
ima_gestion_images.imamnt2018laz1kmcc46.763,1845_5192,https://download.data.grandlyon.com/files/grandlyon/imagerie/mnt2018/lidar/laz/1845_5192.laz,763,"MULTIPOLYGON (((844882.4316447703 6536495.158963261, 844882.2279851236 6537494.339032439, 845881.4073686494 6537494.543410491, 845881.6124323171 6536495.363308525, 844882.4316447703 6536495.158963261)))"
ima_gestion_images.imamnt2018laz1kmcc46.764,1845_5193,https://download.data.grandlyon.com/files/grandlyon/imagerie/mnt2018/lidar/laz/1845_5193.laz,764,"MULTIPOLYGON (((844882.2279830868 6537494.349024334, 844882.0941779065 6538150.72620319, 845881.2726389711 6538150.930602785, 845881.4073665986 6537494.553402387, 844882.2279830868 6537494.349024334)))"
ima_gestion_images.imamnt2018laz1kmcc46.765,1846_5150,https://download.data.grandlyon.com/files/grandlyon/imagerie/mnt2018/lidar/laz/1846_5150.laz,765,"MULTIPOLYGON (((845890.1662876476 6494721.039473871, 845890.0019209504 6495527.35326024, 846889.240113467 6495527.557665063, 846889.4056055398 6494721.243852413, 845890.1662876476 6494721.039473871)))"
ima_gestion_images.imamnt2018laz1kmcc46.766,1846_5151,https://download.data.grandlyon.com/files/grandlyon/imagerie/mnt2018/lidar/laz/1846_5151.laz,766,"MULTIPOLYGON (((845890.0019189133 6495527.363252722, 845889.7981952227 6496526.600731548, 846889.0349928827 6496526.805168952, 846889.2401114157 6495527.567657547, 845890.0019189133 6495527.363252722)))"
ima_gestion_images.imamnt2018laz1kmcc46.767,1846_5152,https://download.data.grandlyon.com/files/grandlyon/imagerie/mnt2018/lidar/laz/1846_5152.laz,767,"MULTIPOLYGON (((845889.7981931854 6496526.610724015, 845889.5944370213 6497525.84680787, 846888.8298396026 6497526.051277862, 846889.0349908313 6496526.815161419, 845889.7981931854 6496526.610724015)))"
ima_gestion_images.imamnt2018laz1kmcc46.768,1846_5153,https://download.data.grandlyon.com/files/grandlyon/imagerie/mnt2018/lidar/laz/1846_5153.laz,768,"MULTIPOLYGON (((845889.5944349836 6497525.856800324, 845889.3906463357 6498525.0914889835, 846888.624653616 6498525.2959915735, 846888.8298375509 6497526.061270317, 845889.5944349836 6497525.856800324)))"
ima_gestion_images.imamnt2018laz1kmcc46.769,1846_5154,https://download.data.grandlyon.com/files/grandlyon/imagerie/mnt2018/lidar/laz/1846_5154.laz,769,"MULTIPOLYGON (((845889.3906442977 6498525.101481422, 845889.1868231555 6499524.334774664, 846888.4194349125 6499524.539309868, 846888.624651564 6498525.305984015, 845889.3906442977 6498525.101481422)))"
ima_gestion_images.imamnt2018laz1kmcc46.770,1846_5155,https://download.data.grandlyon.com/files/grandlyon/imagerie/mnt2018/lidar/laz/1846_5155.laz,770,"MULTIPOLYGON (((845889.1868211171 6499524.344767086, 845888.9829674703 6500523.576664691, 846888.2141834818 6500523.781232514, 846888.4194328603 6499524.549302292, 845889.1868211171 6499524.344767086)))"
ima_gestion_images.imamnt2018laz1kmcc46.771,1846_5156,https://download.data.grandlyon.com/files/grandlyon/imagerie/mnt2018/lidar/laz/1846_5156.laz,771,"MULTIPOLYGON (((845888.9829654316 6500523.586657103, 845888.7790792697 6501522.8171588415, 846888.0088993132 6501523.021759298, 846888.214181429 6500523.791224927, 845888.9829654316 6500523.586657103)))"
ima_gestion_images.imamnt2018laz1kmcc46.772,1846_5157,https://download.data.grandlyon.com/files/grandlyon/imagerie/mnt2018/lidar/laz/1846_5157.laz,772,"MULTIPOLYGON (((845888.7790772307 6501522.827151239, 845888.5751585434 6502522.056256895, 846887.803582396 6502522.260889994, 846888.0088972601 6501523.031751696, 845888.7790772307 6501522.827151239)))"
ima_gestion_images.imamnt2018laz1kmcc46.773,1846_5158,https://download.data.grandlyon.com/files/grandlyon/imagerie/mnt2018/lidar/laz/1846_5158.laz,773,"MULTIPOLYGON (((845888.575156504 6502522.066249279, 845888.3712052809 6503521.293958626, 846887.5982327202 6503521.498624377, 846887.8035803428 6502522.270882376, 845888.575156504 6502522.066249279)))"
ima_gestion_images.imamnt2018laz1kmcc46.774,1846_5159,https://download.data.grandlyon.com/files/grandlyon/imagerie/mnt2018/lidar/laz/1846_5159.laz,774,"MULTIPOLYGON (((845888.3712032412 6503521.303950996, 845888.1672194717 6504520.530263814, 846887.392850275 6504520.734962227, 846887.5982306665 6503521.5086167455, 845888.3712032412 6503521.303950996)))"
ima_gestion_images.imamnt2018laz1kmcc46.775,1846_5160,https://download.data.grandlyon.com/files/grandlyon/imagerie/mnt2018/lidar/laz/1846_5160.laz,775,"MULTIPOLYGON (((845888.1672174316 6504520.540256169, 845887.9632011052 6505519.765172237, 846887.18743505 6505519.969903321, 846887.392848221 6504520.744954585, 845888.1672174316 6504520.540256169)))"
ima_gestion_images.imamnt2018laz1kmcc46.776,1846_5161,https://download.data.grandlyon.com/files/grandlyon/imagerie/mnt2018/lidar/laz/1846_5161.laz,776,"MULTIPOLYGON (((845887.9631990648 6505519.775164576, 845887.7591501714 6506518.998683666, 846886.9819870347 6506519.203447438, 846887.1874329958 6505519.979895663, 845887.9631990648 6505519.775164576)))"
ima_gestion_images.imamnt2018laz1kmcc46.777,1846_5162,https://download.data.grandlyon.com/files/grandlyon/imagerie/mnt2018/lidar/laz/1846_5162.laz,777,"MULTIPOLYGON (((845887.7591481307 6506519.008675994, 845887.5550666596 6507518.230797887, 846886.7765062185 6507518.435594351, 846886.98198498 6506519.213439765, 845887.7591481307 6506519.008675994)))"
ima_gestion_images.imamnt2018laz1kmcc46.778,1846_5163,https://download.data.grandlyon.com/files/grandlyon/imagerie/mnt2018/lidar/laz/1846_5163.laz,778,"MULTIPOLYGON (((845887.5550646186 6507518.240790201, 845887.3509505593 6508517.46151467, 846886.5709925909 6508517.666343842, 846886.7765041635 6507518.4455866655, 845887.5550646186 6507518.240790201)))"
ima_gestion_images.imamnt2018laz1kmcc46.779,1846_5164,https://download.data.grandlyon.com/files/grandlyon/imagerie/mnt2018/lidar/laz/1846_5164.laz,779,"MULTIPOLYGON (((845887.3509485179 6508517.471506971, 845887.1468018602 6509516.690833796, 846886.3654461413 6509516.895695683, 846886.5709905355 6508517.676336143, 845887.3509485179 6508517.471506971)))"
ima_gestion_images.imamnt2018laz1kmcc46.780,1846_5165,https://download.data.grandlyon.com/files/grandlyon/imagerie/mnt2018/lidar/laz/1846_5165.laz,780,"MULTIPOLYGON (((845887.1467998185 6509516.700826082, 845886.9426205517 6510515.918755041, 846886.1598668594 6510516.123649654, 846886.3654440857 6509516.90568797, 845887.1467998185 6509516.700826082)))"
ima_gestion_images.imamnt2018laz1kmcc46.781,1846_5166,https://download.data.grandlyon.com/files/grandlyon/imagerie/mnt2018/lidar/laz/1846_5166.laz,781,"MULTIPOLYGON (((845886.9426185098 6510515.928747316, 845886.7384066235 6511515.145278185, 846885.9542547346 6511515.350205531, 846886.1598648034 6510516.133641926, 845886.9426185098 6510515.928747316)))"
ima_gestion_images.imamnt2018laz1kmcc46.782,1846_5167,https://download.data.grandlyon.com/files/grandlyon/imagerie/mnt2018/lidar/laz/1846_5167.laz,782,"MULTIPOLYGON (((845886.7384045811 6511515.155270443, 845886.5341600649 6512514.370402998, 846885.7486097561 6512514.575363092, 846885.9542526782 6511515.36019779, 845886.7384045811 6511515.155270443)))"
ima_gestion_images.imamnt2018laz1kmcc46.783,1846_5168,https://download.data.grandlyon.com/files/grandlyon/imagerie/mnt2018/lidar/laz/1846_5168.laz,783,"MULTIPOLYGON (((845886.5341580224 6512514.380395243, 845886.3298808656 6513513.594129261, 846885.5429319135 6513513.799122115, 846885.7486076994 6512514.585355338, 845886.5341580224 6512514.380395243)))"
ima_gestion_images.imamnt2018laz1kmcc46.784,1846_5169,https://download.data.grandlyon.com/files/grandlyon/imagerie/mnt2018/lidar/laz/1846_5169.laz,784,"MULTIPOLYGON (((845886.3298788227 6513513.604121492, 845886.1255690152 6514512.81645675, 846885.3372211965 6514513.021482372, 846885.5429298567 6513513.809114344, 845886.3298788227 6513513.604121492)))"
ima_gestion_images.imamnt2018laz1kmcc46.785,1846_5170,https://download.data.grandlyon.com/files/grandlyon/imagerie/mnt2018/lidar/laz/1846_5170.laz,785,"MULTIPOLYGON (((845886.125566972 6514512.826448964, 845885.921224503 6515512.037385244, 846885.1314775944 6515512.242443639, 846885.3372191392 6514513.031474586, 845886.125566972 6514512.826448964)))"
ima_gestion_images.imamnt2018laz1kmcc46.786,1846_5171,https://download.data.grandlyon.com/files/grandlyon/imagerie/mnt2018/lidar/laz/1846_5171.laz,786,"MULTIPOLYGON (((845885.9212224593 6515512.047377445, 845885.7168473186 6516511.256914511, 846884.9257010964 6516511.462005698, 846885.1314755366 6515512.2524358425, 845885.9212224593 6515512.047377445)))"
ima_gestion_images.imamnt2018laz1kmcc46.787,1846_5172,https://download.data.grandlyon.com/files/grandlyon/imagerie/mnt2018/lidar/laz/1846_5172.laz,787,"MULTIPOLYGON (((845885.7168452747 6516511.266906701, 845885.5124374515 6517510.475044339, 846884.7198916922 6517510.680168324, 846884.9256990384 6516511.471997886, 845885.7168452747 6516511.266906701)))"
ima_gestion_images.imamnt2018laz1kmcc46.788,1846_5173,https://download.data.grandlyon.com/files/grandlyon/imagerie/mnt2018/lidar/laz/1846_5173.laz,788,"MULTIPOLYGON (((845885.5124354073 6517510.485036513, 845885.3079948914 6518509.691774494, 846884.514049371 6518509.896931293, 846884.7198896338 6517510.690160499, 845885.5124354073 6517510.485036513)))"
ima_gestion_images.imamnt2018laz1kmcc46.789,1846_5174,https://download.data.grandlyon.com/files/grandlyon/imagerie/mnt2018/lidar/laz/1846_5174.laz,789,"MULTIPOLYGON (((845885.3079928467 6518509.701766657, 845885.1035196274 6519508.907104762, 846884.3081741226 6519509.112294376, 846884.5140473124 6518509.906923453, 845885.3079928467 6518509.701766657)))"
ima_gestion_images.imamnt2018laz1kmcc46.790,1846_5175,https://download.data.grandlyon.com/files/grandlyon/imagerie/mnt2018/lidar/laz/1846_5175.laz,790,"MULTIPOLYGON (((845885.1035175824 6519508.917096908, 845884.8990116493 6520508.121034911, 846884.1022659361 6520508.326257357, 846884.3081720636 6519509.122286525, 845885.1035175824 6519508.917096908)))"
ima_gestion_images.imamnt2018laz1kmcc46.791,1846_5176,https://download.data.grandlyon.com/files/grandlyon/imagerie/mnt2018/lidar/laz/1846_5176.laz,791,"MULTIPOLYGON (((845884.899009604 6520508.131027043, 845884.6944709466 6521507.33356472, 846883.8963248009 6521507.538820008, 846884.1022638767 6520508.336249492, 845884.899009604 6520508.131027043)))"
ima_gestion_images.imamnt2018laz1kmcc46.792,1846_5177,https://download.data.grandlyon.com/files/grandlyon/imagerie/mnt2018/lidar/laz/1846_5177.laz,792,"MULTIPOLYGON (((845884.694468901 6521507.34355684, 845884.4898975084 6522506.544693967, 846883.6903507067 6522506.749982107, 846883.8963227414 6521507.548812129, 845884.694468901 6521507.34355684)))"
ima_gestion_images.imamnt2018laz1kmcc46.793,1846_5178,https://download.data.grandlyon.com/files/grandlyon/imagerie/mnt2018/lidar/laz/1846_5178.laz,793,"MULTIPOLYGON (((845884.4898954625 6522506.55468607, 845884.2852913246 6523505.754422426, 846883.4843436426 6523505.95974343, 846883.6903486467 6522506.759974213, 845884.4898954625 6522506.55468607)))"
ima_gestion_images.imamnt2018laz1kmcc46.794,1846_5179,https://download.data.grandlyon.com/files/grandlyon/imagerie/mnt2018/lidar/laz/1846_5179.laz,794,"MULTIPOLYGON (((845884.2852892785 6523505.764414515, 845884.0806523848 6524504.962749871, 846883.278303598 6524505.16810375, 846883.4843415824 6523505.969735521, 845884.2852892785 6523505.764414515)))"
ima_gestion_images.imamnt2018laz1kmcc46.795,1846_5180,https://download.data.grandlyon.com/files/grandlyon/imagerie/mnt2018/lidar/laz/1846_5180.laz,795,"MULTIPOLYGON (((845884.0806503382 6524504.972741949, 845883.8759806779 6525504.169676084, 846883.0722305628 6525504.375062844, 846883.2783015375 6524505.178095828, 845884.0806503382 6524504.972741949)))"
ima_gestion_images.imamnt2018laz1kmcc46.796,1846_5181,https://download.data.grandlyon.com/files/grandlyon/imagerie/mnt2018/lidar/laz/1846_5181.laz,796,"MULTIPOLYGON (((845883.875978631 6525504.179668145, 845883.6712761936 6526503.375200836, 846882.8661245257 6526503.580620493, 846883.0722285017 6525504.385054911, 845883.875978631 6525504.179668145)))"
ima_gestion_images.imamnt2018laz1kmcc46.797,1846_5182,https://download.data.grandlyon.com/files/grandlyon/imagerie/mnt2018/lidar/laz/1846_5182.laz,797,"MULTIPOLYGON (((845883.6712741464 6526503.385192883, 845883.4665389216 6527502.579323904, 846882.6599854765 6527502.784776464, 846882.8661224644 6526503.59061254, 845883.6712741464 6526503.385192883)))"
ima_gestion_images.imamnt2018laz1kmcc46.798,1846_5183,https://download.data.grandlyon.com/files/grandlyon/imagerie/mnt2018/lidar/laz/1846_5183.laz,798,"MULTIPOLYGON (((845883.466536874 6527502.589315935, 845883.2617688512 6528501.782045062, 846882.4538134044 6528501.987530537, 846882.6599834148 6527502.794768498, 845883.466536874 6527502.589315935)))"
ima_gestion_images.imamnt2018laz1kmcc46.799,1846_5184,https://download.data.grandlyon.com/files/grandlyon/imagerie/mnt2018/lidar/laz/1846_5184.laz,799,"MULTIPOLYGON (((845883.2617668032 6528501.792037081, 845883.0569659716 6529500.983364086, 846882.2476082988 6529501.18888249, 846882.4538113425 6528501.997522558, 845883.2617668032 6528501.792037081)))"
ima_gestion_images.imamnt2018laz1kmcc46.800,1846_5185,https://download.data.grandlyon.com/files/grandlyon/imagerie/mnt2018/lidar/laz/1846_5185.laz,800,"MULTIPOLYGON (((845883.0569639234 6529500.993356093, 845882.8521302724 6530500.183280755, 846882.0413701491 6530500.388832093, 846882.2476062366 6529501.198874495, 845883.0569639234 6529500.993356093)))"
ima_gestion_images.imamnt2018laz1kmcc46.801,1846_5186,https://download.data.grandlyon.com/files/grandlyon/imagerie/mnt2018/lidar/laz/1846_5186.laz,801,"MULTIPOLYGON (((845882.852128224 6530500.193272746, 845882.6472617433 6531499.381794841, 846881.8350989448 6531499.587379127, 846882.0413680866 6530500.398824086, 845882.852128224 6530500.193272746)))"
ima_gestion_images.imamnt2018laz1kmcc46.802,1846_5187,https://download.data.grandlyon.com/files/grandlyon/imagerie/mnt2018/lidar/laz/1846_5187.laz,802,"MULTIPOLYGON (((845882.6472596944 6531499.391786817, 845882.4423603733 6532498.578906119, 846881.628794675 6532498.784523362, 846881.835096882 6531499.597371103, 845882.6472596944 6531499.391786817)))"
ima_gestion_images.imamnt2018laz1kmcc46.803,1846_5188,https://download.data.grandlyon.com/files/grandlyon/imagerie/mnt2018/lidar/laz/1846_5188.laz,803,"MULTIPOLYGON (((845882.4423583242 6532498.588898083, 845882.2374261522 6533497.774614366, 846881.4224573293 6533497.980264579, 846881.6287926119 6532498.7945153285, 845882.4423583242 6532498.588898083)))"
ima_gestion_images.imamnt2018laz1kmcc46.804,1846_5189,https://download.data.grandlyon.com/files/grandlyon/imagerie/mnt2018/lidar/laz/1846_5189.laz,804,"MULTIPOLYGON (((845882.2374241027 6533497.784606315, 845882.0324590693 6534496.968919357, 846881.216086897 6534497.1746025495, 846881.4224552658 6533497.990256529, 845882.2374241027 6533497.784606315)))"
ima_gestion_images.imamnt2018laz1kmcc46.805,1846_5190,https://download.data.grandlyon.com/files/grandlyon/imagerie/mnt2018/lidar/laz/1846_5190.laz,805,"MULTIPOLYGON (((845882.0324570194 6534496.978911295, 845881.8274591138 6535496.161820868, 846881.0096833671 6535496.36753705, 846881.216084833 6534497.184594486, 845882.0324570194 6534496.978911295)))"
ima_gestion_images.imamnt2018laz1kmcc46.806,1846_5191,https://download.data.grandlyon.com/files/grandlyon/imagerie/mnt2018/lidar/laz/1846_5191.laz,806,"MULTIPOLYGON (((845881.8274570637 6535496.171812788, 845881.6224262754 6536495.353318671, 846880.8032467294 6536495.559067855, 846881.0096813029 6535496.377528971, 845881.8274570637 6535496.171812788)))"
ima_gestion_images.imamnt2018laz1kmcc46.807,1846_5192,https://download.data.grandlyon.com/files/grandlyon/imagerie/mnt2018/lidar/laz/1846_5192.laz,807,"MULTIPOLYGON (((845881.622424225 6536495.363310577, 845881.4173605434 6537494.543412543, 846880.596776973 6537494.749194735, 846880.8032446649 6536495.56905976, 845881.622424225 6536495.363310577)))"
ima_gestion_images.imamnt2018laz1kmcc46.808,1846_5193,https://download.data.grandlyon.com/files/grandlyon/imagerie/mnt2018/lidar/laz/1846_5193.laz,808,"MULTIPOLYGON (((845881.4173584925 6537494.553404436, 845881.2789738498 6538168.746135022, 846880.4574427869 6538168.951939496, 846880.5967749082 6537494.75918663, 845881.4173584925 6537494.553404436)))"
ima_gestion_images.imamnt2018laz1kmcc46.809,1847_5150,https://download.data.grandlyon.com/files/grandlyon/imagerie/mnt2018/lidar/laz/1847_5150.laz,809,"MULTIPOLYGON (((846889.3700412259 6494943.217065486, 846889.2501059489 6495527.557667118, 847598.206720532 6495527.703537575, 847598.327234458 6494943.362922351, 846889.3700412259 6494943.217065486)))"
ima_gestion_images.imamnt2018laz1kmcc46.810,1847_5151,https://download.data.grandlyon.com/files/grandlyon/imagerie/mnt2018/lidar/laz/1847_5151.laz,810,"MULTIPOLYGON (((846889.2501038979 6495527.567659599, 846889.0449853508 6496526.805171003, 847610.8309395897 6496526.953711493, 847611.037065677 6495527.716176417, 846889.2501038979 6495527.567659599)))"
ima_gestion_images.imamnt2018laz1kmcc46.811,1847_5152,https://download.data.grandlyon.com/files/grandlyon/imagerie/mnt2018/lidar/laz/1847_5152.laz,811,"MULTIPOLYGON (((846889.0449832994 6496526.815163471, 846888.8398320567 6497526.051279915, 847606.7976685687 6497526.199054435, 847607.003822169 6496526.962914439, 846889.0449832994 6496526.815163471)))"
ima_gestion_images.imamnt2018laz1kmcc46.812,1847_5153,https://download.data.grandlyon.com/files/grandlyon/imagerie/mnt2018/lidar/laz/1847_5153.laz,812,"MULTIPOLYGON (((846888.839830005 6497526.061272369, 846888.6346460562 6498525.295993627, 847615.4747595544 6498525.445624924, 847615.6809584246 6497526.210879815, 846888.839830005 6497526.061272369)))"
ima_gestion_images.imamnt2018laz1kmcc46.813,1847_5154,https://download.data.grandlyon.com/files/grandlyon/imagerie/mnt2018/lidar/laz/1847_5154.laz,813,"MULTIPOLYGON (((846888.6346440042 6498525.305986065, 846888.4294273388 6499524.539311919, 847614.8388514065 6499524.68887839, 847615.0450825549 6498525.455528691, 846888.6346440042 6498525.305986065)))"
ima_gestion_images.imamnt2018laz1kmcc46.814,1847_5155,https://download.data.grandlyon.com/files/grandlyon/imagerie/mnt2018/lidar/laz/1847_5155.laz,814,"MULTIPOLYGON (((846888.4294252864 6499524.549304346, 846888.2241758939 6500523.781234568, 847622.4266670472 6500523.932433939, 847622.632941971 6499524.700479605, 846888.4294252864 6499524.549304346)))"
ima_gestion_images.imamnt2018laz1kmcc46.815,1847_5156,https://download.data.grandlyon.com/files/grandlyon/imagerie/mnt2018/lidar/laz/1847_5156.laz,815,"MULTIPOLYGON (((846888.2241738413 6500523.791226979, 846888.0188917115 6501523.021761349, 847887.2487445027 6501523.22775788, 847887.4554225763 6500523.997190657, 846888.2241738413 6500523.791226979)))"
ima_gestion_images.imamnt2018laz1kmcc46.816,1847_5157,https://download.data.grandlyon.com/files/grandlyon/imagerie/mnt2018/lidar/laz/1847_5157.laz,816,"MULTIPOLYGON (((846888.0188896584 6501523.031753748, 846887.8135747804 6502522.260892048, 847887.0420313915 6502522.466921441, 847887.2487424358 6501523.237750278, 846888.0188896584 6501523.031753748)))"
ima_gestion_images.imamnt2018laz1kmcc46.817,1847_5158,https://download.data.grandlyon.com/files/grandlyon/imagerie/mnt2018/lidar/laz/1847_5158.laz,817,"MULTIPOLYGON (((846887.8135727271 6502522.27088443, 846887.6082250905 6503521.498626429, 847886.8352852989 6503521.704688701, 847887.0420293242 6502522.476913825, 846887.8135727271 6502522.27088443)))"
ima_gestion_images.imamnt2018laz1kmcc46.818,1847_5159,https://download.data.grandlyon.com/files/grandlyon/imagerie/mnt2018/lidar/laz/1847_5159.laz,818,"MULTIPOLYGON (((846887.608223037 6503521.5086188, 846887.4028426314 6504520.73496428, 847886.6285062144 6504520.941059438, 847886.8352832312 6503521.71468107, 846887.608223037 6503521.5086188)))"
ima_gestion_images.imamnt2018laz1kmcc46.819,1847_5160,https://download.data.grandlyon.com/files/grandlyon/imagerie/mnt2018/lidar/laz/1847_5160.laz,819,"MULTIPOLYGON (((846887.4028405774 6504520.744956638, 846887.1974273924 6505519.969905377, 847886.4216941271 6505520.176033429, 847886.6285041464 6504520.951051794, 846887.4028405774 6504520.744956638)))"
ima_gestion_images.imamnt2018laz1kmcc46.820,1847_5161,https://download.data.grandlyon.com/files/grandlyon/imagerie/mnt2018/lidar/laz/1847_5161.laz,820,"MULTIPOLYGON (((846887.1974253381 6505519.979897719, 846886.9919793631 6506519.203449492, 847886.2148490269 6506519.40961045, 847886.4216920589 6505520.1860257685, 846887.1974253381 6505519.979897719)))"
ima_gestion_images.imamnt2018laz1kmcc46.821,1847_5162,https://download.data.grandlyon.com/files/grandlyon/imagerie/mnt2018/lidar/laz/1847_5162.laz,821,"MULTIPOLYGON (((846886.9919773084 6506519.213441822, 846886.786498533 6507518.435596407, 847886.0079709028 6507518.641790282, 847886.2148469583 6506519.419602779, 846886.9919773084 6506519.213441822)))"
ima_gestion_images.imamnt2018laz1kmcc46.822,1847_5163,https://download.data.grandlyon.com/files/grandlyon/imagerie/mnt2018/lidar/laz/1847_5163.laz,822,"MULTIPOLYGON (((846886.7864964779 6507518.445588721, 846886.5809848914 6508517.666345896, 847885.8010597444 6508517.8725727005, 847886.0079688339 6507518.651782597, 846886.7864964779 6507518.445588721)))"
ima_gestion_images.imamnt2018laz1kmcc46.823,1847_5164,https://download.data.grandlyon.com/files/grandlyon/imagerie/mnt2018/lidar/laz/1847_5164.laz,823,"MULTIPOLYGON (((846886.580982836 6508517.676338198, 846886.3754384278 6509516.89569774, 847885.5941155413 6509517.10195748, 847885.8010576752 6508517.882565, 846886.580982836 6508517.676338198)))"
ima_gestion_images.imamnt2018laz1kmcc46.824,1847_5165,https://download.data.grandlyon.com/files/grandlyon/imagerie/mnt2018/lidar/laz/1847_5165.laz,824,"MULTIPOLYGON (((846886.3754363722 6509516.905690026, 846886.169859132 6510516.12365171, 847885.3871382823 6510516.329944402, 847885.5941134717 6509517.111949767, 846886.3754363722 6509516.905690026)))"
ima_gestion_images.imamnt2018laz1kmcc46.825,1847_5166,https://download.data.grandlyon.com/files/grandlyon/imagerie/mnt2018/lidar/laz/1847_5166.laz,825,"MULTIPOLYGON (((846886.1698570759 6510516.133643984, 846885.9642469932 6511515.350207589, 847885.1801279573 6511515.556533241, 847885.3871362124 6510516.339936674, 846886.1698570759 6510516.133643984)))"
ima_gestion_images.imamnt2018laz1kmcc46.826,1847_5167,https://download.data.grandlyon.com/files/grandlyon/imagerie/mnt2018/lidar/laz/1847_5167.laz,826,"MULTIPOLYGON (((846885.9642449368 6511515.360199846, 846885.7586020007 6512514.575365149, 847884.9730845555 6512514.781723769, 847885.180125887 6511515.566525498, 846885.9642449368 6511515.360199846)))"
ima_gestion_images.imamnt2018laz1kmcc46.827,1847_5168,https://download.data.grandlyon.com/files/grandlyon/imagerie/mnt2018/lidar/laz/1847_5168.laz,827,"MULTIPOLYGON (((846885.758599944 6512514.585357395, 846885.5529241442 6513513.799124172, 847884.7660080665 6513514.005515771, 847884.973082485 6512514.791716014, 846885.758599944 6512514.585357395)))"
ima_gestion_images.imamnt2018laz1kmcc46.828,1847_5169,https://download.data.grandlyon.com/files/grandlyon/imagerie/mnt2018/lidar/laz/1847_5169.laz,828,"MULTIPOLYGON (((846885.5529220873 6513513.809116402, 846885.3472134131 6514513.021484429, 847884.5588984793 6514513.22790902, 847884.7660059955 6513514.015508002, 846885.5529220873 6513513.809116402)))"
ima_gestion_images.imamnt2018laz1kmcc46.829,1847_5170,https://download.data.grandlyon.com/files/grandlyon/imagerie/mnt2018/lidar/laz/1847_5170.laz,829,"MULTIPOLYGON (((846885.3472113558 6514513.031476645, 846885.1414697969 6515512.242445697, 847884.3517557838 6515512.448903291, 847884.5588964081 6514513.237901237, 846885.3472113558 6514513.031476645)))"
ima_gestion_images.imamnt2018laz1kmcc46.830,1847_5171,https://download.data.grandlyon.com/files/grandlyon/imagerie/mnt2018/lidar/laz/1847_5171.laz,830,"MULTIPOLYGON (((846885.1414677392 6515512.252437901, 846884.935693285 6516511.462007756, 847884.1445799688 6516511.668498362, 847884.351753712 6515512.458895495, 846885.1414677392 6515512.252437901)))"
ima_gestion_images.imamnt2018laz1kmcc46.831,1847_5172,https://download.data.grandlyon.com/files/grandlyon/imagerie/mnt2018/lidar/laz/1847_5172.laz,831,"MULTIPOLYGON (((846884.9356912271 6516511.471999945, 846884.7298838669 6517510.6801703805, 847883.9373710238 6517510.886694014, 847884.1445778968 6516511.678490552, 846884.9356912271 6516511.471999945)))"
ima_gestion_images.imamnt2018laz1kmcc46.832,1847_5173,https://download.data.grandlyon.com/files/grandlyon/imagerie/mnt2018/lidar/laz/1847_5173.laz,832,"MULTIPOLYGON (((846884.7298818086 6517510.690162555, 846884.5240415317 6518509.89693335, 847883.7301289386 6518510.103490014, 847883.9373689515 6517510.896686189, 846884.7298818086 6517510.690162555)))"
ima_gestion_images.imamnt2018laz1kmcc46.833,1847_5174,https://download.data.grandlyon.com/files/grandlyon/imagerie/mnt2018/lidar/laz/1847_5174.laz,833,"MULTIPOLYGON (((846884.5240394732 6518509.90692551, 846884.3181662691 6519509.112296437, 847883.522853702 6519509.318886144, 847883.7301268659 6518510.113482174, 846884.5240394732 6518509.90692551)))"
ima_gestion_images.imamnt2018laz1kmcc46.834,1847_5175,https://download.data.grandlyon.com/files/grandlyon/imagerie/mnt2018/lidar/laz/1847_5175.laz,834,"MULTIPOLYGON (((846884.3181642103 6519509.122288581, 846884.1122580686 6520508.3262594165, 847883.3155453036 6520508.532882179, 847883.5228516292 6519509.328878291, 846884.3181642103 6519509.122288581)))"
ima_gestion_images.imamnt2018laz1kmcc46.835,1847_5176,https://download.data.grandlyon.com/files/grandlyon/imagerie/mnt2018/lidar/laz/1847_5176.laz,835,"MULTIPOLYGON (((846884.1122560095 6520508.33625155, 846883.9063169196 6521507.538822068, 847883.1082037329 6521507.745477897, 847883.3155432304 6520508.542874311, 846884.1122560095 6520508.33625155)))"
ima_gestion_images.imamnt2018laz1kmcc46.836,1847_5177,https://download.data.grandlyon.com/files/grandlyon/imagerie/mnt2018/lidar/laz/1847_5177.laz,836,"MULTIPOLYGON (((846883.9063148601 6521507.548814189, 846883.7003428113 6522506.7499841675, 847882.9008289787 6522506.956673074, 847883.1082016593 6521507.755470016, 846883.9063148601 6521507.548814189)))"
ima_gestion_images.imamnt2018laz1kmcc46.837,1847_5178,https://download.data.grandlyon.com/files/grandlyon/imagerie/mnt2018/lidar/laz/1847_5178.laz,837,"MULTIPOLYGON (((846883.7003407514 6522506.759976271, 846883.4943357331 6523505.95974549, 847882.6934210311 6523506.166467481, 847882.9008269049 6522506.966665178, 846883.7003407514 6522506.759976271)))"
ima_gestion_images.imamnt2018laz1kmcc46.838,1847_5179,https://download.data.grandlyon.com/files/grandlyon/imagerie/mnt2018/lidar/laz/1847_5179.laz,838,"MULTIPOLYGON (((846883.4943336729 6523505.969737581, 846883.2882956747 6524505.168105811, 847882.4859798788 6524505.3748608995, 847882.6934189568 6523506.17645957, 846883.4943336729 6523505.969737581)))"
ima_gestion_images.imamnt2018laz1kmcc46.839,1847_5180,https://download.data.grandlyon.com/files/grandlyon/imagerie/mnt2018/lidar/laz/1847_5180.laz,839,"MULTIPOLYGON (((846883.2882936142 6524505.178097886, 846883.0822226253 6525504.375064907, 847882.2785055113 6525504.581853103, 847882.4859778043 6524505.384852977, 846883.2882936142 6524505.178097886)))"
ima_gestion_images.imamnt2018laz1kmcc46.840,1847_5181,https://download.data.grandlyon.com/files/grandlyon/imagerie/mnt2018/lidar/laz/1847_5181.laz,840,"MULTIPOLYGON (((846883.0822205644 6525504.385056969, 846882.8761165743 6526503.580622554, 847882.070997918 6526503.787443866, 847882.2785034365 6525504.591845165, 846883.0822205644 6525504.385056969)))"
ima_gestion_images.imamnt2018laz1kmcc46.841,1847_5182,https://download.data.grandlyon.com/files/grandlyon/imagerie/mnt2018/lidar/laz/1847_5182.laz,841,"MULTIPOLYGON (((846882.876114513 6526503.5906146, 846882.6699775109 6527502.784778524, 847881.8634570882 6527502.991632971, 847882.0709958428 6526503.797435916, 846882.876114513 6526503.5906146)))"
ima_gestion_images.imamnt2018laz1kmcc46.842,1847_5183,https://download.data.grandlyon.com/files/grandlyon/imagerie/mnt2018/lidar/laz/1847_5183.laz,842,"MULTIPOLYGON (((846882.6699754493 6527502.79477056, 846882.4638054249 6528501.9875326, 847881.6558830112 6528502.194420186, 847881.8634550127 6527503.001625004, 846882.6699754493 6527502.79477056)))"
ima_gestion_images.imamnt2018laz1kmcc46.843,1847_5184,https://download.data.grandlyon.com/files/grandlyon/imagerie/mnt2018/lidar/laz/1847_5184.laz,843,"MULTIPOLYGON (((846882.463803363 6528501.99752462, 846882.2576003054 6529501.188884549, 847881.4482756762 6529501.395805287, 847881.6558809354 6528502.204412207, 846882.463803363 6528501.99752462)))"
ima_gestion_images.imamnt2018laz1kmcc46.844,1847_5185,https://download.data.grandlyon.com/files/grandlyon/imagerie/mnt2018/lidar/laz/1847_5185.laz,844,"MULTIPOLYGON (((846882.2575982431 6529501.198876556, 846882.0513621416 6530500.388834158, 847881.2406350727 6530500.595788054, 847881.4482736001 6529501.405797293, 846882.2575982431 6529501.198876556)))"
ima_gestion_images.imamnt2018laz1kmcc46.845,1847_5186,https://download.data.grandlyon.com/files/grandlyon/imagerie/mnt2018/lidar/laz/1847_5186.laz,845,"MULTIPOLYGON (((846882.0513600791 6530500.398826148, 846881.8450909232 6531499.587381191, 847881.0329611897 6531499.794368259, 847881.2406329962 6530500.6057800455, 846882.0513600791 6530500.398826148)))"
ima_gestion_images.imamnt2018laz1kmcc46.846,1847_5187,https://download.data.grandlyon.com/files/grandlyon/imagerie/mnt2018/lidar/laz/1847_5187.laz,846,"MULTIPOLYGON (((846881.8450888605 6531499.597373166, 846881.6387866396 6532498.784525425, 847880.8252540168 6532498.991545679, 847881.0329591129 6531499.804360236, 846881.8450888605 6531499.597373166)))"
ima_gestion_images.imamnt2018laz1kmcc46.847,1847_5188,https://download.data.grandlyon.com/files/grandlyon/imagerie/mnt2018/lidar/laz/1847_5188.laz,847,"MULTIPOLYGON (((846881.6387845763 6532498.79451739, 846881.4324492797 6533497.980266643, 847880.6175135431 6533498.187320089, 847880.8252519396 6532499.001537643, 846881.6387845763 6532498.79451739)))"
ima_gestion_images.imamnt2018laz1kmcc46.848,1847_5189,https://download.data.grandlyon.com/files/grandlyon/imagerie/mnt2018/lidar/laz/1847_5189.laz,848,"MULTIPOLYGON (((846881.4324472162 6533497.990258592, 846881.2260788333 6534497.174604613, 847880.4097397579 6534497.381691262, 847880.6175114656 6533498.197312037, 846881.4324472162 6533497.990258592)))"
ima_gestion_images.imamnt2018laz1kmcc46.849,1847_5190,https://download.data.grandlyon.com/files/grandlyon/imagerie/mnt2018/lidar/laz/1847_5190.laz,849,"MULTIPOLYGON (((846881.2260767694 6534497.18459655, 846881.0196752895 6535496.367539113, 847880.2019326505 6535496.574658977, 847880.40973768 6534497.3916831985, 846881.2260767694 6534497.18459655)))"
ima_gestion_images.imamnt2018laz1kmcc46.850,1847_5191,https://download.data.grandlyon.com/files/grandlyon/imagerie/mnt2018/lidar/laz/1847_5191.laz,850,"MULTIPOLYGON (((846881.0196732252 6535496.377531037, 846880.8132386378 6536495.559069918, 847879.9940922101 6536495.766223007, 847880.2019305723 6535496.584650899, 846881.0196732252 6535496.377531037)))"
ima_gestion_images.imamnt2018laz1kmcc46.851,1847_5192,https://download.data.grandlyon.com/files/grandlyon/imagerie/mnt2018/lidar/laz/1847_5192.laz,851,"MULTIPOLYGON (((846880.8132365732 6536495.569061824, 846880.6067688674 6537494.749196801, 847879.7862184258 6537494.956383127, 847879.9940901315 6536495.776214915, 846880.8132365732 6536495.569061824)))"
ima_gestion_images.imamnt2018laz1kmcc46.852,1847_5193,https://download.data.grandlyon.com/files/grandlyon/imagerie/mnt2018/lidar/laz/1847_5193.laz,852,"MULTIPOLYGON (((846880.6067668025 6537494.759188694, 846880.4672777251 6538169.711324802, 847879.645778731 6538169.918533588, 847879.7862163471 6537494.966375021, 846880.6067668025 6537494.759188694)))"
ima_gestion_images.imamnt2018laz1kmcc46.853,1848_5156,https://download.data.grandlyon.com/files/grandlyon/imagerie/mnt2018/lidar/laz/1848_5156.laz,853,"MULTIPOLYGON (((847887.4000931553 6500839.827307285, 847887.2587369012 6501523.22775995, 848886.4886226631 6501523.435152541, 848886.6309336574 6500840.034677255, 847887.4000931553 6500839.827307285)))"
ima_gestion_images.imamnt2018laz1kmcc46.854,1848_5157,https://download.data.grandlyon.com/files/grandlyon/imagerie/mnt2018/lidar/laz/1848_5157.laz,854,"MULTIPOLYGON (((847887.2587348343 6501523.237752346, 847887.0520237761 6502522.466923507, 848886.2805133684 6502522.674349189, 848886.4886205822 6501523.445144939, 847887.2587348343 6501523.237752346)))"
ima_gestion_images.imamnt2018laz1kmcc46.855,1848_5158,https://download.data.grandlyon.com/files/grandlyon/imagerie/mnt2018/lidar/laz/1848_5158.laz,855,"MULTIPOLYGON (((847887.0520217088 6502522.476915892, 847886.8452776696 6503521.7046907665, 848886.0723708696 6503521.912149547, 848886.280511287 6502522.684341574, 847887.0520217088 6502522.476915892)))"
ima_gestion_images.imamnt2018laz1kmcc46.856,1848_5159,https://download.data.grandlyon.com/files/grandlyon/imagerie/mnt2018/lidar/laz/1848_5159.laz,856,"MULTIPOLYGON (((847886.845275602 6503521.714683139, 847886.6384985711 6504520.941061506, 848885.8641951563 6504521.148553392, 848886.0723687881 6503521.922141916, 847886.845275602 6503521.714683139)))"
ima_gestion_images.imamnt2018laz1kmcc46.857,1848_5160,https://download.data.grandlyon.com/files/grandlyon/imagerie/mnt2018/lidar/laz/1848_5160.laz,857,"MULTIPOLYGON (((847886.6384965032 6504520.9510538615, 847886.4316864699 6505520.1760354955, 848885.6559862175 6505520.383560502, 848885.8641930743 6504521.15854575, 847886.6384965032 6504520.9510538615)))"
ima_gestion_images.imamnt2018laz1kmcc46.858,1848_5161,https://download.data.grandlyon.com/files/grandlyon/imagerie/mnt2018/lidar/laz/1848_5161.laz,858,"MULTIPOLYGON (((847886.4316844017 6505520.18602784, 847886.2248413557 6506519.409612519, 848885.447744043 6506519.617170654, 848885.6559841353 6505520.3935528435, 847886.4316844017 6505520.18602784)))"
ima_gestion_images.imamnt2018laz1kmcc46.859,1848_5162,https://download.data.grandlyon.com/files/grandlyon/imagerie/mnt2018/lidar/laz/1848_5162.laz,859,"MULTIPOLYGON (((847886.2248392871 6506519.419604848, 847886.0179632177 6507518.641792351, 848885.2394686216 6507518.849383627, 848885.4477419603 6506519.627162983, 847886.2248392871 6506519.419604848)))"
ima_gestion_images.imamnt2018laz1kmcc46.860,1848_5163,https://download.data.grandlyon.com/files/grandlyon/imagerie/mnt2018/lidar/laz/1848_5163.laz,860,"MULTIPOLYGON (((847886.0179611488 6507518.651784665, 847885.8110520453 6508517.872574769, 848885.031159943 6508518.080199197, 848885.2394665387 6507518.859375943, 847886.0179611488 6507518.651784665)))"
ima_gestion_images.imamnt2018laz1kmcc46.861,1848_5164,https://download.data.grandlyon.com/files/grandlyon/imagerie/mnt2018/lidar/laz/1848_5164.laz,861,"MULTIPOLYGON (((847885.8110499759 6508517.882567071, 847885.6041078281 6509517.101959548, 848884.8228179965 6509517.309617138, 848885.0311578598 6508518.0901914975, 847885.8110499759 6508517.882567071)))"
ima_gestion_images.imamnt2018laz1kmcc46.862,1848_5165,https://download.data.grandlyon.com/files/grandlyon/imagerie/mnt2018/lidar/laz/1848_5165.laz,862,"MULTIPOLYGON (((847885.6041057585 6509517.111951836, 847885.3971305552 6510516.329946471, 848884.6144427713 6510516.537637232, 848884.8228159129 6509517.319609425, 847885.6041057585 6509517.111951836)))"
ima_gestion_images.imamnt2018laz1kmcc46.863,1848_5166,https://download.data.grandlyon.com/files/grandlyon/imagerie/mnt2018/lidar/laz/1848_5166.laz,863,"MULTIPOLYGON (((847885.3971284851 6510516.339938745, 847885.1901202162 6511515.556535309, 848884.4060342568 6511515.764259253, 848884.6144406875 6510516.547629504, 847885.3971284851 6510516.339938745)))"
ima_gestion_images.imamnt2018laz1kmcc46.864,1848_5167,https://download.data.grandlyon.com/files/grandlyon/imagerie/mnt2018/lidar/laz/1848_5167.laz,864,"MULTIPOLYGON (((847885.1901181459 6511515.566527569, 847884.9830768005 6512514.781725841, 848884.1975924424 6512514.989482977, 848884.4060321726 6511515.77425151, 847885.1901181459 6511515.566527569)))"
ima_gestion_images.imamnt2018laz1kmcc46.865,1848_5168,https://download.data.grandlyon.com/files/grandlyon/imagerie/mnt2018/lidar/laz/1848_5168.laz,865,"MULTIPOLYGON (((847884.9830747299 6512514.791718084, 847884.7760002974 6513514.005517844, 848883.9891173173 6513514.213308182, 848884.1975903579 6512514.999475223, 847884.9830747299 6512514.791718084)))"
ima_gestion_images.imamnt2018laz1kmcc46.866,1848_5169,https://download.data.grandlyon.com/files/grandlyon/imagerie/mnt2018/lidar/laz/1848_5169.laz,866,"MULTIPOLYGON (((847884.7759982264 6513514.015510073, 847884.5688906963 6514513.227911091, 848883.7806088708 6514513.4357346445, 848883.9891152324 6513514.223300414, 847884.7759982264 6513514.015510073)))"
ima_gestion_images.imamnt2018laz1kmcc46.867,1848_5170,https://download.data.grandlyon.com/files/grandlyon/imagerie/mnt2018/lidar/laz/1848_5170.laz,867,"MULTIPOLYGON (((847884.568888625 6514513.237903306, 847884.3617479866 6515512.448905364, 848883.5720670923 6515512.6567621445, 848883.7806067856 6514513.445726863, 847884.568888625 6514513.237903306)))"
ima_gestion_images.imamnt2018laz1kmcc46.868,1848_5171,https://download.data.grandlyon.com/files/grandlyon/imagerie/mnt2018/lidar/laz/1848_5171.laz,868,"MULTIPOLYGON (((847884.361745915 6515512.458897566, 847884.1545721577 6516511.6685004365, 848883.3634919709 6516511.876390451, 848883.5720650067 6515512.666754347, 847884.361745915 6515512.458897566)))"
ima_gestion_images.imamnt2018laz1kmcc46.869,1848_5172,https://download.data.grandlyon.com/files/grandlyon/imagerie/mnt2018/lidar/laz/1848_5172.laz,869,"MULTIPOLYGON (((847884.1545700857 6516511.678492622, 847883.9473631989 6517510.886696084, 848883.1548834962 6517511.094619347, 848883.3634898851 6516511.886382639, 847884.1545700857 6516511.678492622)))"
ima_gestion_images.imamnt2018laz1kmcc46.870,1848_5173,https://download.data.grandlyon.com/files/grandlyon/imagerie/mnt2018/lidar/laz/1848_5173.laz,870,"MULTIPOLYGON (((847883.9473611265 6517510.896688259, 847883.7401210996 6518510.103492086, 848882.946241657 6518510.311448608, 848883.1548814098 6517511.104611522, 847883.9473611265 6517510.896688259)))"
ima_gestion_images.imamnt2018laz1kmcc46.871,1848_5174,https://download.data.grandlyon.com/files/grandlyon/imagerie/mnt2018/lidar/laz/1848_5174.laz,871,"MULTIPOLYGON (((847883.7401190269 6518510.113484247, 847883.5328458489 6519509.318888215, 848882.7375664432 6519509.526878007, 848882.9462395706 6518510.321440767, 847883.7401190269 6518510.113484247)))"
ima_gestion_images.imamnt2018laz1kmcc46.872,1848_5175,https://download.data.grandlyon.com/files/grandlyon/imagerie/mnt2018/lidar/laz/1848_5175.laz,872,"MULTIPOLYGON (((847883.532843776 6519509.328880364, 847883.3255374366 6520508.532884255, 848882.5288578437 6520508.74090732, 848882.7375643563 6519509.536870154, 847883.532843776 6519509.328880364)))"
ima_gestion_images.imamnt2018laz1kmcc46.873,1848_5176,https://download.data.grandlyon.com/files/grandlyon/imagerie/mnt2018/lidar/laz/1848_5176.laz,873,"MULTIPOLYGON (((847883.3255353633 6520508.542876386, 847883.1181958518 6521507.745479973, 848882.320115848 6521507.953536326, 848882.5288557564 6520508.750899453, 847883.3255353633 6520508.542876386)))"
ima_gestion_images.imamnt2018laz1kmcc46.874,1848_5177,https://download.data.grandlyon.com/files/grandlyon/imagerie/mnt2018/lidar/laz/1848_5177.laz,874,"MULTIPOLYGON (((847883.1181937782 6521507.755472089, 847882.9108210837 6522506.956675148, 848882.1113404448 6522507.164764804, 848882.3201137602 6521507.963528447, 847883.1181937782 6521507.755472089)))"
ima_gestion_images.imamnt2018laz1kmcc46.875,1848_5178,https://download.data.grandlyon.com/files/grandlyon/imagerie/mnt2018/lidar/laz/1848_5178.laz,875,"MULTIPOLYGON (((847882.9108190098 6522506.9666672535, 847882.703413122 6523506.1664695535, 848881.9025316241 6523506.374592523, 848882.111338357 6522507.174756908, 847882.9108190098 6522506.9666672535)))"
ima_gestion_images.imamnt2018laz1kmcc46.876,1848_5179,https://download.data.grandlyon.com/files/grandlyon/imagerie/mnt2018/lidar/laz/1848_5179.laz,876,"MULTIPOLYGON (((847882.7034110478 6523506.176461647, 847882.4959719558 6524505.374862973, 848881.6936893746 6524505.583019263, 848881.9025295358 6523506.384584614, 847882.7034110478 6523506.176461647)))"
ima_gestion_images.imamnt2018laz1kmcc46.877,1848_5180,https://download.data.grandlyon.com/files/grandlyon/imagerie/mnt2018/lidar/laz/1848_5180.laz,877,"MULTIPOLYGON (((847882.4959698812 6524505.38485505, 847882.2884975744 6525504.581855176, 848881.4848136859 6525504.790044801, 848881.693687286 6524505.593011341, 847882.4959698812 6524505.38485505)))"
ima_gestion_images.imamnt2018laz1kmcc46.878,1848_5181,https://download.data.grandlyon.com/files/grandlyon/imagerie/mnt2018/lidar/laz/1848_5181.laz,878,"MULTIPOLYGON (((847882.2884954994 6525504.591847241, 847882.080989967 6526503.787445945, 848881.2759045471 6526503.995668908, 848881.4848115969 6525504.800036863, 847882.2884954994 6525504.591847241)))"
ima_gestion_images.imamnt2018laz1kmcc46.879,1848_5182,https://download.data.grandlyon.com/files/grandlyon/imagerie/mnt2018/lidar/laz/1848_5182.laz,879,"MULTIPOLYGON (((847882.0809878918 6526503.797437991, 847881.8734491231 6527502.991635046, 848881.0669619475 6527503.199891363, 848881.2759024578 6526504.005660958, 847882.0809878918 6526503.797437991)))"
ima_gestion_images.imamnt2018laz1kmcc46.880,1848_5183,https://download.data.grandlyon.com/files/grandlyon/imagerie/mnt2018/lidar/laz/1848_5183.laz,880,"MULTIPOLYGON (((847881.8734470477 6527503.001627079, 847881.6658750321 6528502.194422261, 848880.8579858762 6528502.402711945, 848881.0669598578 6527503.209883398, 847881.8734470477 6527503.001627079)))"
ima_gestion_images.imamnt2018laz1kmcc46.881,1848_5184,https://download.data.grandlyon.com/files/grandlyon/imagerie/mnt2018/lidar/laz/1848_5184.laz,881,"MULTIPOLYGON (((847881.6658729562 6528502.204414281, 847881.4582676832 6529501.395807364, 848880.6489763224 6529501.604130422, 848880.8579837863 6528502.412703963, 847881.6658729562 6528502.204414281)))"
ima_gestion_images.imamnt2018laz1kmcc46.882,1848_5185,https://download.data.grandlyon.com/files/grandlyon/imagerie/mnt2018/lidar/laz/1848_5185.laz,882,"MULTIPOLYGON (((847881.458265607 6529501.405799369, 847881.2506270655 6530500.595790129, 848880.4399332756 6530500.804146573, 848880.6489742321 6529501.614122429, 847881.458265607 6529501.405799369)))"
ima_gestion_images.imamnt2018laz1kmcc46.883,1848_5186,https://download.data.grandlyon.com/files/grandlyon/imagerie/mnt2018/lidar/laz/1848_5186.laz,883,"MULTIPOLYGON (((847881.2506249889 6530500.605782122, 847881.0429531686 6531499.7943703355, 848880.2308567249 6531500.0027601775, 848880.4399311852 6530500.814138565, 847881.2506249889 6530500.605782122)))"
ima_gestion_images.imamnt2018laz1kmcc46.884,1848_5187,https://download.data.grandlyon.com/files/grandlyon/imagerie/mnt2018/lidar/laz/1848_5187.laz,884,"MULTIPOLYGON (((847881.0429510917 6531499.804362314, 847880.8352459816 6532498.991547756, 848880.0217466594 6532499.199971003, 848880.230854634 6531500.012752154, 847881.0429510917 6531499.804362314)))"
ima_gestion_images.imamnt2018laz1kmcc46.885,1848_5188,https://download.data.grandlyon.com/files/grandlyon/imagerie/mnt2018/lidar/laz/1848_5188.laz,885,"MULTIPOLYGON (((847880.8352439044 6532499.00153972, 847880.6275054939 6533498.187322164, 848879.8126030684 6533498.395778831, 848880.0217445683 6532499.209962968, 847880.8352439044 6532499.00153972)))"
ima_gestion_images.imamnt2018laz1kmcc46.886,1848_5189,https://download.data.grandlyon.com/files/grandlyon/imagerie/mnt2018/lidar/laz/1848_5189.laz,886,"MULTIPOLYGON (((847880.6275034163 6533498.197314116, 847880.4197316946 6534497.381693339, 848879.6034259412 6534497.590183436, 848879.8126009769 6533498.405770783, 847880.6275034163 6533498.197314116)))"
ima_gestion_images.imamnt2018laz1kmcc46.887,1848_5190,https://download.data.grandlyon.com/files/grandlyon/imagerie/mnt2018/lidar/laz/1848_5190.laz,887,"MULTIPOLYGON (((847880.4197296167 6534497.391685277, 847880.211924573 6535496.574661056, 848305.7779055743 6535496.663302598, 848305.9863084065 6534497.4803126035, 847880.4197296167 6534497.391685277)))"
ima_gestion_images.imamnt2018laz1kmcc46.888,1848_5191,https://download.data.grandlyon.com/files/grandlyon/imagerie/mnt2018/lidar/laz/1848_5191.laz,888,"MULTIPOLYGON (((847880.2119224949 6535496.584652979, 847880.0040841188 6536495.766225085, 848304.5003329918 6536495.8546578, 848304.7087677503 6535496.673071508, 847880.2119224949 6535496.584652979)))"
ima_gestion_images.imamnt2018laz1kmcc46.889,1848_5192,https://download.data.grandlyon.com/files/grandlyon/imagerie/mnt2018/lidar/laz/1848_5192.laz,889,"MULTIPOLYGON (((847880.0040820402 6536495.776216995, 847879.7962103204 6537494.956385206, 848304.0820329207 6537495.044788326, 848304.2905008233 6536495.864605934, 847880.0040820402 6536495.776216995)))"
ima_gestion_images.imamnt2018laz1kmcc46.890,1848_5193,https://download.data.grandlyon.com/files/grandlyon/imagerie/mnt2018/lidar/laz/1848_5193.laz,890,"MULTIPOLYGON (((847879.7962082416 6537494.966377101, 847879.7117084033 6537901.086816351, 848294.8047507561 6537901.173307095, 848294.8894876922 6537495.052862204, 847879.7962082416 6537494.966377101)))"
ima_gestion_images.imamnt2018laz1kmcc46.891,1849_5156,https://download.data.grandlyon.com/files/grandlyon/imagerie/mnt2018/lidar/laz/1849_5156.laz,891,"MULTIPOLYGON (((848886.7023364841 6500545.1086818185, 848886.4986150619 6501523.435154623, 849885.728534017 6501523.643943271, 849885.9336221608 6500545.317437862, 848886.7023364841 6500545.1086818185)))"
ima_gestion_images.imamnt2018laz1kmcc46.892,1849_5157,https://download.data.grandlyon.com/files/grandlyon/imagerie/mnt2018/lidar/laz/1849_5157.laz,892,"MULTIPOLYGON (((848886.498612981 6501523.445147022, 848886.2905057534 6502522.67435127, 849885.5190285493 6502522.883173227, 849885.728531922 6501523.65393567, 848886.498612981 6501523.445147022)))"
ima_gestion_images.imamnt2018laz1kmcc46.893,1849_5158,https://download.data.grandlyon.com/files/grandlyon/imagerie/mnt2018/lidar/laz/1849_5158.laz,893,"MULTIPOLYGON (((848886.2905036721 6502522.684343654, 848886.0823632407 6503521.912151629, 849885.3094896551 6503522.121006905, 849885.5190264541 6502522.893165613, 848886.2905036721 6502522.684343654)))"
ima_gestion_images.imamnt2018laz1kmcc46.894,1849_5159,https://download.data.grandlyon.com/files/grandlyon/imagerie/mnt2018/lidar/laz/1849_5159.laz,894,"MULTIPOLYGON (((848886.0823611591 6503521.9221439995, 848885.8741875134 6504521.148555473, 849885.0999173233 6504521.357444082, 849885.3094875595 6503522.130999277, 848886.0823611591 6503521.9221439995)))"
ima_gestion_images.imamnt2018laz1kmcc46.895,1849_5160,https://download.data.grandlyon.com/files/grandlyon/imagerie/mnt2018/lidar/laz/1849_5160.laz,895,"MULTIPOLYGON (((848885.8741854314 6504521.158547831, 848885.6659785607 6505520.383562586, 849884.8903115438 6505520.592484534, 849885.0999152275 6504521.36743644, 848885.8741854314 6504521.158547831)))"
ima_gestion_images.imamnt2018laz1kmcc46.896,1849_5161,https://download.data.grandlyon.com/files/grandlyon/imagerie/mnt2018/lidar/laz/1849_5161.laz,896,"MULTIPOLYGON (((848885.6659764784 6505520.393554927, 848885.457736372 6506519.617172739, 849884.6806723056 6506519.82612804, 849884.8903094477 6505520.602476876, 848885.6659764784 6505520.393554927)))"
ima_gestion_images.imamnt2018laz1kmcc46.897,1849_5162,https://download.data.grandlyon.com/files/grandlyon/imagerie/mnt2018/lidar/laz/1849_5162.laz,897,"MULTIPOLYGON (((848885.4577342893 6506519.627165066, 848885.2494609368 6507518.84938571, 849884.4709995976 6507519.058374375, 849884.6806702089 6506519.83612037, 848885.4577342893 6506519.627165066)))"
ima_gestion_images.imamnt2018laz1kmcc46.898,1849_5163,https://download.data.grandlyon.com/files/grandlyon/imagerie/mnt2018/lidar/laz/1849_5163.laz,898,"MULTIPOLYGON (((848885.2494588539 6507518.859378023, 848885.0411522442 6508518.08020128, 849884.2612934096 6508518.289223318, 849884.4709975008 6507519.06836669, 848885.2494588539 6507518.859378023)))"
ima_gestion_images.imamnt2018laz1kmcc46.899,1849_5164,https://download.data.grandlyon.com/files/grandlyon/imagerie/mnt2018/lidar/laz/1849_5164.laz,899,"MULTIPOLYGON (((848885.041150161 6508518.090193581, 848884.8328102838 6509517.30961922, 849884.0515537305 6509517.518674645, 849884.2612913123 6508518.29921562, 848885.041150161 6508518.090193581)))"
ima_gestion_images.imamnt2018laz1kmcc46.900,1849_5165,https://download.data.grandlyon.com/files/grandlyon/imagerie/mnt2018/lidar/laz/1849_5165.laz,900,"MULTIPOLYGON (((848884.8328082 6509517.319611509, 848884.6244350445 6510516.537639316, 849883.8417805497 6510516.746728134, 849884.0515516328 6509517.528666932, 848884.8328082 6509517.319611509)))"
ima_gestion_images.imamnt2018laz1kmcc46.901,1849_5166,https://download.data.grandlyon.com/files/grandlyon/imagerie/mnt2018/lidar/laz/1849_5166.laz,901,"MULTIPOLYGON (((848884.6244329606 6510516.547631587, 848884.416026516 6511515.764261338, 849883.6319738564 6511515.973383561, 849883.8417784517 6510516.756720409, 848884.6244329606 6510516.547631587)))"
ima_gestion_images.imamnt2018laz1kmcc46.902,1849_5167,https://download.data.grandlyon.com/files/grandlyon/imagerie/mnt2018/lidar/laz/1849_5167.laz,902,"MULTIPOLYGON (((848884.4160244318 6511515.774253595, 848884.2075846877 6512514.989485061, 849883.4221336399 6512515.198640704, 849883.6319717582 6511515.983375819, 848884.4160244318 6511515.774253595)))"
ima_gestion_images.imamnt2018laz1kmcc46.903,1849_5168,https://download.data.grandlyon.com/files/grandlyon/imagerie/mnt2018/lidar/laz/1849_5168.laz,903,"MULTIPOLYGON (((848884.2075826031 6512514.999477305, 848883.9991095485 6513514.213310268, 849883.2122598895 6513514.422499336, 849883.4221315414 6512515.208632949, 848884.2075826031 6512514.999477305)))"
ima_gestion_images.imamnt2018laz1kmcc46.904,1849_5169,https://download.data.grandlyon.com/files/grandlyon/imagerie/mnt2018/lidar/laz/1849_5169.laz,904,"MULTIPOLYGON (((848883.9991074636 6513514.223302501, 848883.7906010882 6514513.435736731, 849883.0023525944 6514513.644959238, 849883.2122577905 6513514.432491569, 848883.9991074636 6513514.223302501)))"
ima_gestion_images.imamnt2018laz1kmcc46.905,1849_5170,https://download.data.grandlyon.com/files/grandlyon/imagerie/mnt2018/lidar/laz/1849_5170.laz,905,"MULTIPOLYGON (((848883.7905990029 6514513.445728948, 848883.5820592956 6515512.656764227, 849882.7924117437 6515512.866020185, 849883.0023504951 6514513.654951455, 848883.7905990029 6514513.445728948)))"
ima_gestion_images.imamnt2018laz1kmcc46.906,1849_5171,https://download.data.grandlyon.com/files/grandlyon/imagerie/mnt2018/lidar/laz/1849_5171.laz,906,"MULTIPOLYGON (((848883.5820572099 6515512.666756433, 848883.3734841603 6516511.876392538, 849882.5824373267 6516512.085681953, 849882.792409644 6515512.876012389, 848883.5820572099 6515512.666756433)))"
ima_gestion_images.imamnt2018laz1kmcc46.907,1849_5172,https://download.data.grandlyon.com/files/grandlyon/imagerie/mnt2018/lidar/laz/1849_5172.laz,907,"MULTIPOLYGON (((848883.3734820744 6516511.886384727, 848883.1648756715 6517511.094621434, 849882.3724293325 6517511.30394432, 849882.5824352268 6516512.095674142, 848883.3734820744 6516511.886384727)))"
ima_gestion_images.imamnt2018laz1kmcc46.908,1849_5173,https://download.data.grandlyon.com/files/grandlyon/imagerie/mnt2018/lidar/laz/1849_5173.laz,908,"MULTIPOLYGON (((848883.1648735851 6517511.10461361, 848882.9562338184 6518510.311450692, 849882.1623877507 6518510.5208070595, 849882.3724272323 6517511.313936493, 848883.1648735851 6517511.10461361)))"
ima_gestion_images.imamnt2018laz1kmcc46.909,1849_5174,https://download.data.grandlyon.com/files/grandlyon/imagerie/mnt2018/lidar/laz/1849_5174.laz,909,"MULTIPOLYGON (((848882.9562317318 6518510.3214428555, 848882.7475585905 6519509.526880092, 849881.9523125701 6519509.736269951, 849882.1623856501 6518510.53079922, 848882.9562317318 6518510.3214428555)))"
ima_gestion_images.imamnt2018laz1kmcc46.910,1849_5175,https://download.data.grandlyon.com/files/grandlyon/imagerie/mnt2018/lidar/laz/1849_5175.laz,910,"MULTIPOLYGON (((848882.7475565036 6519509.536872239, 848882.538849977 6520508.740909408, 849881.7422037801 6520508.950332768, 849881.9523104692 6519509.7462621, 848882.7475565036 6519509.536872239)))"
ima_gestion_images.imamnt2018laz1kmcc46.911,1849_5176,https://download.data.grandlyon.com/files/grandlyon/imagerie/mnt2018/lidar/laz/1849_5176.laz,911,"MULTIPOLYGON (((848882.5388478898 6520508.75090154, 848882.3301079671 6521507.953538415, 849881.5320613699 6521508.162995289, 849881.7422016789 6520508.960324901, 848882.5388478898 6520508.75090154)))"
ima_gestion_images.imamnt2018laz1kmcc46.912,1849_5177,https://download.data.grandlyon.com/files/grandlyon/imagerie/mnt2018/lidar/laz/1849_5177.laz,912,"MULTIPOLYGON (((848882.3301058796 6521507.963530534, 848882.1213325501 6522507.164766892, 849881.3218853287 6522507.374257289, 849881.5320592684 6521508.172987407, 848882.3301058796 6521507.963530534)))"
ima_gestion_images.imamnt2018laz1kmcc46.913,1849_5178,https://download.data.grandlyon.com/files/grandlyon/imagerie/mnt2018/lidar/laz/1849_5178.laz,913,"MULTIPOLYGON (((848882.1213304622 6522507.174758994, 848881.9125237153 6523506.374594611, 849881.1116756456 6523506.584118544, 849881.3218832267 6522507.384249395, 848882.1213304622 6522507.174758994)))"
ima_gestion_images.imamnt2018laz1kmcc46.914,1849_5179,https://download.data.grandlyon.com/files/grandlyon/imagerie/mnt2018/lidar/laz/1849_5179.laz,914,"MULTIPOLYGON (((848881.912521627 6523506.384586701, 848881.7036814519 6524505.583021352, 849880.9014323098 6524505.79257883, 849881.1116735433 6523506.594110636, 848881.912521627 6523506.384586701)))"
ima_gestion_images.imamnt2018laz1kmcc46.915,1849_5180,https://download.data.grandlyon.com/files/grandlyon/imagerie/mnt2018/lidar/laz/1849_5180.laz,915,"MULTIPOLYGON (((848881.7036793634 6524505.593013429, 848881.494805749 6525504.790046888, 849880.6911553105 6525504.999637923, 849880.9014302071 6524505.802570908, 848881.7036793634 6524505.593013429)))"
ima_gestion_images.imamnt2018laz1kmcc46.916,1849_5181,https://download.data.grandlyon.com/files/grandlyon/imagerie/mnt2018/lidar/laz/1849_5181.laz,916,"MULTIPOLYGON (((848881.4948036602 6525504.800038951, 848881.2858965963 6526503.995670997, 849880.4808446369 6526504.2052956, 849880.6911532076 6525505.009629988, 848881.4948036602 6525504.800038951)))"
ima_gestion_images.imamnt2018laz1kmcc46.917,1849_5182,https://download.data.grandlyon.com/files/grandlyon/imagerie/mnt2018/lidar/laz/1849_5182.laz,917,"MULTIPOLYGON (((848881.2858945071 6526504.0056630485, 848881.0769539826 6527503.199893454, 849880.2705002781 6527503.409551634, 849880.4808425335 6526504.21528765, 848881.2858945071 6526504.0056630485)))"
ima_gestion_images.imamnt2018laz1kmcc46.918,1849_5183,https://download.data.grandlyon.com/files/grandlyon/imagerie/mnt2018/lidar/laz/1849_5183.laz,918,"MULTIPOLYGON (((848881.076951893 6527503.209885487, 848880.8679778973 6528502.402714035, 849880.0601222233 6528502.612405803, 849880.2704981746 6527503.419543668, 848881.076951893 6527503.209885487)))"
ima_gestion_images.imamnt2018laz1kmcc46.919,1849_5184,https://download.data.grandlyon.com/files/grandlyon/imagerie/mnt2018/lidar/laz/1849_5184.laz,919,"MULTIPOLYGON (((848880.8679758074 6528502.412706053, 848880.6589683297 6529501.604132511, 849879.8497104618 6529501.81385788, 849880.0601201194 6528502.622397824, 848880.8679758074 6528502.412706053)))"
ima_gestion_images.imamnt2018laz1kmcc46.920,1849_5185,https://download.data.grandlyon.com/files/grandlyon/imagerie/mnt2018/lidar/laz/1849_5185.laz,920,"MULTIPOLYGON (((848880.6589662393 6529501.614124518, 848880.4499252688 6530500.804148665, 849879.6392649824 6530501.013907643, 849879.8497083576 6529501.823849887, 848880.6589662393 6529501.614124518)))"
ima_gestion_images.imamnt2018laz1kmcc46.921,1849_5186,https://download.data.grandlyon.com/files/grandlyon/imagerie/mnt2018/lidar/laz/1849_5186.laz,921,"MULTIPOLYGON (((848880.4499231783 6530500.814140656, 848880.2408487041 6531500.002762266, 849879.4287857747 6531500.212554868, 849879.639262878 6530501.023899637, 848880.4499231783 6530500.814140656)))"
ima_gestion_images.imamnt2018laz1kmcc46.922,1849_5187,https://download.data.grandlyon.com/files/grandlyon/imagerie/mnt2018/lidar/laz/1849_5187.laz,922,"MULTIPOLYGON (((848880.2408466131 6531500.012754247, 848880.0317386246 6532499.199973095, 849879.2182728276 6532499.409799328, 849879.4287836697 6531500.222546846, 848880.2408466131 6531500.012754247)))"
ima_gestion_images.imamnt2018laz1kmcc46.923,1849_5188,https://download.data.grandlyon.com/files/grandlyon/imagerie/mnt2018/lidar/laz/1849_5188.laz,923,"MULTIPOLYGON (((848880.0317365333 6532499.2099650595, 848879.8225950195 6533498.395780924, 849879.0077261301 6533498.6056408, 849879.2182707221 6532499.419791295, 848880.0317365333 6532499.2099650595)))"
ima_gestion_images.imamnt2018laz1kmcc46.924,1849_5189,https://download.data.grandlyon.com/files/grandlyon/imagerie/mnt2018/lidar/laz/1849_5189.laz,924,"MULTIPOLYGON (((848879.822592928 6533498.405772875, 848879.6431084324 6534355.774609136, 849878.8270354122 6534355.98449789, 849879.0077240245 6533498.615632752, 848879.822592928 6533498.405772875)))"
ima_gestion_images.imamnt2018laz1kmcc46.925,1850_5156,https://download.data.grandlyon.com/files/grandlyon/imagerie/mnt2018/lidar/laz/1850_5156.laz,925,"MULTIPOLYGON (((849885.9371025687 6500576.383851136, 849885.7385264161 6501523.643945365, 850884.9684787866 6501523.854130055, 850885.1683782544 6500576.594004046, 849885.9371025687 6500576.383851136)))"
ima_gestion_images.imamnt2018laz1kmcc46.926,1850_5157,https://download.data.grandlyon.com/files/grandlyon/imagerie/mnt2018/lidar/laz/1850_5157.laz,926,"MULTIPOLYGON (((849885.7385243214 6501523.653937764, 849885.5290209346 6502522.883175323, 850884.7575771568 6502523.093393544, 850884.9684766777 6501523.864122454, 849885.7385243214 6501523.653937764)))"
ima_gestion_images.imamnt2018laz1kmcc46.927,1850_5158,https://download.data.grandlyon.com/files/grandlyon/imagerie/mnt2018/lidar/laz/1850_5158.laz,927,"MULTIPOLYGON (((849885.5290188394 6502522.893167707, 849885.3194820264 6503522.121009001, 850884.5466418777 6503522.331260766, 850884.7575750476 6502523.103385929, 849885.5290188394 6502522.893167707)))"
ima_gestion_images.imamnt2018laz1kmcc46.928,1850_5159,https://download.data.grandlyon.com/files/grandlyon/imagerie/mnt2018/lidar/laz/1850_5159.laz,928,"MULTIPOLYGON (((849885.3194799309 6503522.131001372, 849885.1099096809 6504521.357446176, 850884.3356729387 6504521.567731498, 850884.5466397682 6503522.341253138, 849885.3194799309 6503522.131001372)))"
ima_gestion_images.imamnt2018laz1kmcc46.929,1850_5160,https://download.data.grandlyon.com/files/grandlyon/imagerie/mnt2018/lidar/laz/1850_5160.laz,929,"MULTIPOLYGON (((849885.109907585 6504521.367438535, 849884.9003038872 6505520.592486632, 850884.124670329 6505520.802805513, 850884.3356708289 6504521.577723853, 849885.109907585 6504521.367438535)))"
ima_gestion_images.imamnt2018laz1kmcc46.930,1850_5161,https://download.data.grandlyon.com/files/grandlyon/imagerie/mnt2018/lidar/laz/1850_5161.laz,930,"MULTIPOLYGON (((849884.900301791 6505520.602478973, 849884.6906646349 6506519.826130138, 850883.9136340376 6506520.036482595, 850884.1246682188 6505520.8127978565, 849884.900301791 6505520.602478973)))"
ima_gestion_images.imamnt2018laz1kmcc46.931,1850_5162,https://download.data.grandlyon.com/files/grandlyon/imagerie/mnt2018/lidar/laz/1850_5162.laz,931,"MULTIPOLYGON (((849884.6906625384 6506519.836122466, 849884.4809919132 6507519.058376471, 850883.7025640539 6507519.268762517, 850883.913631927 6506520.046474925, 849884.6906625384 6506519.836122466)))"
ima_gestion_images.imamnt2018laz1kmcc46.932,1850_5163,https://download.data.grandlyon.com/files/grandlyon/imagerie/mnt2018/lidar/laz/1850_5163.laz,932,"MULTIPOLYGON (((849884.4809898161 6507519.068368788, 849884.2712857111 6508518.289225415, 850883.491460367 6508518.499645056, 850883.7025619431 6507519.278754832, 849884.4809898161 6507519.068368788)))"
ima_gestion_images.imamnt2018laz1kmcc46.933,1850_5164,https://download.data.grandlyon.com/files/grandlyon/imagerie/mnt2018/lidar/laz/1850_5164.laz,933,"MULTIPOLYGON (((849884.2712836138 6508518.299217717, 849884.0615460179 6509517.518676743, 850883.2803229662 6509517.729129991, 850883.4914582558 6508518.509637359, 849884.2712836138 6508518.299217717)))"
ima_gestion_images.imamnt2018laz1kmcc46.934,1850_5165,https://download.data.grandlyon.com/files/grandlyon/imagerie/mnt2018/lidar/laz/1850_5165.laz,934,"MULTIPOLYGON (((849884.0615439204 6509517.5286690295, 849883.8517728231 6510516.746730231, 850883.0691518405 6510516.957217099, 850883.2803208546 6509517.739122279, 849884.0615439204 6509517.5286690295)))"
ima_gestion_images.imamnt2018laz1kmcc46.935,1850_5166,https://download.data.grandlyon.com/files/grandlyon/imagerie/mnt2018/lidar/laz/1850_5166.laz,935,"MULTIPOLYGON (((849883.8517707253 6510516.756722505, 849883.6419661159 6511515.973385661, 850882.8579469791 6511516.183906156, 850883.0691497286 6510516.967209372, 849883.8517707253 6510516.756722505)))"
ima_gestion_images.imamnt2018laz1kmcc46.936,1850_5167,https://download.data.grandlyon.com/files/grandlyon/imagerie/mnt2018/lidar/laz/1850_5167.laz,936,"MULTIPOLYGON (((849883.6419640178 6511515.983377919, 849883.4321258855 6512515.1986428015, 850882.6467083715 6512515.409196936, 850882.857944867 6511516.193898415, 849883.6419640178 6511515.983377919)))"
ima_gestion_images.imamnt2018laz1kmcc46.937,1850_5168,https://download.data.grandlyon.com/files/grandlyon/imagerie/mnt2018/lidar/laz/1850_5168.laz,937,"MULTIPOLYGON (((849883.4321237869 6512515.208635047, 849883.2222521211 6513514.422501435, 850882.4354360064 6513514.633089221, 850882.6467062589 6512515.419189182, 849883.4321237869 6512515.208635047)))"
ima_gestion_images.imamnt2018laz1kmcc46.938,1850_5169,https://download.data.grandlyon.com/files/grandlyon/imagerie/mnt2018/lidar/laz/1850_5169.laz,938,"MULTIPOLYGON (((849883.2222500222 6513514.432493666, 849883.012344812 6514513.644961335, 850882.2241298733 6514513.855582786, 850882.4354338936 6513514.643081454, 849883.2222500222 6513514.432493666)))"
ima_gestion_images.imamnt2018laz1kmcc46.939,1850_5170,https://download.data.grandlyon.com/files/grandlyon/imagerie/mnt2018/lidar/laz/1850_5170.laz,939,"MULTIPOLYGON (((849883.0123427126 6514513.654953554, 849882.8024039472 6515512.866022284, 850882.0127899613 6515513.076677405, 850882.2241277602 6514513.865575002, 849883.0123427126 6514513.654953554)))"
ima_gestion_images.imamnt2018laz1kmcc46.940,1850_5171,https://download.data.grandlyon.com/files/grandlyon/imagerie/mnt2018/lidar/laz/1850_5171.laz,940,"MULTIPOLYGON (((849882.8024018477 6515512.87601449, 849882.5924295161 6516512.085684053, 850881.8014162594 6516512.296372855, 850882.0127878478 6515513.086669609, 849882.8024018477 6515512.87601449)))"
ima_gestion_images.imamnt2018laz1kmcc46.941,1850_5172,https://download.data.grandlyon.com/files/grandlyon/imagerie/mnt2018/lidar/laz/1850_5172.laz,941,"MULTIPOLYGON (((849882.5924274164 6516512.0956762405, 849882.3824215082 6517511.303946419, 850881.590008757 6517511.514668917, 850881.8014141454 6516512.306365046, 849882.5924274164 6516512.0956762405)))"
ima_gestion_images.imamnt2018laz1kmcc46.942,1850_5173,https://download.data.grandlyon.com/files/grandlyon/imagerie/mnt2018/lidar/laz/1850_5173.laz,942,"MULTIPOLYGON (((849882.382419408 6517511.313938595, 849882.1723799123 6518510.52080916, 850881.3785674429 6518510.731565361, 850881.5900066427 6517511.524661092, 849882.382419408 6517511.313938595)))"
ima_gestion_images.imamnt2018laz1kmcc46.943,1850_5174,https://download.data.grandlyon.com/files/grandlyon/imagerie/mnt2018/lidar/laz/1850_5174.laz,943,"MULTIPOLYGON (((849882.1723778117 6518510.530801321, 849881.9623047177 6519509.736272051, 850881.1670923065 6519509.947061969, 850881.3785653283 6518510.741557524, 849882.1723778117 6518510.530801321)))"
ima_gestion_images.imamnt2018laz1kmcc46.944,1850_5175,https://download.data.grandlyon.com/files/grandlyon/imagerie/mnt2018/lidar/laz/1850_5175.laz,944,"MULTIPOLYGON (((849881.9623026168 6519509.746264199, 849881.7521959138 6520508.950334868, 850880.9555833369 6520509.161158512, 850881.1670901915 6519509.957054116, 849881.9623026168 6519509.746264199)))"
ima_gestion_images.imamnt2018laz1kmcc46.945,1850_5176,https://download.data.grandlyon.com/files/grandlyon/imagerie/mnt2018/lidar/laz/1850_5176.laz,945,"MULTIPOLYGON (((849881.7521938125 6520508.960327001, 849881.5420534895 6521508.16299739, 850880.7440405231 6521508.373854773, 850880.9555812217 6520509.171150647, 849881.7521938125 6520508.960327001)))"
ima_gestion_images.imamnt2018laz1kmcc46.946,1850_5177,https://download.data.grandlyon.com/files/grandlyon/imagerie/mnt2018/lidar/laz/1850_5177.laz,946,"MULTIPOLYGON (((849881.542051388 6521508.172989511, 849881.3318774344 6522507.374259389, 850880.5324638544 6522507.58515052, 850880.7440384075 6521508.383846891, 849881.542051388 6521508.172989511)))"
ima_gestion_images.imamnt2018laz1kmcc46.947,1850_5178,https://download.data.grandlyon.com/files/grandlyon/imagerie/mnt2018/lidar/laz/1850_5178.laz,947,"MULTIPOLYGON (((849881.3318753324 6522507.384251497, 849881.1216677371 6523506.584120646, 850880.3208533198 6523506.795045533, 850880.5324617384 6522507.595142626, 849881.3318753324 6522507.384251497)))"
ima_gestion_images.imamnt2018laz1kmcc46.948,1850_5179,https://download.data.grandlyon.com/files/grandlyon/imagerie/mnt2018/lidar/laz/1850_5179.laz,948,"MULTIPOLYGON (((849881.1216656349 6523506.594112738, 849880.9114243874 6524505.792580931, 850880.1092089084 6524506.003539593, 850880.3208512035 6523506.805037626, 849881.1216656349 6523506.594112738)))"
ima_gestion_images.imamnt2018laz1kmcc46.949,1850_5180,https://download.data.grandlyon.com/files/grandlyon/imagerie/mnt2018/lidar/laz/1850_5180.laz,949,"MULTIPOLYGON (((849880.9114222847 6524505.802573012, 849880.701147374 6525504.999640027, 850879.8975306095 6525505.210632466, 850880.1092067919 6524506.013531669, 849880.9114222847 6524505.802573012)))"
ima_gestion_images.imamnt2018laz1kmcc46.950,1850_5181,https://download.data.grandlyon.com/files/grandlyon/imagerie/mnt2018/lidar/laz/1850_5181.laz,950,"MULTIPOLYGON (((849880.7011452711 6525505.009632091, 849880.4908366865 6526504.205297702, 850879.6858184119 6526504.416323934, 850879.8975284924 6525505.220624529, 849880.7011452711 6525505.009632091)))"
ima_gestion_images.imamnt2018laz1kmcc46.951,1850_5182,https://download.data.grandlyon.com/files/grandlyon/imagerie/mnt2018/lidar/laz/1850_5182.laz,951,"MULTIPOLYGON (((849880.4908345833 6526504.215289752, 849880.2804923137 6527503.409553737, 850879.4740723048 6527503.620613771, 850879.6858162945 6526504.426315984, 849880.4908345833 6526504.215289752)))"
ima_gestion_images.imamnt2018laz1kmcc46.952,1850_5183,https://download.data.grandlyon.com/files/grandlyon/imagerie/mnt2018/lidar/laz/1850_5183.laz,952,"MULTIPOLYGON (((849880.28049021 6527503.419545772, 849880.0701142449 6528502.612407906, 850879.2622922775 6528502.823501751, 850879.4740701872 6527503.630605806, 849880.28049021 6527503.419545772)))"
ima_gestion_images.imamnt2018laz1kmcc46.953,1850_5184,https://download.data.grandlyon.com/files/grandlyon/imagerie/mnt2018/lidar/laz/1850_5184.laz,953,"MULTIPOLYGON (((849880.070112141 6528502.622399926, 849879.8597024693 6529501.813859984, 850879.0504783188 6529502.024987653, 850879.2622901595 6528502.833493774, 849880.070112141 6528502.622399926)))"
ima_gestion_images.imamnt2018laz1kmcc46.954,1850_5185,https://download.data.grandlyon.com/files/grandlyon/imagerie/mnt2018/lidar/laz/1850_5185.laz,954,"MULTIPOLYGON (((849879.859700365 6529501.823851991, 849879.6492569761 6530501.013909749, 850878.838630418 6530501.225071254, 850879.0504762005 6529502.03497966, 849879.859700365 6529501.823851991)))"
ima_gestion_images.imamnt2018laz1kmcc46.955,1850_5186,https://download.data.grandlyon.com/files/grandlyon/imagerie/mnt2018/lidar/laz/1850_5186.laz,955,"MULTIPOLYGON (((849879.6492548714 6530501.023901741, 849879.4387777542 6531500.212556974, 850878.626748564 6531500.423752324, 850878.8386282993 6530501.235063246, 849879.6492548714 6530501.023901741)))"
ima_gestion_images.imamnt2018laz1kmcc46.956,1850_5187,https://download.data.grandlyon.com/files/grandlyon/imagerie/mnt2018/lidar/laz/1850_5187.laz,956,"MULTIPOLYGON (((849879.4387756492 6531500.222548951, 849879.2282647929 6532499.409801434, 850878.4148327458 6532499.621030641, 850878.6267464448 6531500.433744304, 849879.4387756492 6531500.222548951)))"
ima_gestion_images.imamnt2018laz1kmcc46.957,1850_5188,https://download.data.grandlyon.com/files/grandlyon/imagerie/mnt2018/lidar/laz/1850_5188.laz,957,"MULTIPOLYGON (((849879.2282626877 6532499.419793397, 849879.0177180815 6533498.6056429045, 850878.2028829529 6533498.816905981, 850878.4148306265 6532499.631022609, 849879.2282626877 6532499.419793397)))"
ima_gestion_images.imamnt2018laz1kmcc46.958,1850_5189,https://download.data.grandlyon.com/files/grandlyon/imagerie/mnt2018/lidar/laz/1850_5189.laz,958,"MULTIPOLYGON (((849879.0177159759 6533498.615634856, 849878.8225153377 6534424.838950777, 850878.0063793798 6534425.050245258, 850878.2028808333 6533498.82689793, 849879.0177159759 6533498.615634856)))"
ima_gestion_images.imamnt2018laz1kmcc46.959,1851_5156,https://download.data.grandlyon.com/files/grandlyon/imagerie/mnt2018/lidar/laz/1851_5156.laz,959,"MULTIPOLYGON (((850885.1377492244 6500769.097813783, 850884.9784711862 6501523.854132164, 851884.2084571946 6501524.065712886, 851884.36878963 6500769.3093690155, 850885.1377492244 6500769.097813783)))"
ima_gestion_images.imamnt2018laz1kmcc46.960,1851_5157,https://download.data.grandlyon.com/files/grandlyon/imagerie/mnt2018/lidar/laz/1851_5157.laz,960,"MULTIPOLYGON (((850884.9784690774 6501523.864124563, 850884.7675695424 6502523.093395654, 851883.9961594136 6502523.305010129, 851884.208455072 6501524.075705283, 850884.9784690774 6501523.864124563)))"
ima_gestion_images.imamnt2018laz1kmcc46.961,1851_5158,https://download.data.grandlyon.com/files/grandlyon/imagerie/mnt2018/lidar/laz/1851_5158.laz,961,"MULTIPOLYGON (((850884.7675674333 6502523.103388038, 850884.5566342495 6503522.331262874, 851883.7838277605 6503522.542911116, 851883.9961572903 6502523.315002515, 850884.7675674333 6502523.103388038)))"
ima_gestion_images.imamnt2018laz1kmcc46.962,1851_5159,https://download.data.grandlyon.com/files/grandlyon/imagerie/mnt2018/lidar/laz/1851_5159.laz,962,"MULTIPOLYGON (((850884.55663214 6503522.341255247, 850884.3456652964 6504521.567733607, 851883.5714622248 6504521.779415622, 851883.783825637 6503522.552903489, 850884.55663214 6503522.341255247)))"
ima_gestion_images.imamnt2018laz1kmcc46.963,1851_5160,https://download.data.grandlyon.com/files/grandlyon/imagerie/mnt2018/lidar/laz/1851_5160.laz,963,"MULTIPOLYGON (((850884.3456631865 6504521.577725965, 850884.1346626726 6505520.8028076235, 851883.3590627956 6505521.014523428, 851883.5714601009 6504521.789407983, 850884.3456631865 6504521.577725965)))"
ima_gestion_images.imamnt2018laz1kmcc46.964,1851_5161,https://download.data.grandlyon.com/files/grandlyon/imagerie/mnt2018/lidar/laz/1851_5161.laz,964,"MULTIPOLYGON (((850884.1346605625 6505520.812799967, 850883.9236263675 6506520.036484705, 851883.1466294621 6506520.248234306, 851883.3590606714 6505521.024515774, 850884.1346605625 6505520.812799967)))"
ima_gestion_images.imamnt2018laz1kmcc46.965,1851_5162,https://download.data.grandlyon.com/files/grandlyon/imagerie/mnt2018/lidar/laz/1851_5162.laz,965,"MULTIPOLYGON (((850883.9236242569 6506520.046477035, 850883.7125563697 6507519.268764627, 851882.9341622134 6507519.480548038, 851883.1466273376 6506520.258226637, 850883.9236242569 6506520.046477035)))"
ima_gestion_images.imamnt2018laz1kmcc46.966,1851_5163,https://download.data.grandlyon.com/files/grandlyon/imagerie/mnt2018/lidar/laz/1851_5163.laz,966,"MULTIPOLYGON (((850883.7125542588 6507519.278756943, 850883.5014526688 6508518.4996471675, 851882.7216610385 6508518.7114643995, 851882.9341600884 6507519.4905403545, 850883.7125542588 6507519.278756943)))"
ima_gestion_images.imamnt2018laz1kmcc46.967,1851_5164,https://download.data.grandlyon.com/files/grandlyon/imagerie/mnt2018/lidar/laz/1851_5164.laz,967,"MULTIPOLYGON (((850883.5014505576 6508518.509639469, 850883.290315254 6509517.729132104, 851882.5091259266 6509517.940983165, 851882.7216589132 6508518.721456701, 850883.5014505576 6508518.509639469)))"
ima_gestion_images.imamnt2018laz1kmcc46.968,1851_5165,https://download.data.grandlyon.com/files/grandlyon/imagerie/mnt2018/lidar/laz/1851_5165.laz,968,"MULTIPOLYGON (((850883.2903131425 6509517.73912439, 850883.0791441144 6510516.957219211, 851882.2965568668 6510517.169104114, 851882.509123801 6509517.9509754535, 850883.2903131425 6509517.73912439)))"
ima_gestion_images.imamnt2018laz1kmcc46.969,1851_5166,https://download.data.grandlyon.com/files/grandlyon/imagerie/mnt2018/lidar/laz/1851_5166.laz,969,"MULTIPOLYGON (((850883.0791420025 6510516.967211484, 850882.8679392391 6511516.183908268, 851882.0839538483 6511516.395827024, 851882.296554741 6510517.17909639, 850883.0791420025 6510516.967211484)))"
ima_gestion_images.imamnt2018laz1kmcc46.970,1851_5167,https://download.data.grandlyon.com/files/grandlyon/imagerie/mnt2018/lidar/laz/1851_5167.laz,970,"MULTIPOLYGON (((850882.8679371269 6511516.193900526, 850882.6567006174 6512515.40919905, 851881.8713168603 6512515.621151666, 851882.0839517221 6511516.405819282, 850882.8679371269 6511516.193900526)))"
ima_gestion_images.imamnt2018laz1kmcc46.971,1851_5168,https://download.data.grandlyon.com/files/grandlyon/imagerie/mnt2018/lidar/laz/1851_5168.laz,971,"MULTIPOLYGON (((850882.6566985048 6512515.419191294, 850882.4454282385 6513514.633091333, 851881.6586458915 6513514.845077828, 851881.8713147338 6512515.631143914, 850882.6566985048 6512515.419191294)))"
ima_gestion_images.imamnt2018laz1kmcc46.972,1851_5169,https://download.data.grandlyon.com/files/grandlyon/imagerie/mnt2018/lidar/laz/1851_5169.laz,972,"MULTIPOLYGON (((850882.4454261254 6513514.643083566, 850882.2341220913 6514513.855584899, 851881.4459409313 6514514.067605275, 851881.6586437646 6513514.855070059, 850882.4454261254 6513514.643083566)))"
ima_gestion_images.imamnt2018laz1kmcc46.973,1851_5170,https://download.data.grandlyon.com/files/grandlyon/imagerie/mnt2018/lidar/laz/1851_5170.laz,973,"MULTIPOLYGON (((850882.234119978 6514513.865577117, 850882.0227821652 6515513.0766795175, 851881.2332019686 6515513.2887337925, 851881.4459388041 6514514.077597493, 850882.234119978 6514513.865577117)))"
ima_gestion_images.imamnt2018laz1kmcc46.974,1851_5171,https://download.data.grandlyon.com/files/grandlyon/imagerie/mnt2018/lidar/laz/1851_5171.laz,974,"MULTIPOLYGON (((850882.0227800517 6515513.08667172, 850881.8114084494 6516512.296374969, 851881.0204289928 6516512.508463152, 851881.2331998411 6515513.298725995, 850882.0227800517 6515513.08667172)))"
ima_gestion_images.imamnt2018laz1kmcc46.975,1851_5172,https://download.data.grandlyon.com/files/grandlyon/imagerie/mnt2018/lidar/laz/1851_5172.laz,975,"MULTIPOLYGON (((850881.8114063354 6516512.30636716, 850881.6000009328 6517511.5146710295, 851880.8076219927 6517511.72679313, 851881.0204268649 6516512.51845534, 850881.8114063354 6516512.30636716)))"
ima_gestion_images.imamnt2018laz1kmcc46.976,1851_5173,https://download.data.grandlyon.com/files/grandlyon/imagerie/mnt2018/lidar/laz/1851_5173.laz,976,"MULTIPOLYGON (((850881.5999988186 6517511.524663207, 850881.3885596048 6518510.731567477, 851880.5947809574 6518510.943723503, 851880.8076198644 6517511.736785304, 850881.5999988186 6517511.524663207)))"
ima_gestion_images.imamnt2018laz1kmcc46.977,1851_5174,https://download.data.grandlyon.com/files/grandlyon/imagerie/mnt2018/lidar/laz/1851_5174.laz,977,"MULTIPOLYGON (((850881.3885574902 6518510.741559639, 850881.1770844546 6519509.947064083, 851880.381905876 6519510.15925405, 851880.5947788288 6518510.953715664, 850881.3885574902 6518510.741559639)))"
ima_gestion_images.imamnt2018laz1kmcc46.978,1851_5175,https://download.data.grandlyon.com/files/grandlyon/imagerie/mnt2018/lidar/laz/1851_5175.laz,978,"MULTIPOLYGON (((850881.1770823395 6519509.957056231, 850880.9655754708 6520509.161160628, 851880.1689967377 6520509.373384542, 851880.3819037471 6519510.169246197, 850881.1770823395 6519509.957056231)))"
ima_gestion_images.imamnt2018laz1kmcc46.979,1851_5176,https://download.data.grandlyon.com/files/grandlyon/imagerie/mnt2018/lidar/laz/1851_5176.laz,979,"MULTIPOLYGON (((850880.9655733556 6520509.171152763, 850880.754032643 6521508.373856888, 851879.9560535313 6521508.586114764, 851880.1689946085 6520509.3833766775, 850880.9655733556 6520509.171152763)))"
ima_gestion_images.imamnt2018laz1kmcc46.980,1851_5177,https://download.data.grandlyon.com/files/grandlyon/imagerie/mnt2018/lidar/laz/1851_5177.laz,980,"MULTIPOLYGON (((850880.7540305275 6521508.383849008, 850880.5424559603 6522507.585152636, 851879.7430762459 6522507.797444486, 851879.9560514017 6521508.596106884, 850880.7540305275 6521508.383849008)))"
ima_gestion_images.imamnt2018laz1kmcc46.981,1851_5178,https://download.data.grandlyon.com/files/grandlyon/imagerie/mnt2018/lidar/laz/1851_5178.laz,981,"MULTIPOLYGON (((850880.5424538444 6522507.595144741, 850880.3308454119 6523506.79504765, 851879.5300648707 6523507.007373484, 851879.743074116 6522507.807436593, 850880.5424538444 6522507.595144741)))"
ima_gestion_images.imamnt2018laz1kmcc46.982,1851_5179,https://download.data.grandlyon.com/files/grandlyon/imagerie/mnt2018/lidar/laz/1851_5179.laz,982,"MULTIPOLYGON (((850880.3308432954 6523506.805039743, 850880.1192009863 6524506.003541709, 851879.3170193947 6524506.215901532, 851879.5300627404 6523507.017365576, 850880.3308432954 6523506.805039743)))"
ima_gestion_images.imamnt2018laz1kmcc46.983,1851_5180,https://download.data.grandlyon.com/files/grandlyon/imagerie/mnt2018/lidar/laz/1851_5180.laz,983,"MULTIPOLYGON (((850880.1191988698 6524506.013533785, 850879.9075226734 6525505.210634582, 851879.0939477426 6525505.4230262805, 851879.3070251859 6524506.225891481, 850880.1191988698 6524506.013533785)))"
ima_gestion_images.imamnt2018laz1kmcc46.984,1851_5181,https://download.data.grandlyon.com/files/grandlyon/imagerie/mnt2018/lidar/laz/1851_5181.laz,984,"MULTIPOLYGON (((850879.9075205564 6525505.220626646, 850879.6958104618 6526504.416326052, 851878.8908260963 6526504.628753899, 851879.103937676 6525505.433020477, 850879.9075205564 6525505.220626646)))"
ima_gestion_images.imamnt2018laz1kmcc46.985,1851_5182,https://download.data.grandlyon.com/files/grandlyon/imagerie/mnt2018/lidar/laz/1851_5182.laz,985,"MULTIPOLYGON (((850879.6958083445 6526504.4263181, 850879.4840643407 6527503.620615888, 851878.6776782519 6527503.83307776, 851878.890823965 6526504.638745949, 850879.6958083445 6526504.4263181)))"
ima_gestion_images.imamnt2018laz1kmcc46.986,1851_5183,https://download.data.grandlyon.com/files/grandlyon/imagerie/mnt2018/lidar/laz/1851_5183.laz,986,"MULTIPOLYGON (((850879.4840622231 6527503.630607923, 850879.2722842994 6528502.82350387, 851878.4644962628 6528503.0359997805, 851878.6776761202 6527503.843069798, 850879.4840622231 6527503.630607923)))"
ima_gestion_images.imamnt2018laz1kmcc46.987,1851_5184,https://download.data.grandlyon.com/files/grandlyon/imagerie/mnt2018/lidar/laz/1851_5184.laz,987,"MULTIPOLYGON (((850879.2722821813 6528502.833495892, 850879.0604703266 6529502.024989772, 851878.251280118 6529502.237519732, 851878.4644941308 6528503.0459918035, 850879.2722821813 6528502.833495892)))"
ima_gestion_images.imamnt2018laz1kmcc46.988,1851_5185,https://download.data.grandlyon.com/files/grandlyon/imagerie/mnt2018/lidar/laz/1851_5185.laz,988,"MULTIPOLYGON (((850879.0604682084 6529502.03498178, 850878.8486224117 6530501.225073372, 851878.0380298065 6530501.437637391, 851878.2512779856 6529502.247511741, 850879.0604682084 6529502.03498178)))"
ima_gestion_images.imamnt2018laz1kmcc46.989,1851_5186,https://download.data.grandlyon.com/files/grandlyon/imagerie/mnt2018/lidar/laz/1851_5186.laz,989,"MULTIPOLYGON (((850878.8486202932 6530501.235065363, 850878.6367405436 6531500.423754444, 851877.8247453172 6531500.636352533, 851878.0380276738 6530501.447629385, 850878.8486202932 6530501.235065363)))"
ima_gestion_images.imamnt2018laz1kmcc46.990,1851_5187,https://download.data.grandlyon.com/files/grandlyon/imagerie/mnt2018/lidar/laz/1851_5187.laz,990,"MULTIPOLYGON (((850878.6367384248 6531500.433746421, 850878.4248247116 6532499.62103276, 851877.6114266391 6532499.833664933, 851877.8247431841 6531500.646344513, 850878.6367384248 6531500.433746421)))"
ima_gestion_images.imamnt2018laz1kmcc46.991,1851_5188,https://download.data.grandlyon.com/files/grandlyon/imagerie/mnt2018/lidar/laz/1851_5188.laz,991,"MULTIPOLYGON (((850878.4248225923 6532499.631024727, 850878.2128749045 6533498.8169081, 851877.3980737615 6533499.029574365, 851877.611424506 6532499.8436568985, 850878.4248225923 6532499.631024727)))"
ima_gestion_images.imamnt2018laz1kmcc46.992,1851_5189,https://download.data.grandlyon.com/files/grandlyon/imagerie/mnt2018/lidar/laz/1851_5189.laz,992,"MULTIPOLYGON (((850878.2128727849 6533498.82690005, 850878.032324095 6534349.860904463, 851877.2163277373 6534350.073599775, 851877.3980716278 6533499.039566316, 850878.2128727849 6533498.82690005)))"
ima_gestion_images.imamnt2018laz1kmcc46.993,1852_5156,https://download.data.grandlyon.com/files/grandlyon/imagerie/mnt2018/lidar/laz/1852_5156.laz,993,"MULTIPOLYGON (((851884.3650448071 6500833.980248953, 851884.2184495947 6501524.0657150075, 852883.4484694637 6501524.27869175, 852883.5960287255 6500834.193202235, 851884.3650448071 6500833.980248953)))"
ima_gestion_images.imamnt2018laz1kmcc46.994,1852_5157,https://download.data.grandlyon.com/files/grandlyon/imagerie/mnt2018/lidar/laz/1852_5157.laz,994,"MULTIPOLYGON (((851884.218447472 6501524.075707409, 851884.0061517995 6502523.305012253, 852883.2347755419 6502523.51802297, 852883.448467327 6501524.288684149, 851884.218447472 6501524.075707409)))"
ima_gestion_images.imamnt2018laz1kmcc46.995,1852_5158,https://download.data.grandlyon.com/files/grandlyon/imagerie/mnt2018/lidar/laz/1852_5158.laz,995,"MULTIPOLYGON (((851884.0061496763 6502523.315004637, 851883.7938201325 6503522.54291324, 852883.0210475258 6503522.755957946, 852883.2347734049 6502523.528015357, 851884.0061496763 6502523.315004637)))"
ima_gestion_images.imamnt2018laz1kmcc46.996,1852_5159,https://download.data.grandlyon.com/files/grandlyon/imagerie/mnt2018/lidar/laz/1852_5159.laz,996,"MULTIPOLYGON (((851883.793818009 6503522.552905613, 851883.5814545827 6504521.7794177495, 852882.8072854043 6504521.992496454, 852883.0210453883 6503522.765950318, 851883.793818009 6503522.552905613)))"
ima_gestion_images.imamnt2018laz1kmcc46.997,1852_5160,https://download.data.grandlyon.com/files/grandlyon/imagerie/mnt2018/lidar/laz/1852_5160.laz,997,"MULTIPOLYGON (((851883.581452459 6504521.789410105, 851883.3690551397 6505521.014525551, 852882.5934891666 6505521.227638269, 852882.8072832664 6504522.002488812, 851883.581452459 6504521.789410105)))"
ima_gestion_images.imamnt2018laz1kmcc46.998,1852_5161,https://download.data.grandlyon.com/files/grandlyon/imagerie/mnt2018/lidar/laz/1852_5161.laz,998,"MULTIPOLYGON (((851883.3690530155 6505521.024517897, 851883.1566217921 6506520.2482364345, 852882.3796588017 6506520.46138317, 852882.5934870285 6505521.237630612, 851883.3690530155 6505521.024517897)))"
ima_gestion_images.imamnt2018laz1kmcc46.999,1852_5162,https://download.data.grandlyon.com/files/grandlyon/imagerie/mnt2018/lidar/laz/1852_5162.laz,999,"MULTIPOLYGON (((851883.1566196678 6506520.258228761, 851882.9441545295 6507519.480550164, 852882.1657942989 6507519.693730933, 852882.3796566634 6506520.4713755, 851883.1566196678 6506520.258228761)))"
ima_gestion_images.imamnt2018laz1kmcc46.1000,1852_5163,https://download.data.grandlyon.com/files/grandlyon/imagerie/mnt2018/lidar/laz/1852_5163.laz,1000,"MULTIPOLYGON (((851882.9441524047 6507519.49054248, 851882.7316533406 6508518.711466525, 852881.9518956469 6508518.924681336, 852882.1657921601 6507519.703723248, 851882.9441524047 6507519.49054248)))"
ima_gestion_images.imamnt2018laz1kmcc46.1001,1852_5164,https://download.data.grandlyon.com/files/grandlyon/imagerie/mnt2018/lidar/laz/1852_5164.laz,1001,"MULTIPOLYGON (((851882.7316512153 6508518.721458827, 851882.5191182148 6509517.940985289, 852881.737962835 6509518.154234155, 852881.9518935077 6508518.934673638, 851882.7316512153 6508518.721458827)))"
ima_gestion_images.imamnt2018laz1kmcc46.1002,1852_5165,https://download.data.grandlyon.com/files/grandlyon/imagerie/mnt2018/lidar/laz/1852_5165.laz,1002,"MULTIPOLYGON (((851882.5191160892 6509517.950977578, 851882.3065491412 6510517.169106239, 852881.5239958521 6510517.38238917, 852881.7379606955 6509518.164226444, 851882.5191160892 6509517.950977578)))"
ima_gestion_images.imamnt2018laz1kmcc46.1003,1852_5166,https://download.data.grandlyon.com/files/grandlyon/imagerie/mnt2018/lidar/laz/1852_5166.laz,1003,"MULTIPOLYGON (((851882.3065470152 6510517.179098513, 851882.0939461086 6511516.39582915, 852881.3099946872 6511516.6091461545, 852881.5239937122 6510517.3923814455, 851882.3065470152 6510517.179098513)))"
ima_gestion_images.imamnt2018laz1kmcc46.1004,1852_5167,https://download.data.grandlyon.com/files/grandlyon/imagerie/mnt2018/lidar/laz/1852_5167.laz,1004,"MULTIPOLYGON (((851882.0939439824 6511516.405821409, 851881.8813091065 6512515.621153796, 852881.0959593295 6512515.8345048865, 852881.3099925471 6511516.619138414, 851882.0939439824 6511516.405821409)))"
ima_gestion_images.imamnt2018laz1kmcc46.1005,1852_5168,https://download.data.grandlyon.com/files/grandlyon/imagerie/mnt2018/lidar/laz/1852_5168.laz,1005,"MULTIPOLYGON (((851881.8813069799 6512515.631146041, 851881.6686381238 6513514.845079954, 852880.881889768 6513515.058465144, 852881.095957189 6512515.844497134, 851881.8813069799 6512515.631146041)))"
ima_gestion_images.imamnt2018laz1kmcc46.1006,1852_5169,https://download.data.grandlyon.com/files/grandlyon/imagerie/mnt2018/lidar/laz/1852_5169.laz,1006,"MULTIPOLYGON (((851881.6686359969 6513514.855072186, 851881.4559331497 6514514.067607402, 852880.6677859917 6514514.2810267005, 852880.8818876271 6513515.068457377, 851881.6686359969 6513514.855072186)))"
ima_gestion_images.imamnt2018laz1kmcc46.1007,1852_5170,https://download.data.grandlyon.com/files/grandlyon/imagerie/mnt2018/lidar/laz/1852_5170.laz,1007,"MULTIPOLYGON (((851881.4559310223 6514514.077599621, 851881.243194173 6515513.288735917, 852880.4536479894 6515513.502189337, 852880.6677838503 6514514.29101892, 851881.4559310223 6514514.077599621)))"
ima_gestion_images.imamnt2018laz1kmcc46.1008,1852_5171,https://download.data.grandlyon.com/files/grandlyon/imagerie/mnt2018/lidar/laz/1852_5171.laz,1008,"MULTIPOLYGON (((851881.2431920455 6515513.298728123, 851881.0304211831 6516512.508465277, 852880.2394757504 6516512.721952825, 852880.453645848 6515513.512181538, 851881.2431920455 6515513.298728123)))"
ima_gestion_images.imamnt2018laz1kmcc46.1009,1852_5172,https://download.data.grandlyon.com/files/grandlyon/imagerie/mnt2018/lidar/laz/1852_5172.laz,1009,"MULTIPOLYGON (((851881.0304190553 6516512.518457467, 851880.817614169 6517511.726795259, 852880.0252692637 6517511.940316946, 852880.2394736086 6516512.731945015, 851881.0304190553 6516512.518457467)))"
ima_gestion_images.imamnt2018laz1kmcc46.1010,1852_5173,https://download.data.grandlyon.com/files/grandlyon/imagerie/mnt2018/lidar/laz/1852_5173.laz,1010,"MULTIPOLYGON (((851880.8176120408 6517511.736787434, 851880.6047731198 6518510.943725632, 852879.811028518 6518511.157281471, 852880.0252671214 6517511.950309122, 851880.8176120408 6517511.736787434)))"
ima_gestion_images.imamnt2018laz1kmcc46.1011,1852_5174,https://download.data.grandlyon.com/files/grandlyon/imagerie/mnt2018/lidar/laz/1852_5174.laz,1011,"MULTIPOLYGON (((851880.6047709913 6518510.953717794, 851880.3918980244 6519510.159256178, 852879.5967535026 6519510.3728461815, 852879.8110263755 6518511.167273634, 851880.6047709913 6518510.953717794)))"
ima_gestion_images.imamnt2018laz1kmcc46.1012,1852_5175,https://download.data.grandlyon.com/files/grandlyon/imagerie/mnt2018/lidar/laz/1852_5175.laz,1012,"MULTIPOLYGON (((851880.3918958955 6519510.169248325, 851880.178988872 6520509.373386672, 852879.3824442064 6520509.587010852, 852879.5967513598 6519510.38283833, 851880.3918958955 6519510.169248325)))"
ima_gestion_images.imamnt2018laz1kmcc46.1013,1852_5176,https://download.data.grandlyon.com/files/grandlyon/imagerie/mnt2018/lidar/laz/1852_5176.laz,1013,"MULTIPOLYGON (((851880.1789867427 6520509.383378807, 851879.9660456516 6521508.586116893, 852879.1681006183 6521508.799775256, 852879.3824420631 6520509.597002986, 851880.1789867427 6520509.383378807)))"
ima_gestion_images.imamnt2018laz1kmcc46.1014,1852_5177,https://download.data.grandlyon.com/files/grandlyon/imagerie/mnt2018/lidar/laz/1852_5177.laz,1014,"MULTIPOLYGON (((851879.9660435219 6521508.596109014, 851879.7530683522 6522507.797446616, 852878.9537227274 6522508.011139175, 852879.1680984746 6521508.809767378, 851879.9660435219 6521508.596109014)))"
ima_gestion_images.imamnt2018laz1kmcc46.1015,1852_5178,https://download.data.grandlyon.com/files/grandlyon/imagerie/mnt2018/lidar/laz/1852_5178.laz,1015,"MULTIPOLYGON (((851879.7530662223 6522507.807438721, 851879.540056963 6523507.007375614, 852878.7393105226 6523507.221102378, 852878.9537205835 6522508.02113128, 851879.7530662223 6522507.807438721)))"
ima_gestion_images.imamnt2018laz1kmcc46.1016,1852_5179,https://download.data.grandlyon.com/files/grandlyon/imagerie/mnt2018/lidar/laz/1852_5179.laz,1016,"MULTIPOLYGON (((851879.5400548328 6523507.017367706, 851879.327011473 6524506.215903665, 852878.5248639928 6524506.429664647, 852878.7393083783 6523507.231094471, 851879.5400548328 6523507.017367706)))"
ima_gestion_images.imamnt2018laz1kmcc46.1017,1852_5180,https://download.data.grandlyon.com/files/grandlyon/imagerie/mnt2018/lidar/laz/1852_5180.laz,1017,"MULTIPOLYGON (((851879.386961812 6524506.225908526, 851879.1738842567 6525505.423043331, 852878.3103831271 6525505.636825756, 852878.5248618482 6524506.439656726, 851879.386961812 6524506.225908526)))"
ima_gestion_images.imamnt2018laz1kmcc46.1018,1852_5181,https://download.data.grandlyon.com/files/grandlyon/imagerie/mnt2018/lidar/laz/1852_5181.laz,1018,"MULTIPOLYGON (((851879.1139297402 6525505.433022608, 851878.9008181465 6526504.6287560295, 852878.0958679144 6526504.842585481, 852878.3103809822 6525505.646817821, 851879.1139297402 6525505.433022608)))"
ima_gestion_images.imamnt2018laz1kmcc46.1019,1852_5182,https://download.data.grandlyon.com/files/grandlyon/imagerie/mnt2018/lidar/laz/1852_5182.laz,1019,"MULTIPOLYGON (((851878.9008160153 6526504.638748078, 851878.6876702881 6527503.833079893, 852877.8813183438 6527504.046943595, 852878.0958657692 6526504.852577529, 851878.9008160153 6526504.638748078)))"
ima_gestion_images.imamnt2018laz1kmcc46.1020,1852_5183,https://download.data.grandlyon.com/files/grandlyon/imagerie/mnt2018/lidar/laz/1852_5183.laz,1020,"MULTIPOLYGON (((851878.6876681565 6527503.84307193, 851878.474488285 6528503.036001913, 852877.6667344039 6528503.24989988, 852877.881316198 6527504.056935633, 851878.6876681565 6527503.84307193)))"
ima_gestion_images.imamnt2018laz1kmcc46.1021,1852_5184,https://download.data.grandlyon.com/files/grandlyon/imagerie/mnt2018/lidar/laz/1852_5184.laz,1021,"MULTIPOLYGON (((851878.474486153 6528503.045993935, 851878.2612721262 6529502.237521865, 852877.4521160839 6529502.451454103, 852877.6667322578 6528503.259891901, 851878.474486153 6528503.045993935)))"
ima_gestion_images.imamnt2018laz1kmcc46.1022,1852_5185,https://download.data.grandlyon.com/files/grandlyon/imagerie/mnt2018/lidar/laz/1852_5185.laz,1022,"MULTIPOLYGON (((851878.2612699938 6529502.2475138735, 851878.0480218006 6530501.437639525, 852877.2374633726 6530501.6516060475, 852877.4521139375 6529502.461446111, 851878.2612699938 6529502.2475138735)))"
ima_gestion_images.imamnt2018laz1kmcc46.1023,1852_5186,https://download.data.grandlyon.com/files/grandlyon/imagerie/mnt2018/lidar/laz/1852_5186.laz,1023,"MULTIPOLYGON (((851878.0480196679 6530501.447631518, 851877.8347372974 6531500.636354666, 852877.0227762591 6531500.850355485, 852877.237461226 6530501.661598041, 851878.0480196679 6530501.447631518)))"
ima_gestion_images.imamnt2018laz1kmcc46.1024,1852_5187,https://download.data.grandlyon.com/files/grandlyon/imagerie/mnt2018/lidar/laz/1852_5187.laz,1024,"MULTIPOLYGON (((851877.8347351643 6531500.646346645, 851877.6214186053 6532499.833667066, 852876.8080547323 6532500.047702189, 852877.0227741121 6531500.860347464, 851877.8347351643 6531500.646346645)))"
ima_gestion_images.imamnt2018laz1kmcc46.1025,1852_5188,https://download.data.grandlyon.com/files/grandlyon/imagerie/mnt2018/lidar/laz/1852_5188.laz,1025,"MULTIPOLYGON (((851877.6214164719 6532499.84365903, 851877.4080657137 6533499.029576498, 852876.593298781 6533499.243645939, 852876.8080525849 6532500.057694155, 851877.6214164719 6532499.84365903)))"
ima_gestion_images.imamnt2018laz1kmcc46.1026,1852_5189,https://download.data.grandlyon.com/files/grandlyon/imagerie/mnt2018/lidar/laz/1852_5189.laz,1026,"MULTIPOLYGON (((851877.4080635799 6533499.039568448, 851877.2245143194 6534358.526783206, 852876.408540309 6534358.740882175, 852876.5932966333 6533499.25363789, 851877.4080635799 6533499.039568448)))"
ima_gestion_images.imamnt2018laz1kmcc46.1027,1853_5156,https://download.data.grandlyon.com/files/grandlyon/imagerie/mnt2018/lidar/laz/1853_5156.laz,1027,"MULTIPOLYGON (((852883.598105255 6500871.215082218, 852883.4584618642 6501524.2786938865, 853882.6885158163 6501524.49306664, 853882.8290715325 6500871.429432622, 852883.598105255 6500871.215082218)))"
ima_gestion_images.imamnt2018laz1kmcc46.1028,1853_5157,https://download.data.grandlyon.com/files/grandlyon/imagerie/mnt2018/lidar/laz/1853_5157.laz,1028,"MULTIPOLYGON (((852883.4584597272 6501524.288686288, 852883.2447679281 6502523.5180251105, 853882.4734257648 6502523.732432059, 853882.6885136655 6501524.50305904, 852883.4584597272 6501524.288686288)))"
ima_gestion_images.imamnt2018laz1kmcc46.1029,1853_5158,https://download.data.grandlyon.com/files/grandlyon/imagerie/mnt2018/lidar/laz/1853_5158.laz,1029,"MULTIPOLYGON (((852883.2447657912 6502523.528017495, 852883.0310398982 6503522.7559600845, 853882.2583013965 6503522.970401247, 853882.4734236137 6502523.742424446, 852883.2447657912 6502523.528017495)))"
ima_gestion_images.imamnt2018laz1kmcc46.1030,1853_5159,https://download.data.grandlyon.com/files/grandlyon/imagerie/mnt2018/lidar/laz/1853_5159.laz,1030,"MULTIPOLYGON (((852883.0310377607 6503522.765952458, 852882.8172777627 6504521.992498593, 853882.0431427 6504522.2069739755, 853882.258299245 6503522.980393619, 852883.0310377607 6503522.765952458)))"
ima_gestion_images.imamnt2018laz1kmcc46.1031,1853_5160,https://download.data.grandlyon.com/files/grandlyon/imagerie/mnt2018/lidar/laz/1853_5160.laz,1031,"MULTIPOLYGON (((852882.8172756248 6504522.002490952, 852882.6034815111 6505521.227640407, 853881.8279496648 6505521.442150023, 853882.0431405483 6504522.216966335, 852882.8172756248 6504522.002490952)))"
ima_gestion_images.imamnt2018laz1kmcc46.1032,1853_5161,https://download.data.grandlyon.com/files/grandlyon/imagerie/mnt2018/lidar/laz/1853_5161.laz,1032,"MULTIPOLYGON (((852882.6034793728 6505521.237632751, 852882.3896511322 6506520.461385309, 853881.6127222795 6506520.675929168, 853881.8279475127 6505521.452142368, 852882.6034793728 6505521.237632751)))"
ima_gestion_images.imamnt2018laz1kmcc46.1033,1853_5162,https://download.data.grandlyon.com/files/grandlyon/imagerie/mnt2018/lidar/laz/1853_5162.laz,1033,"MULTIPOLYGON (((852882.3896489937 6506520.471377638, 852882.1757866153 6507519.693733071, 853881.3974605334 6507519.908311185, 853881.6127201271 6506520.6859215, 852882.3896489937 6506520.471377638)))"
ima_gestion_images.imamnt2018laz1kmcc46.1034,1853_5163,https://download.data.grandlyon.com/files/grandlyon/imagerie/mnt2018/lidar/laz/1853_5163.laz,1034,"MULTIPOLYGON (((852882.1757844766 6507519.703725386, 852881.9618879494 6508518.924683475, 853881.1821644153 6508519.139295857, 853881.3974583806 6507519.918303504, 852882.1757844766 6507519.703725386)))"
ima_gestion_images.imamnt2018laz1kmcc46.1035,1853_5164,https://download.data.grandlyon.com/files/grandlyon/imagerie/mnt2018/lidar/laz/1853_5164.laz,1035,"MULTIPOLYGON (((852881.9618858104 6508518.934675779, 852881.7479551235 6509518.154236295, 853880.9668339143 6509518.368882953, 853881.1821622622 6508519.149288159, 852881.9618858104 6508518.934675779)))"
ima_gestion_images.imamnt2018laz1kmcc46.1036,1853_5165,https://download.data.grandlyon.com/files/grandlyon/imagerie/mnt2018/lidar/laz/1853_5165.laz,1036,"MULTIPOLYGON (((852881.747952984 6509518.164228585, 852881.5339881268 6510517.38239131, 853880.7514690191 6510517.597072253, 853880.9668317607 6509518.378875243, 852881.747952984 6509518.164228585)))"
ima_gestion_images.imamnt2018laz1kmcc46.1037,1853_5166,https://download.data.grandlyon.com/files/grandlyon/imagerie/mnt2018/lidar/laz/1853_5166.laz,1037,"MULTIPOLYGON (((852881.5339859868 6510517.392383584, 852881.3199869478 6511516.609148296, 853880.5360697189 6511516.82386354, 853880.7514668654 6510517.607064529, 852881.5339859868 6510517.392383584)))"
ima_gestion_images.imamnt2018laz1kmcc46.1038,1853_5167,https://download.data.grandlyon.com/files/grandlyon/imagerie/mnt2018/lidar/laz/1853_5167.laz,1038,"MULTIPOLYGON (((852881.3199848076 6511516.619140555, 852881.1059515761 6512515.834507028, 853880.3206360028 6512516.049256579, 853880.5360675649 6511516.833855799, 852881.3199848076 6511516.619140555)))"
ima_gestion_images.imamnt2018laz1kmcc46.1039,1853_5168,https://download.data.grandlyon.com/files/grandlyon/imagerie/mnt2018/lidar/laz/1853_5168.laz,1039,"MULTIPOLYGON (((852881.1059494356 6512515.844499273, 852880.8918820006 6513515.058467286, 853880.1051678595 6513515.273251156, 853880.3206338483 6512516.0592488265, 852881.1059494356 6512515.844499273)))"
ima_gestion_images.imamnt2018laz1kmcc46.1040,1853_5169,https://download.data.grandlyon.com/files/grandlyon/imagerie/mnt2018/lidar/laz/1853_5169.laz,1040,"MULTIPOLYGON (((852880.8918798598 6513515.068459516, 852880.6777782103 6514514.281028843, 853879.8896652778 6514514.495847047, 853880.1051657045 6513515.283243392, 852880.8918798598 6513515.068459516)))"
ima_gestion_images.imamnt2018laz1kmcc46.1041,1853_5170,https://download.data.grandlyon.com/files/grandlyon/imagerie/mnt2018/lidar/laz/1853_5170.laz,1041,"MULTIPOLYGON (((852880.677776069 6514514.291021061, 852880.463640194 6515513.502191477, 853879.6741282471 6515513.717044026, 853879.8896631226 6514514.505839266, 852880.677776069 6514514.291021061)))"
ima_gestion_images.imamnt2018laz1kmcc46.1042,1853_5171,https://download.data.grandlyon.com/files/grandlyon/imagerie/mnt2018/lidar/laz/1853_5171.laz,1042,"MULTIPOLYGON (((852880.4636380526 6515513.512183681, 852880.2494679411 6516512.721954966, 853879.4585567559 6516512.93684187, 853879.6741260915 6515513.727036233, 852880.4636380526 6515513.512183681)))"
ima_gestion_images.imamnt2018laz1kmcc46.1043,1853_5172,https://download.data.grandlyon.com/files/grandlyon/imagerie/mnt2018/lidar/laz/1853_5172.laz,1043,"MULTIPOLYGON (((852880.2494657992 6516512.731947157, 852880.0352614403 6517511.940319086, 853879.2429507934 6517512.155240354, 853879.4585546 6516512.946834059, 852880.2494657992 6516512.731947157)))"
ima_gestion_images.imamnt2018laz1kmcc46.1044,1853_5173,https://download.data.grandlyon.com/files/grandlyon/imagerie/mnt2018/lidar/laz/1853_5173.laz,1044,"MULTIPOLYGON (((852880.035259298 6517511.950311264, 852879.8210206807 6518511.157283614, 853879.0273103485 6518511.372239257, 853879.2429486372 6517512.165232532, 852880.035259298 6517511.950311264)))"
ima_gestion_images.imamnt2018laz1kmcc46.1045,1853_5174,https://download.data.grandlyon.com/files/grandlyon/imagerie/mnt2018/lidar/laz/1853_5174.laz,1045,"MULTIPOLYGON (((852879.8210185382 6518511.167275776, 852879.6067456512 6519510.372848326, 853878.81163541 6519510.587838354, 853879.0273081919 6518511.382231419, 852879.8210185382 6518511.167275776)))"
ima_gestion_images.imamnt2018laz1kmcc46.1046,1853_5175,https://download.data.grandlyon.com/files/grandlyon/imagerie/mnt2018/lidar/laz/1853_5175.laz,1046,"MULTIPOLYGON (((852879.6067435084 6519510.382840473, 852879.392436341 6520509.587012995, 853878.595925967 6520509.80203742, 853878.811633253 6519510.597830504, 852879.6067435084 6519510.382840473)))"
ima_gestion_images.imamnt2018laz1kmcc46.1047,1853_5176,https://download.data.grandlyon.com/files/grandlyon/imagerie/mnt2018/lidar/laz/1853_5176.laz,1047,"MULTIPOLYGON (((852879.3924341977 6520509.597005128, 852879.1780927391 6521508.7997774, 853878.3801820083 6521509.014836236, 853878.5959238098 6520509.812029557, 852879.3924341977 6520509.597005128)))"
ima_gestion_images.imamnt2018laz1kmcc46.1048,1853_5177,https://download.data.grandlyon.com/files/grandlyon/imagerie/mnt2018/lidar/laz/1853_5177.laz,1048,"MULTIPOLYGON (((852879.1780905954 6521508.809769521, 852878.9637148341 6522508.011141317, 853878.1644035227 6522508.226234573, 853878.3801798506 6521509.0248283595, 852879.1780905954 6521508.809769521)))"
ima_gestion_images.imamnt2018laz1kmcc46.1049,1853_5178,https://download.data.grandlyon.com/files/grandlyon/imagerie/mnt2018/lidar/laz/1853_5178.laz,1049,"MULTIPOLYGON (((852878.96371269 6522508.021133425, 852878.7493026152 6523507.221104524, 853877.9485904992 6523507.43623221, 853878.1644013649 6522508.236226681, 852878.96371269 6522508.021133425)))"
ima_gestion_images.imamnt2018laz1kmcc46.1050,1853_5179,https://download.data.grandlyon.com/files/grandlyon/imagerie/mnt2018/lidar/laz/1853_5179.laz,1050,"MULTIPOLYGON (((852878.7493004708 6523507.231096615, 852878.5348560715 6524506.429666793, 853877.7327429269 6524506.644828923, 853877.948588341 6523507.446224306, 852878.7493004708 6523507.231096615)))"
ima_gestion_images.imamnt2018laz1kmcc46.1051,1853_5180,https://download.data.grandlyon.com/files/grandlyon/imagerie/mnt2018/lidar/laz/1853_5180.laz,1051,"MULTIPOLYGON (((852878.5348539267 6524506.439658871, 852878.3203751919 6525505.636827901, 853877.5168607944 6525505.852024485, 853877.7327407682 6524506.654821001, 852878.5348539267 6524506.439658871)))"
ima_gestion_images.imamnt2018laz1kmcc46.1052,1853_5181,https://download.data.grandlyon.com/files/grandlyon/imagerie/mnt2018/lidar/laz/1853_5181.laz,1052,"MULTIPOLYGON (((852878.3203730467 6525505.646819966, 852878.105859965 6526504.842587628, 853877.3009440907 6526505.057818674, 853877.5168586354 6525505.86201655, 852878.3203730467 6525505.646819966)))"
ima_gestion_images.imamnt2018laz1kmcc46.1053,1853_5182,https://download.data.grandlyon.com/files/grandlyon/imagerie/mnt2018/lidar/laz/1853_5182.laz,1053,"MULTIPOLYGON (((852878.1058578197 6526504.852579676, 852877.8913103803 6527504.0469457405, 853877.0849928048 6527504.262211263, 853877.3009419313 6526505.0678107245, 852878.1058578197 6526504.852579676)))"
ima_gestion_images.imamnt2018laz1kmcc46.1054,1853_5183,https://download.data.grandlyon.com/files/grandlyon/imagerie/mnt2018/lidar/laz/1853_5183.laz,1054,"MULTIPOLYGON (((852877.8913082347 6527504.056937779, 852877.6767264265 6528503.249902025, 853876.8690069251 6528503.465202035, 853877.084990645 6527504.272203301, 852877.8913082347 6527504.056937779)))"
ima_gestion_images.imamnt2018laz1kmcc46.1055,1853_5184,https://download.data.grandlyon.com/files/grandlyon/imagerie/mnt2018/lidar/laz/1853_5184.laz,1055,"MULTIPOLYGON (((852877.6767242805 6528503.259894047, 852877.4621080925 6529502.45145625, 853876.652986441 6529502.666790757, 853876.8690047651 6528503.4751940565, 852877.6767242805 6528503.259894047)))"
ima_gestion_images.imamnt2018laz1kmcc46.1056,1853_5185,https://download.data.grandlyon.com/files/grandlyon/imagerie/mnt2018/lidar/laz/1853_5185.laz,1056,"MULTIPOLYGON (((852877.462105946 6529502.46144826, 852877.2474553671 6530501.651608193, 853876.4369313412 6530501.866977211, 853876.6529842806 6529502.676782764, 852877.462105946 6529502.46144826)))"
ima_gestion_images.imamnt2018laz1kmcc46.1057,1853_5186,https://download.data.grandlyon.com/files/grandlyon/imagerie/mnt2018/lidar/laz/1853_5186.laz,1057,"MULTIPOLYGON (((852877.2474532205 6530501.661600187, 852877.0327682396 6531500.850357631, 853876.2208416145 6531501.065761166, 853876.4369291805 6530501.876969203, 852877.2474532205 6530501.661600187)))"
ima_gestion_images.imamnt2018laz1kmcc46.1058,1853_5187,https://download.data.grandlyon.com/files/grandlyon/imagerie/mnt2018/lidar/laz/1853_5187.laz,1058,"MULTIPOLYGON (((852877.0327660926 6531500.860349611, 852876.8180466987 6532500.047704336, 853876.0047172497 6532500.263142405, 853876.2208394534 6531501.075753146, 852877.0327660926 6531500.860349611)))"
ima_gestion_images.imamnt2018laz1kmcc46.1059,1853_5188,https://download.data.grandlyon.com/files/grandlyon/imagerie/mnt2018/lidar/laz/1853_5188.laz,1059,"MULTIPOLYGON (((852876.8180445514 6532500.057696302, 852876.6032907334 6533499.243648087, 853875.7885582359 6533499.459120696, 853876.0047150884 6532500.273134369, 852876.8180445514 6532500.057696302)))"
ima_gestion_images.imamnt2018laz1kmcc46.1060,1853_5189,https://download.data.grandlyon.com/files/grandlyon/imagerie/mnt2018/lidar/laz/1853_5189.laz,1060,"MULTIPOLYGON (((852876.6032885856 6533499.25364004, 852876.4140772319 6534379.464168309, 853875.5981085605 6534379.679671355, 853875.788556074 6533499.469112649, 852876.6032885856 6533499.25364004)))"
ima_gestion_images.imamnt2018laz1kmcc46.1061,1854_5156,https://download.data.grandlyon.com/files/grandlyon/imagerie/mnt2018/lidar/laz/1854_5156.laz,1061,"MULTIPOLYGON (((853882.8467304704 6500835.806493099, 853882.698508217 6501524.493068787, 854881.9285964747 6501524.70883754, 854882.0777808081 6500836.022238132, 853882.8467304704 6500835.806493099)))"
ima_gestion_images.imamnt2018laz1kmcc46.1062,1854_5157,https://download.data.grandlyon.com/files/grandlyon/imagerie/mnt2018/lidar/laz/1854_5157.laz,1062,"MULTIPOLYGON (((853882.6985060661 6501524.50306119, 853882.4834181515 6502523.732434211, 854881.7121103046 6502523.948237384, 854881.9285943101 6501524.71882994, 853882.6985060661 6501524.50306119)))"
ima_gestion_images.imamnt2018laz1kmcc46.1063,1854_5158,https://download.data.grandlyon.com/files/grandlyon/imagerie/mnt2018/lidar/laz/1854_5158.laz,1063,"MULTIPOLYGON (((853882.4834160004 6502523.7424265975, 853882.2682937691 6503522.970403399, 854881.4955895948 6503523.1862410065, 854881.7121081395 6502523.958229771, 853882.4834160004 6502523.7424265975)))"
ima_gestion_images.imamnt2018laz1kmcc46.1064,1854_5159,https://download.data.grandlyon.com/files/grandlyon/imagerie/mnt2018/lidar/laz/1854_5159.laz,1064,"MULTIPOLYGON (((853882.2682916177 6503522.980395771, 853882.0531350588 6504522.206976127, 854881.2790343347 6504522.422848178, 854881.4955874295 6503523.196233377, 853882.2682916177 6503522.980395771)))"
ima_gestion_images.imamnt2018laz1kmcc46.1065,1854_5160,https://download.data.grandlyon.com/files/grandlyon/imagerie/mnt2018/lidar/laz/1854_5160.laz,1065,"MULTIPOLYGON (((853882.053132907 6504522.216968486, 853881.8379420096 6505521.442152175, 854881.0624445128 6505521.658058682, 854881.2790321689 6504522.432840538, 853882.053132907 6504522.216968486)))"
ima_gestion_images.imamnt2018laz1kmcc46.1066,1854_5161,https://download.data.grandlyon.com/files/grandlyon/imagerie/mnt2018/lidar/laz/1854_5161.laz,1066,"MULTIPOLYGON (((853881.8379398575 6505521.452144519, 853881.6227146103 6506520.675931321, 854880.8458201184 6506520.891872293, 854881.0624423467 6505521.668051027, 853881.8379398575 6505521.452144519)))"
ima_gestion_images.imamnt2018laz1kmcc46.1067,1854_5162,https://download.data.grandlyon.com/files/grandlyon/imagerie/mnt2018/lidar/laz/1854_5162.laz,1067,"MULTIPOLYGON (((853881.622712458 6506520.685923652, 853881.4074528501 6507519.90831334, 854880.62916114 6507520.124288789, 854880.8458179518 6506520.901864624, 853881.622712458 6506520.685923652)))"
ima_gestion_images.imamnt2018laz1kmcc46.1068,1854_5163,https://download.data.grandlyon.com/files/grandlyon/imagerie/mnt2018/lidar/laz/1854_5163.laz,1068,"MULTIPOLYGON (((853881.4074506975 6507519.918305655, 853881.1921567182 6508519.139298009, 854880.4124675668 6508519.355307948, 854880.6291589732 6507520.134281105, 853881.4074506975 6507519.918305655)))"
ima_gestion_images.imamnt2018laz1kmcc46.1069,1854_5164,https://download.data.grandlyon.com/files/grandlyon/imagerie/mnt2018/lidar/laz/1854_5164.laz,1069,"MULTIPOLYGON (((853881.192154565 6508519.149290314, 853880.9768262032 6509518.368885105, 854880.1957393875 6509518.5849295445, 854880.4124653996 6508519.365300252, 853881.192154565 6508519.149290314)))"
ima_gestion_images.imamnt2018laz1kmcc46.1070,1854_5165,https://download.data.grandlyon.com/files/grandlyon/imagerie/mnt2018/lidar/laz/1854_5165.laz,1070,"MULTIPOLYGON (((853880.9768240496 6509518.378877396, 853880.7614612941 6510517.597074409, 854879.9789765913 6510517.81315336, 854880.1957372201 6509518.594921833, 853880.9768240496 6509518.378877396)))"
ima_gestion_images.imamnt2018laz1kmcc46.1071,1854_5166,https://download.data.grandlyon.com/files/grandlyon/imagerie/mnt2018/lidar/laz/1854_5166.laz,1071,"MULTIPOLYGON (((853880.7614591402 6510517.607066684, 853880.54606198 6511516.823865693, 854879.7621791668 6511517.0399791645, 854879.9789744234 6510517.823145633, 853880.7614591402 6510517.607066684)))"
ima_gestion_images.imamnt2018laz1kmcc46.1072,1854_5167,https://download.data.grandlyon.com/files/grandlyon/imagerie/mnt2018/lidar/laz/1854_5167.laz,1072,"MULTIPOLYGON (((853880.5460598257 6511516.833857952, 853880.3306282498 6512516.049258734, 854879.545347103 6512516.265406739, 854879.7621769987 6511517.049971426, 853880.5460598257 6511516.833857952)))"
ima_gestion_images.imamnt2018laz1kmcc46.1073,1854_5168,https://download.data.grandlyon.com/files/grandlyon/imagerie/mnt2018/lidar/laz/1854_5168.laz,1073,"MULTIPOLYGON (((853880.3306260953 6512516.059250981, 853880.1151600922 6513515.273253314, 854879.328480389 6513515.48943586, 854879.5453449347 6512516.2753989855, 853880.3306260953 6512516.059250981)))"
ima_gestion_images.imamnt2018laz1kmcc46.1074,1854_5169,https://download.data.grandlyon.com/files/grandlyon/imagerie/mnt2018/lidar/laz/1854_5169.laz,1074,"MULTIPOLYGON (((853880.1151579375 6513515.283245545, 853879.8996574967 6514514.495849203, 854879.1115790133 6514514.712066306, 854879.3284782202 6513515.499428095, 853880.1151579375 6513515.283245545)))"
ima_gestion_images.imamnt2018laz1kmcc46.1075,1854_5170,https://download.data.grandlyon.com/files/grandlyon/imagerie/mnt2018/lidar/laz/1854_5170.laz,1075,"MULTIPOLYGON (((853879.8996553416 6514514.505841421, 853879.684120452 6515513.717046181, 854878.8946429648 6515513.933297852, 854879.111576844 6514514.722058525, 853879.8996553416 6514514.505841421)))"
ima_gestion_images.imamnt2018laz1kmcc46.1076,1854_5171,https://download.data.grandlyon.com/files/grandlyon/imagerie/mnt2018/lidar/laz/1854_5171.laz,1076,"MULTIPOLYGON (((853879.6841182964 6515513.727038388, 853879.4685489469 6516512.936844024, 854878.6776722327 6516513.1531302715, 854878.8946407953 6515513.943290056, 853879.6841182964 6515513.727038388)))"
ima_gestion_images.imamnt2018laz1kmcc46.1077,1854_5172,https://download.data.grandlyon.com/files/grandlyon/imagerie/mnt2018/lidar/laz/1854_5172.laz,1077,"MULTIPOLYGON (((853879.4685467909 6516512.946836216, 853879.2529429705 6517512.155242508, 854878.4606668056 6517512.371563345, 854878.6776700628 6516513.163122462, 853879.4685467909 6516512.946836216)))"
ima_gestion_images.imamnt2018laz1kmcc46.1078,1854_5173,https://download.data.grandlyon.com/files/grandlyon/imagerie/mnt2018/lidar/laz/1854_5173.laz,1078,"MULTIPOLYGON (((853879.2529408142 6517512.165234687, 853879.0373025114 6518511.372241414, 854878.2436266725 6518511.588596847, 854878.4606646354 6517512.381555522, 853879.2529408142 6517512.165234687)))"
ima_gestion_images.imamnt2018laz1kmcc46.1079,1854_5174,https://download.data.grandlyon.com/files/grandlyon/imagerie/mnt2018/lidar/laz/1854_5174.laz,1079,"MULTIPOLYGON (((853879.0373003549 6518511.382233575, 853878.821627559 6519510.5878405105, 854878.026551822 6519510.804230559, 854878.2436245019 6518511.598589011, 853879.0373003549 6518511.382233575)))"
ima_gestion_images.imamnt2018laz1kmcc46.1080,1854_5175,https://download.data.grandlyon.com/files/grandlyon/imagerie/mnt2018/lidar/laz/1854_5175.laz,1080,"MULTIPOLYGON (((853878.8216254022 6519510.597832659, 853878.605918102 6520509.8020395795, 854877.8094422433 6520510.018464246, 854878.0265496512 6519510.814222706, 853878.8216254022 6519510.597832659)))"
ima_gestion_images.imamnt2018laz1kmcc46.1081,1854_5176,https://download.data.grandlyon.com/files/grandlyon/imagerie/mnt2018/lidar/laz/1854_5176.laz,1081,"MULTIPOLYGON (((853878.6059159447 6520509.812031714, 853878.3901741293 6521509.014838394, 854877.592297925 6521509.231297693, 854877.8094400719 6520510.0284563815, 853878.6059159447 6520509.812031714)))"
ima_gestion_images.imamnt2018laz1kmcc46.1082,1854_5177,https://download.data.grandlyon.com/files/grandlyon/imagerie/mnt2018/lidar/laz/1854_5177.laz,1082,"MULTIPOLYGON (((853878.3901719716 6521509.024830515, 853878.1743956297 6522508.226236732, 854877.3751188559 6522508.442730676, 854877.5922957533 6521509.241289814, 853878.3901719716 6521509.024830515)))"
ima_gestion_images.imamnt2018laz1kmcc46.1083,1854_5178,https://download.data.grandlyon.com/files/grandlyon/imagerie/mnt2018/lidar/laz/1854_5178.laz,1083,"MULTIPOLYGON (((853878.1743934718 6522508.236228838, 853877.9585825923 6523507.43623437, 854877.1579050251 6523507.652762966, 854877.375116684 6522508.45272278, 853878.1743934718 6522508.236228838)))"
ima_gestion_images.imamnt2018laz1kmcc46.1084,1854_5179,https://download.data.grandlyon.com/files/grandlyon/imagerie/mnt2018/lidar/laz/1854_5179.laz,1084,"MULTIPOLYGON (((853877.958580434 6523507.446226463, 853877.7427350059 6524506.644831081, 854876.940656421 6524506.861394345, 854877.1579028526 6523507.66275506, 853877.958580434 6523507.446226463)))"
ima_gestion_images.imamnt2018laz1kmcc46.1085,1854_5180,https://download.data.grandlyon.com/files/grandlyon/imagerie/mnt2018/lidar/laz/1854_5180.laz,1085,"MULTIPOLYGON (((853877.7427328472 6524506.654823161, 853877.5268528594 6525505.852026643, 854876.7233730329 6525506.068624584, 854876.9406542483 6524506.871386425, 853877.7427328472 6524506.654823161)))"
ima_gestion_images.imamnt2018laz1kmcc46.1086,1854_5181,https://download.data.grandlyon.com/files/grandlyon/imagerie/mnt2018/lidar/laz/1854_5181.laz,1086,"MULTIPOLYGON (((853877.5268507004 6525505.862018707, 853877.3109361416 6526505.057820831, 854876.5060548491 6526505.274453464, 854876.7233708599 6525506.078616652, 853877.5268507004 6525505.862018707)))"
ima_gestion_images.imamnt2018laz1kmcc46.1087,1854_5182,https://download.data.grandlyon.com/files/grandlyon/imagerie/mnt2018/lidar/laz/1854_5182.laz,1087,"MULTIPOLYGON (((853877.3109339823 6526505.067812884, 853877.0949848415 6527504.262213425, 854876.288701859 6527504.478880754, 854876.5060526759 6526505.284445514, 853877.3109339823 6526505.067812884)))"
ima_gestion_images.imamnt2018laz1kmcc46.1088,1854_5183,https://download.data.grandlyon.com/files/grandlyon/imagerie/mnt2018/lidar/laz/1854_5183.laz,1088,"MULTIPOLYGON (((853877.0949826819 6527504.272205461, 853876.878998948 6528503.465204195, 854876.0713140509 6528503.681906235, 854876.2886996854 6527504.488872793, 853877.0949826819 6527504.272205461)))"
ima_gestion_images.imamnt2018laz1kmcc46.1089,1854_5184,https://download.data.grandlyon.com/files/grandlyon/imagerie/mnt2018/lidar/laz/1854_5184.laz,1089,"MULTIPOLYGON (((853876.878996788 6528503.475196216, 853876.66297845 6529502.666792916, 854875.8538914139 6529502.883529681, 854876.0713118769 6528503.691898259, 853876.878996788 6528503.475196216)))"
ima_gestion_images.imamnt2018laz1kmcc46.1090,1854_5185,https://download.data.grandlyon.com/files/grandlyon/imagerie/mnt2018/lidar/laz/1854_5185.laz,1090,"MULTIPOLYGON (((853876.6629762895 6529502.676784926, 853876.446923336 6530501.866979371, 854875.6364339367 6530502.083750866, 854875.8538892395 6529502.893521689, 853876.6629762895 6529502.676784926)))"
ima_gestion_images.imamnt2018laz1kmcc46.1091,1854_5186,https://download.data.grandlyon.com/files/grandlyon/imagerie/mnt2018/lidar/laz/1854_5186.laz,1091,"MULTIPOLYGON (((853876.4469211753 6530501.876971364, 853876.2308335953 6531501.065763326, 854875.4189416078 6531501.282569566, 854875.6364317619 6530502.0937428605, 853876.4469211753 6530501.876971364)))"
ima_gestion_images.imamnt2018laz1kmcc46.1092,1854_5187,https://download.data.grandlyon.com/files/grandlyon/imagerie/mnt2018/lidar/laz/1854_5187.laz,1092,"MULTIPOLYGON (((853876.2308314343 6531501.0757553065, 853876.0147092165 6532500.263144562, 854875.2014144164 6532500.47998556, 854875.4189394327 6531501.292561549, 853876.2308314343 6531501.0757553065)))"
ima_gestion_images.imamnt2018laz1kmcc46.1093,1854_5188,https://download.data.grandlyon.com/files/grandlyon/imagerie/mnt2018/lidar/laz/1854_5188.laz,1093,"MULTIPOLYGON (((853876.0147070552 6532500.27313653, 853875.7985501885 6533499.459122859, 854874.9838523511 6533499.67599862, 854875.201412241 6532500.489977528, 853876.0147070552 6532500.27313653)))"
ima_gestion_images.imamnt2018laz1kmcc46.1094,1854_5189,https://download.data.grandlyon.com/files/grandlyon/imagerie/mnt2018/lidar/laz/1854_5189.laz,1094,"MULTIPOLYGON (((853875.7985480269 6533499.469114809, 853875.6154493534 6534345.71706727, 854874.7995630516 6534345.933972486, 854874.9838501753 6533499.685990575, 853875.7985480269 6533499.469114809)))"
ima_gestion_images.imamnt2018laz1kmcc46.1095,1855_5156,https://download.data.grandlyon.com/files/grandlyon/imagerie/mnt2018/lidar/laz/1855_5156.laz,1095,"MULTIPOLYGON (((854882.0845481826 6500850.910931935, 854881.9385888758 6501524.708839702, 855881.1687116616 6501524.926004443, 855881.3156122427 6500851.12807332, 854882.0845481826 6500850.910931935)))"
ima_gestion_images.imamnt2018laz1kmcc46.1096,1855_5157,https://download.data.grandlyon.com/files/grandlyon/imagerie/mnt2018/lidar/laz/1855_5157.laz,1096,"MULTIPOLYGON (((854881.938586711 6501524.718832106, 854881.7221026917 6502523.948239549, 855880.9508293838 6502524.165438933, 855881.1687094829 6501524.9359968435, 854881.938586711 6501524.718832106)))"
ima_gestion_images.imamnt2018laz1kmcc46.1097,1855_5158,https://download.data.grandlyon.com/files/grandlyon/imagerie/mnt2018/lidar/laz/1855_5158.laz,1097,"MULTIPOLYGON (((854881.7221005266 6502523.958231936, 854881.505581968 6503523.18624317, 855880.732912344 6503523.403477209, 855880.9508272049 6502524.1754313195, 854881.7221005266 6502523.958231936)))"
ima_gestion_images.imamnt2018laz1kmcc46.1098,1855_5159,https://download.data.grandlyon.com/files/grandlyon/imagerie/mnt2018/lidar/laz/1855_5159.laz,1098,"MULTIPOLYGON (((854881.5055798026 6503523.196235543, 854881.2890266938 6504522.422850344, 855880.514960531 6504522.640119051, 855880.7329101646 6503523.413469584, 854881.5055798026 6503523.196235543)))"
ima_gestion_images.imamnt2018laz1kmcc46.1099,1855_5160,https://download.data.grandlyon.com/files/grandlyon/imagerie/mnt2018/lidar/laz/1855_5160.laz,1099,"MULTIPOLYGON (((854881.2890245281 6504522.432842703, 854881.072436858 6505521.65806085, 855880.2969739337 6505521.875364233, 855880.5149583513 6504522.650111411, 854881.2890245281 6504522.432842703)))"
ima_gestion_images.imamnt2018laz1kmcc46.1100,1855_5161,https://download.data.grandlyon.com/files/grandlyon/imagerie/mnt2018/lidar/laz/1855_5161.laz,1100,"MULTIPOLYGON (((854881.0724346918 6505521.668053193, 854880.8558124495 6506520.891874459, 855880.0789525408 6506521.1092125345, 855880.2969717536 6505521.885356577, 854881.0724346918 6505521.668053193)))"
ima_gestion_images.imamnt2018laz1kmcc46.1101,1855_5162,https://download.data.grandlyon.com/files/grandlyon/imagerie/mnt2018/lidar/laz/1855_5162.laz,1101,"MULTIPOLYGON (((854880.8558102831 6506520.90186679, 854880.6391534571 6507520.124290956, 855879.8608963415 6507520.34166373, 855880.0789503604 6506521.119204865, 854880.8558102831 6506520.90186679)))"
ima_gestion_images.imamnt2018laz1kmcc46.1102,1855_5163,https://download.data.grandlyon.com/files/grandlyon/imagerie/mnt2018/lidar/laz/1855_5163.laz,1102,"MULTIPOLYGON (((854880.6391512904 6507520.1342832735, 854880.42245987 6508519.355310117, 855879.6428053242 6508519.572717602, 855879.8608941606 6507520.351656048, 854880.6391512904 6507520.1342832735)))"
ima_gestion_images.imamnt2018laz1kmcc46.1103,1855_5164,https://download.data.grandlyon.com/files/grandlyon/imagerie/mnt2018/lidar/laz/1855_5164.laz,1103,"MULTIPOLYGON (((854880.4224577028 6508519.365302417, 854880.2057316769 6509518.584931713, 855879.4246794779 6509518.802373922, 855879.642803143 6508519.582709905, 854880.4224577028 6508519.365302417)))"
ima_gestion_images.imamnt2018laz1kmcc46.1104,1855_5165,https://download.data.grandlyon.com/files/grandlyon/imagerie/mnt2018/lidar/laz/1855_5165.laz,1104,"MULTIPOLYGON (((854880.2057295094 6509518.594924003, 854879.9889688665 6510517.813155526, 855879.2065187916 6510518.030632468, 855879.4246772965 6509518.812366211, 854880.2057295094 6509518.594924003)))"
ima_gestion_images.imamnt2018laz1kmcc46.1105,1855_5166,https://download.data.grandlyon.com/files/grandlyon/imagerie/mnt2018/lidar/laz/1855_5166.laz,1105,"MULTIPOLYGON (((854879.9889666988 6510517.823147801, 854879.7721714281 6511517.039981331, 855878.9883232539 6511517.25749302, 855879.2065166098 6510518.040624744, 854879.9889666988 6510517.823147801)))"
ima_gestion_images.imamnt2018laz1kmcc46.1106,1855_5167,https://download.data.grandlyon.com/files/grandlyon/imagerie/mnt2018/lidar/laz/1855_5167.laz,1106,"MULTIPOLYGON (((854879.77216926 6511517.049973591, 854879.5553393504 6512516.265408909, 855878.7700928538 6512516.482955352, 855878.9883210718 6511517.267485281, 854879.77216926 6511517.049973591)))"
ima_gestion_images.imamnt2018laz1kmcc46.1107,1855_5168,https://download.data.grandlyon.com/files/grandlyon/imagerie/mnt2018/lidar/laz/1855_5168.laz,1107,"MULTIPOLYGON (((854879.5553371819 6512516.2754011545, 854879.3384726222 6513515.48943803, 855878.55182758 6513515.707019239, 855878.7700906713 6512516.4929476, 854879.5553371819 6512516.2754011545)))"
ima_gestion_images.imamnt2018laz1kmcc46.1108,1855_5169,https://download.data.grandlyon.com/files/grandlyon/imagerie/mnt2018/lidar/laz/1855_5169.laz,1108,"MULTIPOLYGON (((854879.3384704534 6513515.499430262, 854879.1215712326 6514514.712068474, 855878.3335274212 6514514.929684464, 855878.5518253972 6513515.717011474, 854879.3384704534 6513515.499430262)))"
ima_gestion_images.imamnt2018laz1kmcc46.1109,1855_5170,https://download.data.grandlyon.com/files/grandlyon/imagerie/mnt2018/lidar/laz/1855_5170.laz,1109,"MULTIPOLYGON (((854879.1215690634 6514514.722060695, 854878.9046351702 6515513.933300021, 855878.1151923665 6515514.1509508, 855878.3335252381 6514514.939676682, 854879.1215690634 6514514.722060695)))"
ima_gestion_images.imamnt2018laz1kmcc46.1110,1855_5171,https://download.data.grandlyon.com/files/grandlyon/imagerie/mnt2018/lidar/laz/1855_5171.laz,1110,"MULTIPOLYGON (((854878.9046330006 6515513.943292226, 854878.6876644241 6516513.153132441, 855877.8968224045 6516513.370818022, 855878.115190183 6515514.160943005, 854878.9046330006 6515513.943292226)))"
ima_gestion_images.imamnt2018laz1kmcc46.1111,1855_5172,https://download.data.grandlyon.com/files/grandlyon/imagerie/mnt2018/lidar/laz/1855_5172.laz,1111,"MULTIPOLYGON (((854878.6876622542 6516513.163124632, 854878.4706589829 6517512.371565516, 855877.6784175239 6517512.5892859055, 855877.8968202206 6516513.380810212, 854878.6876622542 6516513.163124632)))"
ima_gestion_images.imamnt2018laz1kmcc46.1112,1855_5173,https://download.data.grandlyon.com/files/grandlyon/imagerie/mnt2018/lidar/laz/1855_5173.laz,1112,"MULTIPOLYGON (((854878.4706568128 6517512.381557692, 854878.2536188358 6518511.588599019, 855877.4599777136 6518511.806354233, 855877.6784153397 6517512.599278085, 854878.4706568128 6517512.381557692)))"
ima_gestion_images.imamnt2018laz1kmcc46.1113,1855_5174,https://download.data.grandlyon.com/files/grandlyon/imagerie/mnt2018/lidar/laz/1855_5174.laz,1113,"MULTIPOLYGON (((854878.2536166653 6518511.5985911805, 854878.0365439714 6519510.804232728, 855877.2415029624 6519511.022022777, 855877.4599755291 6518511.816346397, 854878.2536166653 6518511.5985911805)))"
ima_gestion_images.imamnt2018laz1kmcc46.1114,1855_5175,https://download.data.grandlyon.com/files/grandlyon/imagerie/mnt2018/lidar/laz/1855_5175.laz,1114,"MULTIPOLYGON (((854878.0365418005 6519510.814224876, 854877.8194343785 6520510.018466418, 855877.0229932591 6520510.236291312, 855877.2415007775 6519511.032014926, 854878.0365418005 6519510.814224876)))"
ima_gestion_images.imamnt2018laz1kmcc46.1115,1855_5176,https://download.data.grandlyon.com/files/grandlyon/imagerie/mnt2018/lidar/laz/1855_5176.laz,1115,"MULTIPOLYGON (((854877.8194322074 6520510.0284585515, 854877.6022900464 6521509.231299864, 855876.8044485924 6521509.449159616, 855877.0229910738 6520510.246283448, 854877.8194322074 6520510.0284585515)))"
ima_gestion_images.imamnt2018laz1kmcc46.1116,1855_5177,https://download.data.grandlyon.com/files/grandlyon/imagerie/mnt2018/lidar/laz/1855_5177.laz,1116,"MULTIPOLYGON (((854877.6022878747 6521509.241291988, 854877.3851109633 6522508.442732847, 855876.5858689509 6522508.660627467, 855876.8044464067 6521509.459151737, 854877.6022878747 6521509.241291988)))"
ima_gestion_images.imamnt2018laz1kmcc46.1117,1855_5178,https://download.data.grandlyon.com/files/grandlyon/imagerie/mnt2018/lidar/laz/1855_5178.laz,1117,"MULTIPOLYGON (((854877.3851087913 6522508.452724954, 854877.1678971184 6523507.65276514, 855876.3672543238 6523507.870694638, 855876.585866765 6522508.670619574, 854877.3851087913 6522508.452724954)))"
ima_gestion_images.imamnt2018laz1kmcc46.1118,1855_5179,https://download.data.grandlyon.com/files/grandlyon/imagerie/mnt2018/lidar/laz/1855_5179.laz,1118,"MULTIPOLYGON (((854877.1678949461 6523507.662757234, 854876.9506485004 6524506.861396519, 855876.1486046994 6524507.079360908, 855876.3672521375 6523507.880686731, 854877.1678949461 6523507.662757234)))"
ima_gestion_images.imamnt2018laz1kmcc46.1119,1855_5180,https://download.data.grandlyon.com/files/grandlyon/imagerie/mnt2018/lidar/laz/1855_5180.laz,1119,"MULTIPOLYGON (((854876.9506463277 6524506.8713885965, 854876.7333650982 6525506.068626759, 855875.9299200667 6525506.286626048, 855876.1486025128 6524507.089352988, 854876.9506463277 6524506.8713885965)))"
ima_gestion_images.imamnt2018laz1kmcc46.1120,1855_5181,https://download.data.grandlyon.com/files/grandlyon/imagerie/mnt2018/lidar/laz/1855_5181.laz,1120,"MULTIPOLYGON (((854876.7333629251 6525506.078618822, 854876.5160469005 6526505.274455635, 855875.7112004145 6526505.49248984, 855875.9299178798 6525506.296618112, 854876.7333629251 6525506.078618822)))"
ima_gestion_images.imamnt2018laz1kmcc46.1121,1855_5182,https://download.data.grandlyon.com/files/grandlyon/imagerie/mnt2018/lidar/laz/1855_5182.laz,1121,"MULTIPOLYGON (((854876.5160447271 6526505.284447689, 854876.2986938963 6527504.478882928, 855875.4924457312 6527504.696952055, 855875.711198227 6526505.502481892, 854876.5160447271 6526505.284447689)))"
ima_gestion_images.imamnt2018laz1kmcc46.1122,1855_5183,https://download.data.grandlyon.com/files/grandlyon/imagerie/mnt2018/lidar/laz/1855_5183.laz,1122,"MULTIPOLYGON (((854876.2986917226 6527504.488874966, 854876.0813060743 6528503.681908408, 855875.2736560057 6528503.900012472, 855875.4924435435 6527504.706944091, 854876.2986917226 6527504.488874966)))"
ima_gestion_images.imamnt2018laz1kmcc46.1123,1855_5184,https://download.data.grandlyon.com/files/grandlyon/imagerie/mnt2018/lidar/laz/1855_5184.laz,1123,"MULTIPOLYGON (((854876.0813039001 6528503.691900434, 854875.863883423 6529502.883531856, 855875.0548312268 6529503.101670865, 855875.2736538177 6528503.910004494, 854876.0813039001 6528503.691900434)))"
ima_gestion_images.imamnt2018laz1kmcc46.1124,1855_5185,https://download.data.grandlyon.com/files/grandlyon/imagerie/mnt2018/lidar/laz/1855_5185.laz,1124,"MULTIPOLYGON (((854875.8638812487 6529502.893523864, 854875.6464259317 6530502.083753041, 855874.8359713834 6530502.30192701, 855875.0548290386 6529503.111662874, 854875.8638812487 6529502.893523864)))"
ima_gestion_images.imamnt2018laz1kmcc46.1125,1855_5186,https://download.data.grandlyon.com/files/grandlyon/imagerie/mnt2018/lidar/laz/1855_5186.laz,1125,"MULTIPOLYGON (((854875.646423757 6530502.093745037, 854875.428933589 6531501.282571743, 855874.6170764638 6531501.500780679, 855874.8359691947 6530502.311919004, 854875.646423757 6530502.093745037)))"
ima_gestion_images.imamnt2018laz1kmcc46.1126,1855_5187,https://download.data.grandlyon.com/files/grandlyon/imagerie/mnt2018/lidar/laz/1855_5187.laz,1126,"MULTIPOLYGON (((854875.4289314139 6531501.292563725, 854875.2114063835 6532500.479987737, 855874.398146457 6532500.698231653, 855874.6170742747 6531501.51077266, 854875.4289314139 6531501.292563725)))"
ima_gestion_images.imamnt2018laz1kmcc46.1127,1855_5188,https://download.data.grandlyon.com/files/grandlyon/imagerie/mnt2018/lidar/laz/1855_5188.laz,1127,"MULTIPOLYGON (((854875.2114042081 6532500.489979703, 854874.9938443042 6533499.676000798, 855874.1791813516 6533499.894279704, 855874.3981442675 6532500.70822362, 854875.2114042081 6532500.489979703)))"
ima_gestion_images.imamnt2018laz1kmcc46.1128,1855_5189,https://download.data.grandlyon.com/files/grandlyon/imagerie/mnt2018/lidar/laz/1855_5189.laz,1128,"MULTIPOLYGON (((854874.9938421284 6533499.68599275, 854874.8113176251 6534337.840502219, 855873.9954775847 6534338.058810488, 855874.1791791618 6533499.904271657, 854874.9938421284 6533499.68599275)))"
ima_gestion_images.imamnt2018laz1kmcc46.1129,1856_5156,https://download.data.grandlyon.com/files/grandlyon/imagerie/mnt2018/lidar/laz/1856_5156.laz,1129,"MULTIPOLYGON (((855881.3106955009 6500919.516131317, 855881.178704063 6501524.926006621, 856880.4088615993 6501525.144567339, 856880.5416987736 6500919.734670916, 855881.3106955009 6500919.516131317)))"
ima_gestion_images.imamnt2018laz1kmcc46.1130,1856_5157,https://download.data.grandlyon.com/files/grandlyon/imagerie/mnt2018/lidar/laz/1856_5157.laz,1130,"MULTIPOLYGON (((855881.1787018842 6501524.935999022, 855880.9608217712 6502524.1654411135, 856880.1895832251 6502524.384036696, 856880.4088594067 6501525.154559739, 855881.1787018842 6501524.935999022)))"
ima_gestion_images.imamnt2018laz1kmcc46.1131,1856_5158,https://download.data.grandlyon.com/files/grandlyon/imagerie/mnt2018/lidar/laz/1856_5158.laz,1131,"MULTIPOLYGON (((855880.9608195922 6502524.175433498, 855880.7429047175 6503523.403479388, 856879.9702698662 6503523.622109849, 856880.1895810321 6502524.394029081, 855880.9608195922 6502524.175433498)))"
ima_gestion_images.imamnt2018laz1kmcc46.1132,1856_5159,https://download.data.grandlyon.com/files/grandlyon/imagerie/mnt2018/lidar/laz/1856_5159.laz,1132,"MULTIPOLYGON (((855880.7429025379 6503523.413471765, 855880.5249528904 6504522.640121232, 856879.7509215116 6504522.858786583, 856879.9702676728 6503523.632102225, 855880.7429025379 6503523.413471765)))"
ima_gestion_images.imamnt2018laz1kmcc46.1133,1856_5160,https://download.data.grandlyon.com/files/grandlyon/imagerie/mnt2018/lidar/laz/1856_5160.laz,1133,"MULTIPOLYGON (((855880.5249507107 6504522.65011359, 855880.3069662792 6505521.875366414, 856879.5315381499 6505522.0940666655, 856879.7509193178 6504522.868778941, 855880.5249507107 6504522.65011359)))"
ima_gestion_images.imamnt2018laz1kmcc46.1134,1856_5161,https://download.data.grandlyon.com/files/grandlyon/imagerie/mnt2018/lidar/laz/1856_5161.laz,1134,"MULTIPOLYGON (((855880.306964099 6505521.885358758, 855880.0889448724 6506521.109214714, 856879.31211977 6506521.327949879, 856879.5315359558 6505522.104059011, 855880.306964099 6505521.885358758)))"
ima_gestion_images.imamnt2018laz1kmcc46.1135,1856_5162,https://download.data.grandlyon.com/files/grandlyon/imagerie/mnt2018/lidar/laz/1856_5162.laz,1135,"MULTIPOLYGON (((855880.0889426919 6506521.119207047, 855879.8708886589 6507520.341665913, 856879.0926663605 6507520.560435999, 856879.3121175757 6506521.337942211, 855880.0889426919 6506521.119207047)))"
ima_gestion_images.imamnt2018laz1kmcc46.1136,1856_5163,https://download.data.grandlyon.com/files/grandlyon/imagerie/mnt2018/lidar/laz/1856_5163.laz,1136,"MULTIPOLYGON (((855879.8708864781 6507520.351658231, 855879.6527976276 6508519.572719784, 856878.8731779106 6508519.791524803, 856879.0926641659 6507520.570428317, 855879.8708864781 6507520.351658231)))"
ima_gestion_images.imamnt2018laz1kmcc46.1137,1856_5164,https://download.data.grandlyon.com/files/grandlyon/imagerie/mnt2018/lidar/laz/1856_5164.laz,1137,"MULTIPOLYGON (((855879.6527954466 6508519.582712086, 855879.4346717675 6509518.802376102, 856878.6536544084 6509519.02121607, 856878.8731757153 6508519.801517109, 855879.6527954466 6508519.582712086)))"
ima_gestion_images.imamnt2018laz1kmcc46.1138,1856_5165,https://download.data.grandlyon.com/files/grandlyon/imagerie/mnt2018/lidar/laz/1856_5165.laz,1138,"MULTIPOLYGON (((855879.4346695861 6509518.812368392, 855879.2165110672 6510518.030634651, 856878.4340958432 6510518.249509574, 856878.6536522132 6509519.031208361, 855879.4346695861 6509518.812368392)))"
ima_gestion_images.imamnt2018laz1kmcc46.1139,1856_5166,https://download.data.grandlyon.com/files/grandlyon/imagerie/mnt2018/lidar/laz/1856_5166.laz,1139,"MULTIPOLYGON (((855879.2165088855 6510518.0406269245, 855878.9983155156 6511517.257495203, 856878.2145022036 6511517.476405095, 856878.4340936475 6510518.259501849, 855879.2165088855 6510518.0406269245)))"
ima_gestion_images.imamnt2018laz1kmcc46.1140,1856_5167,https://download.data.grandlyon.com/files/grandlyon/imagerie/mnt2018/lidar/laz/1856_5167.laz,1140,"MULTIPOLYGON (((855878.9983133335 6511517.267487463, 855878.7800851015 6512516.482957534, 856877.9948734783 6512516.701902405, 856878.2145000075 6511517.486397356, 855878.9983133335 6511517.267487463)))"
ima_gestion_images.imamnt2018laz1kmcc46.1141,1856_5168,https://download.data.grandlyon.com/files/grandlyon/imagerie/mnt2018/lidar/laz/1856_5168.laz,1141,"MULTIPOLYGON (((855878.780082919 6512516.492949781, 855878.5618198137 6513515.707021424, 856877.775209656 6513515.926001289, 856877.9948712818 6512516.711894653, 855878.780082919 6512516.492949781)))"
ima_gestion_images.imamnt2018laz1kmcc46.1142,1856_5169,https://download.data.grandlyon.com/files/grandlyon/imagerie/mnt2018/lidar/laz/1856_5169.laz,1142,"MULTIPOLYGON (((855878.5618176309 6513515.717013656, 855878.3435196411 6514514.929686647, 856877.5555107254 6514515.148701514, 856877.7752074591 6513515.935993522, 855878.5618176309 6513515.717013656)))"
ima_gestion_images.imamnt2018laz1kmcc46.1143,1856_5170,https://download.data.grandlyon.com/files/grandlyon/imagerie/mnt2018/lidar/laz/1856_5170.laz,1143,"MULTIPOLYGON (((855878.3435174578 6514514.939678867, 855878.1251845723 6515514.150952983, 856877.3357766755 6515514.370002859, 856877.5555085283 6514515.158693734, 855878.3435174578 6514514.939678867)))"
ima_gestion_images.imamnt2018laz1kmcc46.1144,1856_5171,https://download.data.grandlyon.com/files/grandlyon/imagerie/mnt2018/lidar/laz/1856_5171.laz,1144,"MULTIPOLYGON (((855878.1251823887 6515514.160945188, 855877.9068145962 6516513.370820206, 856877.1160074947 6516513.589905107, 856877.3357744779 6515514.379995066, 855878.1251823887 6515514.160945188)))"
ima_gestion_images.imamnt2018laz1kmcc46.1145,1856_5172,https://download.data.grandlyon.com/files/grandlyon/imagerie/mnt2018/lidar/laz/1856_5172.laz,1145,"MULTIPOLYGON (((855877.9068124122 6516513.380812395, 855877.6884097016 6517512.589288091, 856876.8962031719 6517512.808408028, 856877.1160052968 6516513.599897298, 855877.9068124122 6516513.380812395)))"
ima_gestion_images.imamnt2018laz1kmcc46.1146,1856_5173,https://download.data.grandlyon.com/files/grandlyon/imagerie/mnt2018/lidar/laz/1856_5173.laz,1146,"MULTIPOLYGON (((855877.6884075174 6517512.599280268, 855877.4699698774 6518511.806356417, 856876.6763636958 6518512.025511403, 856876.8962009737 6517512.818400207, 855877.6884075174 6517512.599280268)))"
ima_gestion_images.imamnt2018laz1kmcc46.1147,1856_5174,https://download.data.grandlyon.com/files/grandlyon/imagerie/mnt2018/lidar/laz/1856_5174.laz,1147,"MULTIPOLYGON (((855877.4699676927 6518511.816348583, 855877.2514951122 6519511.022024962, 856876.456489055 6519511.241215004, 856876.6763614971 6518512.035503566, 855877.4699676927 6518511.816348583)))"
ima_gestion_images.imamnt2018laz1kmcc46.1148,1856_5175,https://download.data.grandlyon.com/files/grandlyon/imagerie/mnt2018/lidar/laz/1856_5175.laz,1148,"MULTIPOLYGON (((855877.2514929272 6519511.03201711, 855877.0329853948 6520510.236293497, 856876.2365792383 6520510.455518609, 856876.4564868561 6519511.251207153, 855877.2514929272 6519511.03201711)))"
ima_gestion_images.imamnt2018laz1kmcc46.1149,1856_5176,https://download.data.grandlyon.com/files/grandlyon/imagerie/mnt2018/lidar/laz/1856_5176.laz,1149,"MULTIPOLYGON (((855877.0329832095 6520510.246285632, 855876.8144407141 6521509.4491618015, 856876.0166342345 6521509.668421995, 856876.2365770391 6520510.465510743, 855877.0329832095 6520510.246285632)))"
ima_gestion_images.imamnt2018laz1kmcc46.1150,1856_5177,https://download.data.grandlyon.com/files/grandlyon/imagerie/mnt2018/lidar/laz/1856_5177.laz,1150,"MULTIPOLYGON (((855876.8144385285 6521509.459153922, 855876.5958610587 6522508.660629652, 856875.7966540321 6522508.879924937, 856876.0166320348 6521509.678414115, 855876.8144385285 6521509.459153922)))"
ima_gestion_images.imamnt2018laz1kmcc46.1151,1856_5178,https://download.data.grandlyon.com/files/grandlyon/imagerie/mnt2018/lidar/laz/1856_5178.laz,1151,"MULTIPOLYGON (((855876.5958588728 6522508.670621759, 855876.3772464175 6523507.870696825, 856875.5766386196 6523508.090027212, 856875.7966518321 6522508.889917044, 855876.5958588728 6522508.670621759)))"
ima_gestion_images.imamnt2018laz1kmcc46.1152,1856_5179,https://download.data.grandlyon.com/files/grandlyon/imagerie/mnt2018/lidar/laz/1856_5179.laz,1152,"MULTIPOLYGON (((855876.3772442312 6523507.880688921, 855876.1585967791 6524507.079363095, 856875.3565879862 6524507.298728595, 856875.5766364194 6523508.100019305, 855876.3772442312 6523507.880688921)))"
ima_gestion_images.imamnt2018laz1kmcc46.1153,1856_5180,https://download.data.grandlyon.com/files/grandlyon/imagerie/mnt2018/lidar/laz/1856_5180.laz,1153,"MULTIPOLYGON (((855876.1585945925 6524507.089355174, 855875.9399121323 6525506.286628237, 856875.1365021203 6525506.506028863, 856875.3565857855 6524507.308720676, 855876.1585945925 6524507.089355174)))"
ima_gestion_images.imamnt2018laz1kmcc46.1154,1856_5181,https://download.data.grandlyon.com/files/grandlyon/imagerie/mnt2018/lidar/laz/1856_5181.laz,1154,"MULTIPOLYGON (((855875.9399099454 6525506.296620301, 855875.7211924661 6526505.492492027, 856874.9163810104 6526505.711927793, 856875.1364999192 6525506.516020929, 855875.9399099454 6525506.296620301)))"
ima_gestion_images.imamnt2018laz1kmcc46.1155,1856_5182,https://download.data.grandlyon.com/files/grandlyon/imagerie/mnt2018/lidar/laz/1856_5182.laz,1155,"MULTIPOLYGON (((855875.7211902787 6526505.5024840785, 855875.5024377687 6527504.696954244, 856874.6962246456 6527504.9164251555, 856874.916378809 6526505.721919845, 855875.7211902787 6526505.5024840785)))"
ima_gestion_images.imamnt2018laz1kmcc46.1156,1856_5183,https://download.data.grandlyon.com/files/grandlyon/imagerie/mnt2018/lidar/laz/1856_5183.laz,1156,"MULTIPOLYGON (((855875.5024355811 6527504.70694628, 855875.2836480294 6528503.90001466, 856874.476033014 6528504.119520732, 856874.6962224438 6527504.926417194, 855875.5024355811 6527504.70694628)))"
ima_gestion_images.imamnt2018laz1kmcc46.1157,1856_5184,https://download.data.grandlyon.com/files/grandlyon/imagerie/mnt2018/lidar/laz/1856_5184.laz,1157,"MULTIPOLYGON (((855875.2836458413 6528503.910006683, 855875.0648232365 6529503.101673054, 856874.2558061047 6529503.321214295, 856874.4760308119 6528504.129512756, 855875.2836458413 6528503.910006683)))"
ima_gestion_images.imamnt2018laz1kmcc46.1158,1856_5185,https://download.data.grandlyon.com/files/grandlyon/imagerie/mnt2018/lidar/laz/1856_5185.laz,1158,"MULTIPOLYGON (((855875.0648210482 6529503.111665063, 855874.8459633789 6530502.301929198, 856874.0355439063 6530502.521505621, 856874.2558039023 6529503.331206307, 855875.0648210482 6529503.111665063)))"
ima_gestion_images.imamnt2018laz1kmcc46.1159,1856_5186,https://download.data.grandlyon.com/files/grandlyon/imagerie/mnt2018/lidar/laz/1856_5186.laz,1159,"MULTIPOLYGON (((855874.8459611903 6530502.311921191, 855874.6270684453 6531501.500782869, 856873.8152464072 6531501.7203944875, 856874.0355417035 6530502.531497618, 855874.8459611903 6530502.311921191)))"
ima_gestion_images.imamnt2018laz1kmcc46.1160,1856_5187,https://download.data.grandlyon.com/files/grandlyon/imagerie/mnt2018/lidar/laz/1856_5187.laz,1160,"MULTIPOLYGON (((855874.6270662562 6531501.510774849, 855874.4081384245 6532500.698233842, 856873.594913596 6532500.917880668, 856873.815244204 6531501.730386467, 855874.6270662562 6531501.510774849)))"
ima_gestion_images.imamnt2018laz1kmcc46.1161,1856_5188,https://download.data.grandlyon.com/files/grandlyon/imagerie/mnt2018/lidar/laz/1856_5188.laz,1161,"MULTIPOLYGON (((855874.408136235 6532500.708225811, 855874.189173305 6533499.894281893, 856873.374545462 6533500.113963933, 856873.5949113927 6532500.927872634, 855874.408136235 6532500.708225811)))"
ima_gestion_images.imamnt2018laz1kmcc46.1162,1856_5189,https://download.data.grandlyon.com/files/grandlyon/imagerie/mnt2018/lidar/laz/1856_5189.laz,1162,"MULTIPOLYGON (((855874.1891711152 6533499.904273846, 855873.9969126957 6534377.097327807, 856873.1810529465 6534377.317040772, 856873.374543258 6533500.123955889, 855874.1891711152 6533499.904273846)))"
ima_gestion_images.imamnt2018laz1kmcc46.1163,1857_5156,https://download.data.grandlyon.com/files/grandlyon/imagerie/mnt2018/lidar/laz/1857_5156.laz,1163,"MULTIPOLYGON (((856880.5572357448 6500894.463867437, 856880.418854001 6501525.144569529, 857879.6490465105 6501525.364526211, 857879.7883092841 6500894.683801979, 856880.5572357448 6500894.463867437)))"
ima_gestion_images.imamnt2018laz1kmcc46.1164,1857_5157,https://download.data.grandlyon.com/files/grandlyon/imagerie/mnt2018/lidar/laz/1857_5157.laz,1164,"MULTIPOLYGON (((856880.4188518084 6501525.15456193, 856880.1995756128 6502524.384038889, 857879.4283720509 6502524.604030659, 857879.6490443039 6501525.3745186115, 856880.4188518084 6501525.15456193)))"
ima_gestion_images.imamnt2018laz1kmcc46.1165,1857_5158,https://download.data.grandlyon.com/files/grandlyon/imagerie/mnt2018/lidar/laz/1857_5158.laz,1165,"MULTIPOLYGON (((856880.1995734199 6502524.394031275, 856879.9802622399 6503523.622112045, 857879.2076623843 6503523.842138916, 857879.4283698441 6502524.614023046, 856880.1995734199 6502524.394031275)))"
ima_gestion_images.imamnt2018laz1kmcc46.1166,1857_5159,https://download.data.grandlyon.com/files/grandlyon/imagerie/mnt2018/lidar/laz/1857_5159.laz,1166,"MULTIPOLYGON (((856879.9802600467 6503523.632104417, 856879.7609138713 6504522.858788774, 857878.9869174992 6504523.078850759, 857879.207660177 6503523.85213129, 856879.9802600467 6503523.632104417)))"
ima_gestion_images.imamnt2018laz1kmcc46.1167,1857_5160,https://download.data.grandlyon.com/files/grandlyon/imagerie/mnt2018/lidar/laz/1857_5160.laz,1167,"MULTIPOLYGON (((856879.7609116777 6504522.868781135, 856879.5415304956 6505522.09406886, 857878.7661373843 6505522.314165968, 857878.9869152915 6504523.08884312, 856879.7609116777 6504522.868781135)))"
ima_gestion_images.imamnt2018laz1kmcc46.1168,1857_5161,https://download.data.grandlyon.com/files/grandlyon/imagerie/mnt2018/lidar/laz/1857_5161.laz,1168,"MULTIPOLYGON (((856879.5415283018 6505522.104061206, 856879.3221121018 6506521.327952075, 857878.5453220286 6506521.548084319, 857878.7661351764 6505522.324158312, 856879.5415283018 6505522.104061206)))"
ima_gestion_images.imamnt2018laz1kmcc46.1169,1857_5162,https://download.data.grandlyon.com/files/grandlyon/imagerie/mnt2018/lidar/laz/1857_5162.laz,1169,"MULTIPOLYGON (((856879.3221099074 6506521.337944406, 856879.1026586785 6507520.560438194, 857878.3244714206 6507520.780605583, 857878.5453198203 6506521.558076648, 856879.3221099074 6506521.337944406)))"
ima_gestion_images.imamnt2018laz1kmcc46.1170,1857_5163,https://download.data.grandlyon.com/files/grandlyon/imagerie/mnt2018/lidar/laz/1857_5163.laz,1170,"MULTIPOLYGON (((856879.1026564837 6507520.570430513, 856878.8831702144 6508519.791527, 857878.1035855488 6508520.011729546, 857878.3244692117 6507520.790597901, 856879.1026564837 6507520.570430513)))"
ima_gestion_images.imamnt2018laz1kmcc46.1171,1857_5164,https://download.data.grandlyon.com/files/grandlyon/imagerie/mnt2018/lidar/laz/1857_5164.laz,1171,"MULTIPOLYGON (((856878.8831680194 6508519.801519303, 856878.6636466985 6509519.021218266, 857877.8826644021 6509519.241455981, 857878.1035833397 6508520.021721851, 856878.8831680194 6508519.801519303)))"
ima_gestion_images.imamnt2018laz1kmcc46.1172,1857_5165,https://download.data.grandlyon.com/files/grandlyon/imagerie/mnt2018/lidar/laz/1857_5165.laz,1172,"MULTIPOLYGON (((856878.6636445031 6509519.031210555, 856878.4440881192 6510518.249511769, 857877.6617079694 6510518.469784666, 857877.8826621928 6509519.251448271, 856878.6636445031 6509519.031210555)))"
ima_gestion_images.imamnt2018laz1kmcc46.1173,1857_5166,https://download.data.grandlyon.com/files/grandlyon/imagerie/mnt2018/lidar/laz/1857_5166.laz,1173,"MULTIPOLYGON (((856878.4440859234 6510518.259504046, 856878.2244944656 6511517.4764072895, 857877.4407162389 6511517.696715377, 857877.6617057596 6510518.47977694, 856878.4440859234 6510518.259504046)))"
ima_gestion_images.imamnt2018laz1kmcc46.1174,1857_5167,https://download.data.grandlyon.com/files/grandlyon/imagerie/mnt2018/lidar/laz/1857_5167.laz,1174,"MULTIPOLYGON (((856878.2244922693 6511517.486399552, 856878.0048657262 6512516.701904602, 857877.2196891996 6512516.922247892, 857877.4407140289 6511517.706707638, 856878.2244922693 6511517.486399552)))"
ima_gestion_images.imamnt2018laz1kmcc46.1175,1857_5168,https://download.data.grandlyon.com/files/grandlyon/imagerie/mnt2018/lidar/laz/1857_5168.laz,1175,"MULTIPOLYGON (((856878.0048635298 6512516.711896849, 856877.7852018899 6513515.926003483, 857876.9986268401 6513516.146381986, 857877.2196869892 6512516.93224014, 856878.0048635298 6512516.711896849)))"
ima_gestion_images.imamnt2018laz1kmcc46.1176,1857_5169,https://download.data.grandlyon.com/files/grandlyon/imagerie/mnt2018/lidar/laz/1857_5169.laz,1176,"MULTIPOLYGON (((856877.7851996932 6513515.935995716, 856877.5655029455 6514515.148703708, 857876.7775291491 6514515.369117438, 857876.9986246293 6513516.156374219, 856877.7851996932 6513515.935995716)))"
ima_gestion_images.imamnt2018laz1kmcc46.1177,1857_5170,https://download.data.grandlyon.com/files/grandlyon/imagerie/mnt2018/lidar/laz/1857_5170.laz,1177,"MULTIPOLYGON (((856877.5655007483 6514515.15869593, 856877.3457688815 6515514.370005057, 857876.5563961152 6515514.5904540215, 857876.777526938 6514515.379109656, 856877.5655007483 6514515.15869593)))"
ima_gestion_images.imamnt2018laz1kmcc46.1178,1857_5171,https://download.data.grandlyon.com/files/grandlyon/imagerie/mnt2018/lidar/laz/1857_5171.laz,1178,"MULTIPOLYGON (((856877.3457666839 6515514.379997264, 856877.1259996868 6516513.589907305, 857876.3352277271 6516513.810391516, 857876.5563939037 6515514.60044623, 856877.3457666839 6515514.379997264)))"
ima_gestion_images.imamnt2018laz1kmcc46.1179,1857_5172,https://download.data.grandlyon.com/files/grandlyon/imagerie/mnt2018/lidar/laz/1857_5172.laz,1179,"MULTIPOLYGON (((856877.1259974889 6516513.599899496, 856876.90619535 6517512.808410225, 857876.1140239732 6517513.028929699, 857876.3352255151 6516513.820383708, 856877.1259974889 6516513.599899496)))"
ima_gestion_images.imamnt2018laz1kmcc46.1180,1857_5173,https://download.data.grandlyon.com/files/grandlyon/imagerie/mnt2018/lidar/laz/1857_5173.laz,1180,"MULTIPOLYGON (((856876.9061931517 6517512.818402404, 856876.6863558599 6518512.025513601, 857875.8927848425 6518512.246068343, 857876.114021761 6517513.038921877, 856876.9061931517 6517512.818402404)))"
ima_gestion_images.imamnt2018laz1kmcc46.1181,1857_5174,https://download.data.grandlyon.com/files/grandlyon/imagerie/mnt2018/lidar/laz/1857_5174.laz,1181,"MULTIPOLYGON (((856876.6863536612 6518512.035505764, 856876.4664812051 6519511.241217202, 857875.6715103235 6519511.461807225, 857875.8927826299 6518512.256060506, 856876.6863536612 6518512.035505764)))"
ima_gestion_images.imamnt2018laz1kmcc46.1182,1857_5175,https://download.data.grandlyon.com/files/grandlyon/imagerie/mnt2018/lidar/laz/1857_5175.laz,1182,"MULTIPOLYGON (((856876.4664790062 6519511.251209352, 856876.2465713744 6520510.455520808, 857875.4502004047 6520510.6761461245, 857875.6715081106 6519511.471799377, 856876.4664790062 6519511.251209352)))"
ima_gestion_images.imamnt2018laz1kmcc46.1183,1857_5176,https://download.data.grandlyon.com/files/grandlyon/imagerie/mnt2018/lidar/laz/1857_5176.laz,1183,"MULTIPOLYGON (((856876.246569175 6520510.465512943, 856876.0266263564 6521509.668424195, 857875.228855075 6521509.889084817, 857875.4501981916 6520510.68613826, 856876.246569175 6520510.465512943)))"
ima_gestion_images.imamnt2018laz1kmcc46.1184,1857_5177,https://download.data.grandlyon.com/files/grandlyon/imagerie/mnt2018/lidar/laz/1857_5177.laz,1184,"MULTIPOLYGON (((856876.0266241569 6521509.678416315, 856875.8066461401 6522508.879927136, 857875.0074743228 6522509.100623075, 857875.2288528613 6521509.89907694, 856876.0266241569 6521509.678416315)))"
ima_gestion_images.imamnt2018laz1kmcc46.1185,1857_5178,https://download.data.grandlyon.com/files/grandlyon/imagerie/mnt2018/lidar/laz/1857_5178.laz,1185,"MULTIPOLYGON (((856875.80664394 6522508.889919244, 856875.5866307137 6523508.090029411, 857874.7860581367 6523508.310760679, 857875.0074721088 6522509.110615183, 856875.80664394 6522508.889919244)))"
ima_gestion_images.imamnt2018laz1kmcc46.1186,1857_5179,https://download.data.grandlyon.com/files/grandlyon/imagerie/mnt2018/lidar/laz/1857_5179.laz,1186,"MULTIPOLYGON (((856875.5866285134 6523508.100021507, 856875.3665800662 6524507.298730796, 857874.5646065054 6524507.519497398, 857874.7860559224 6523508.320752772, 856875.5866285134 6523508.100021507)))"
ima_gestion_images.imamnt2018laz1kmcc46.1187,1857_5180,https://download.data.grandlyon.com/files/grandlyon/imagerie/mnt2018/lidar/laz/1857_5180.laz,1187,"MULTIPOLYGON (((856875.3665778656 6524507.308722875, 856875.1464941863 6525506.506031064, 857874.3431194176 6525506.7268330185, 857874.5646042908 6524507.52948948, 856875.3665778656 6524507.308722875)))"
ima_gestion_images.imamnt2018laz1kmcc46.1188,1857_5181,https://download.data.grandlyon.com/files/grandlyon/imagerie/mnt2018/lidar/laz/1857_5181.laz,1188,"MULTIPOLYGON (((856875.1464919853 6525506.51602313, 856874.9263730624 6526505.711929993, 857874.1215968616 6526505.932767308, 857874.3431172027 6525506.7368250815, 856875.1464919853 6525506.51602313)))"
ima_gestion_images.imamnt2018laz1kmcc46.1189,1857_5182,https://download.data.grandlyon.com/files/grandlyon/imagerie/mnt2018/lidar/laz/1857_5182.laz,1189,"MULTIPOLYGON (((856874.926370861 6526505.7219220465, 856874.7062166835 6527504.916427358, 857873.9000388264 6527505.137300044, 857874.1215946464 6526505.942759359, 856874.926370861 6526505.7219220465)))"
ima_gestion_images.imamnt2018laz1kmcc46.1190,1857_5183,https://download.data.grandlyon.com/files/grandlyon/imagerie/mnt2018/lidar/laz/1857_5183.laz,1190,"MULTIPOLYGON (((856874.7062144817 6527504.926419395, 856874.486025038 6528504.119522936, 857873.6784453001 6528504.340431005, 857873.9000366107 6527505.147292082, 856874.7062144817 6527504.926419395)))"
ima_gestion_images.imamnt2018laz1kmcc46.1191,1857_5184,https://download.data.grandlyon.com/files/grandlyon/imagerie/mnt2018/lidar/laz/1857_5184.laz,1191,"MULTIPOLYGON (((856874.4860228358 6528504.12951496, 856874.2657981147 6529503.321216499, 857873.4568162718 6529503.542159964, 857873.6784430841 6528504.350423029, 856874.4860228358 6528504.12951496)))"
ima_gestion_images.imamnt2018laz1kmcc46.1192,1857_5185,https://download.data.grandlyon.com/files/grandlyon/imagerie/mnt2018/lidar/laz/1857_5185.laz,1192,"MULTIPOLYGON (((856874.2657959122 6529503.3312085075, 856874.0455359021 6530502.521507827, 857873.2351517297 6530502.742486699, 857873.4568140553 6529503.552151974, 856874.2657959122 6529503.3312085075)))"
ima_gestion_images.imamnt2018laz1kmcc46.1193,1857_5186,https://download.data.grandlyon.com/files/grandlyon/imagerie/mnt2018/lidar/laz/1857_5186.laz,1193,"MULTIPOLYGON (((856874.0455336992 6530502.53149982, 856873.825238389 6531501.720396692, 857873.0134516624 6531501.941410982, 857873.2351495128 6530502.7524786955, 856874.0455336992 6530502.53149982)))"
ima_gestion_images.imamnt2018laz1kmcc46.1194,1857_5187,https://download.data.grandlyon.com/files/grandlyon/imagerie/mnt2018/lidar/laz/1857_5187.laz,1194,"MULTIPOLYGON (((856873.8252361859 6531501.730388671, 856873.604905564 6532500.917882869, 857872.7917160587 6532501.13893259, 857873.0134494453 6531501.951402964, 856873.8252361859 6531501.730388671)))"
ima_gestion_images.imamnt2018laz1kmcc46.1195,1857_5188,https://download.data.grandlyon.com/files/grandlyon/imagerie/mnt2018/lidar/laz/1857_5188.laz,1195,"MULTIPOLYGON (((856873.6049033605 6532500.927874837, 856873.3845374156 6533500.113966137, 857872.5699449067 6533500.3350513, 857872.791713841 6532501.148924558, 856873.6049033605 6532500.927874837)))"
ima_gestion_images.imamnt2018laz1kmcc46.1196,1857_5189,https://download.data.grandlyon.com/files/grandlyon/imagerie/mnt2018/lidar/laz/1857_5189.laz,1196,"MULTIPOLYGON (((856873.3845352118 6533500.123958092, 856873.1937714415 6534364.957011237, 857872.3779643956 6534365.178127085, 857872.5699426888 6533500.345043255, 856873.3845352118 6533500.123958092)))"
ima_gestion_images.imamnt2018laz1kmcc46.1197,1858_5156,https://download.data.grandlyon.com/files/grandlyon/imagerie/mnt2018/lidar/laz/1858_5156.laz,1197,"MULTIPOLYGON (((857879.8064011697 6500858.001663068, 857879.6590389125 6501525.364528418, 858878.8892666174 6501525.585881053, 858879.0375611373 6500858.222992126, 857879.8064011697 6500858.001663068)))"
ima_gestion_images.imamnt2018laz1kmcc46.1198,1858_5157,https://download.data.grandlyon.com/files/grandlyon/imagerie/mnt2018/lidar/laz/1858_5157.laz,1198,"MULTIPOLYGON (((857879.659036706 6501525.37452082, 857879.438364439 6502524.604032867, 858878.6671960839 6502524.825420814, 858878.889264397 6501525.595873455, 857879.659036706 6501525.37452082)))"
ima_gestion_images.imamnt2018laz1kmcc46.1199,1858_5158,https://download.data.grandlyon.com/files/grandlyon/imagerie/mnt2018/lidar/laz/1858_5158.laz,1199,"MULTIPOLYGON (((857879.4383622322 6502524.614025252, 857879.2176547584 6503523.842141122, 858878.4450901208 6503524.063564394, 858878.6671938631 6502524.835413203, 857879.4383622322 6502524.614025252)))"
ima_gestion_images.imamnt2018laz1kmcc46.1200,1858_5159,https://download.data.grandlyon.com/files/grandlyon/imagerie/mnt2018/lidar/laz/1858_5159.laz,1200,"MULTIPOLYGON (((857879.2176525511 6503523.852133498, 857878.9969098594 6504523.078852969, 858878.2229487166 6504523.300311573, 858878.4450878995 6503524.073556769, 857879.2176525511 6503523.852133498)))"
ima_gestion_images.imamnt2018laz1kmcc46.1201,1858_5160,https://download.data.grandlyon.com/files/grandlyon/imagerie/mnt2018/lidar/laz/1858_5160.laz,1201,"MULTIPOLYGON (((857878.9969076517 6504523.0888453275, 857878.7761297306 6505522.314168176, 858878.00077186 6505522.5356621295, 858878.2229464948 6504523.310303934, 857878.9969076517 6504523.0888453275)))"
ima_gestion_images.imamnt2018laz1kmcc46.1202,1858_5161,https://download.data.grandlyon.com/files/grandlyon/imagerie/mnt2018/lidar/laz/1858_5161.laz,1202,"MULTIPOLYGON (((857878.7761275226 6505522.32416052, 857878.5553143609 6506521.548086525, 858877.7785595395 6506521.769615836, 858878.0007696379 6505522.545654477, 857878.7761275226 6505522.32416052)))"
ima_gestion_images.imamnt2018laz1kmcc46.1203,1858_5162,https://download.data.grandlyon.com/files/grandlyon/imagerie/mnt2018/lidar/laz/1858_5162.laz,1203,"MULTIPOLYGON (((857878.5553121524 6506521.558078858, 857878.3344637386 6507520.780607794, 858877.556311744 6507521.002172472, 858877.7785573172 6506521.779608168, 857878.5553121524 6506521.558078858)))"
ima_gestion_images.imamnt2018laz1kmcc46.1204,1858_5163,https://download.data.grandlyon.com/files/grandlyon/imagerie/mnt2018/lidar/laz/1858_5163.laz,1204,"MULTIPOLYGON (((857878.3344615301 6507520.790600109, 857878.1135778531 6508520.011731756, 858877.334028462 6508520.233331815, 858877.5563095213 6507521.012164791, 857878.3344615301 6507520.790600109)))"
ima_gestion_images.imamnt2018laz1kmcc46.1205,1858_5164,https://download.data.grandlyon.com/files/grandlyon/imagerie/mnt2018/lidar/laz/1858_5164.laz,1205,"MULTIPOLYGON (((857878.1135756441 6508520.021724057, 857877.8926566925 6509519.241458191, 858877.111709682 6509519.463093642, 858877.334026239 6508520.2433241205, 857878.1135756441 6508520.021724057)))"
ima_gestion_images.imamnt2018laz1kmcc46.1206,1858_5165,https://download.data.grandlyon.com/files/grandlyon/imagerie/mnt2018/lidar/laz/1858_5165.laz,1206,"MULTIPOLYGON (((857877.8926544831 6509519.251450481, 857877.6717002457 6510518.469786877, 858876.8893553929 6510518.691457733, 858877.1117074587 6509519.473085932, 857877.8926544831 6509519.251450481)))"
ima_gestion_images.imamnt2018laz1kmcc46.1207,1858_5166,https://download.data.grandlyon.com/files/grandlyon/imagerie/mnt2018/lidar/laz/1858_5166.laz,1207,"MULTIPOLYGON (((857877.6716980359 6510518.47977915, 857877.4507085012 6511517.696717588, 858876.6669655831 6511517.918423858, 858876.8893531692 6510518.701450007, 857877.6716980359 6510518.47977915)))"
ima_gestion_images.imamnt2018laz1kmcc46.1208,1858_5167,https://download.data.grandlyon.com/files/grandlyon/imagerie/mnt2018/lidar/laz/1858_5167.laz,1208,"MULTIPOLYGON (((857877.4507062911 6511517.706709849, 857877.2296814481 6512516.922250101, 858876.4445402413 6512517.143991796, 858876.6669633591 6511517.928416119, 857877.4507062911 6511517.706709849)))"
ima_gestion_images.imamnt2018laz1kmcc46.1209,1858_5168,https://download.data.grandlyon.com/files/grandlyon/imagerie/mnt2018/lidar/laz/1858_5168.laz,1209,"MULTIPOLYGON (((857877.2296792375 6512516.932242351, 857877.0086190745 6513516.146384197, 858876.2220793559 6513516.36816133, 858876.4445380168 6512517.1539840475, 857877.2296792375 6512516.932242351)))"
ima_gestion_images.imamnt2018laz1kmcc46.1210,1858_5169,https://download.data.grandlyon.com/files/grandlyon/imagerie/mnt2018/lidar/laz/1858_5169.laz,1210,"MULTIPOLYGON (((857877.0086168636 6513516.156376431, 857876.7875213695 6514515.369119649, 858875.9995829156 6514515.59093223, 858876.222077131 6513516.378153564, 857877.0086168636 6513516.156376431)))"
ima_gestion_images.imamnt2018laz1kmcc46.1211,1858_5170,https://download.data.grandlyon.com/files/grandlyon/imagerie/mnt2018/lidar/laz/1858_5170.laz,1211,"MULTIPOLYGON (((857876.7875191583 6514515.379111869, 857876.5663883216 6515514.590456234, 858875.7770509091 6515514.812304275, 858875.9995806905 6514515.600924451, 857876.7875191583 6514515.379111869)))"
ima_gestion_images.imamnt2018laz1kmcc46.1212,1858_5171,https://download.data.grandlyon.com/files/grandlyon/imagerie/mnt2018/lidar/laz/1858_5171.laz,1212,"MULTIPOLYGON (((857876.56638611 6515514.600448439, 857876.3452199193 6516513.810393729, 858875.5544833249 6516514.032277241, 858875.7770486836 6515514.822296482, 857876.56638611 6515514.600448439)))"
ima_gestion_images.imamnt2018laz1kmcc46.1213,1858_5172,https://download.data.grandlyon.com/files/grandlyon/imagerie/mnt2018/lidar/laz/1858_5172.laz,1213,"MULTIPOLYGON (((857876.3452177076 6516513.820385922, 857876.1240161516 6517513.02893191, 858875.3318801515 6517513.250850906, 858875.554481099 6516514.042269434, 857876.3452177076 6516513.820385922)))"
ima_gestion_images.imamnt2018laz1kmcc46.1214,1858_5173,https://download.data.grandlyon.com/files/grandlyon/imagerie/mnt2018/lidar/laz/1858_5173.laz,1214,"MULTIPOLYGON (((857876.1240139394 6517513.03892409, 857875.9027770068 6518512.246070556, 858875.1092413777 6518512.468025045, 858875.3318779253 6517513.260843083, 857876.1240139394 6517513.03892409)))"
ima_gestion_images.imamnt2018laz1kmcc46.1215,1858_5174,https://download.data.grandlyon.com/files/grandlyon/imagerie/mnt2018/lidar/laz/1858_5174.laz,1215,"MULTIPOLYGON (((857875.9027747944 6518512.256062719, 857875.6815024739 6519511.461809439, 858874.8865669916 6519511.683799434, 858875.1092391511 6518512.478017208, 857875.9027747944 6518512.256062719)))"
ima_gestion_images.imamnt2018laz1kmcc46.1216,1858_5175,https://download.data.grandlyon.com/files/grandlyon/imagerie/mnt2018/lidar/laz/1858_5175.laz,1216,"MULTIPOLYGON (((857875.681500261 6519511.471801588, 857875.4601925411 6520510.676148338, 858874.6638569824 6520510.89817385, 858874.8865647647 6519511.693791585, 857875.681500261 6519511.471801588)))"
ima_gestion_images.imamnt2018laz1kmcc46.1217,1858_5176,https://download.data.grandlyon.com/files/grandlyon/imagerie/mnt2018/lidar/laz/1858_5176.laz,1217,"MULTIPOLYGON (((857875.460190328 6520510.686140473, 857875.2388471974 6521509.88908703, 858874.441111338 6521510.111148069, 858874.663854755 6520510.908165987, 857875.460190328 6520510.686140473)))"
ima_gestion_images.imamnt2018laz1kmcc46.1218,1858_5177,https://download.data.grandlyon.com/files/grandlyon/imagerie/mnt2018/lidar/laz/1858_5177.laz,1218,"MULTIPOLYGON (((857875.2388449837 6521509.899079152, 857875.0174664313 6522509.100625289, 858874.2183300473 6522509.322721868, 858874.4411091104 6521510.121140192, 857875.2388449837 6521509.899079152)))"
ima_gestion_images.imamnt2018laz1kmcc46.1219,1858_5178,https://download.data.grandlyon.com/files/grandlyon/imagerie/mnt2018/lidar/laz/1858_5178.laz,1219,"MULTIPOLYGON (((857875.0174642171 6522509.110617396, 857874.7960502312 6523508.31076289, 858873.995513099 6523508.532895022, 858874.2183278194 6522509.332713976, 857875.0174642171 6522509.110617396)))"
ima_gestion_images.imamnt2018laz1kmcc46.1220,1858_5179,https://download.data.grandlyon.com/files/grandlyon/imagerie/mnt2018/lidar/laz/1858_5179.laz,1220,"MULTIPOLYGON (((857874.7960480168 6523508.320754986, 857874.5745985858 6524507.519499614, 858873.7726604813 6524507.74166731, 858873.9955108706 6523508.542887117, 857874.7960480168 6523508.320754986)))"
ima_gestion_images.imamnt2018laz1kmcc46.1221,1858_5180,https://download.data.grandlyon.com/files/grandlyon/imagerie/mnt2018/lidar/laz/1858_5180.laz,1221,"MULTIPOLYGON (((857874.5745963712 6524507.529491695, 857874.353111484 6525506.726835232, 858873.549772183 6525506.9490385, 858873.7726582526 6524507.751659387, 857874.5745963712 6524507.529491695)))"
ima_gestion_images.imamnt2018laz1kmcc46.1222,1858_5181,https://download.data.grandlyon.com/files/grandlyon/imagerie/mnt2018/lidar/laz/1858_5181.laz,1222,"MULTIPOLYGON (((857874.3531092689 6525506.736827297, 857874.1315889141 6526505.932769522, 858873.3268481924 6526506.155008376, 858873.5497699539 6525506.959030567, 857874.3531092689 6525506.736827297)))"
ima_gestion_images.imamnt2018laz1kmcc46.1223,1858_5182,https://download.data.grandlyon.com/files/grandlyon/imagerie/mnt2018/lidar/laz/1858_5182.laz,1223,"MULTIPOLYGON (((857874.1315866986 6526505.942761575, 857873.9100308646 6527505.13730226, 858873.103888498 6527505.3595767105, 858873.3268459629 6526506.165000429, 857874.1315866986 6526505.942761575)))"
ima_gestion_images.imamnt2018laz1kmcc46.1224,1858_5183,https://download.data.grandlyon.com/files/grandlyon/imagerie/mnt2018/lidar/laz/1858_5183.laz,1224,"MULTIPOLYGON (((857873.9100286489 6527505.147294299, 857873.6884373245 6528504.34043322, 858872.8808930886 6528504.562743279, 858873.1038862682 6527505.3695687475, 857873.9100286489 6527505.147294299)))"
ima_gestion_images.imamnt2018laz1kmcc46.1225,1858_5184,https://download.data.grandlyon.com/files/grandlyon/imagerie/mnt2018/lidar/laz/1858_5184.laz,1225,"MULTIPOLYGON (((857873.6884351084 6528504.350425244, 857873.4668082821 6529503.54216218, 858872.6578619524 6529503.764507859, 858872.8808908585 6528504.572735302, 857873.6884351084 6528504.350425244)))"
ima_gestion_images.imamnt2018laz1kmcc46.1226,1858_5185,https://download.data.grandlyon.com/files/grandlyon/imagerie/mnt2018/lidar/laz/1858_5185.laz,1226,"MULTIPOLYGON (((857873.4668060656 6529503.552154189, 857873.2451437259 6530502.742488915, 858872.4347950781 6530502.964870225, 858872.6578597219 6529503.77449987, 857873.4668060656 6529503.552154189)))"
ima_gestion_images.imamnt2018laz1kmcc46.1227,1858_5186,https://download.data.grandlyon.com/files/grandlyon/imagerie/mnt2018/lidar/laz/1858_5186.laz,1227,"MULTIPOLYGON (((857873.245141509 6530502.752480912, 857873.0234436446 6531501.9414132, 858872.2116924542 6531502.163830152, 858872.4347928473 6530502.97486222, 857873.245141509 6530502.752480912)))"
ima_gestion_images.imamnt2018laz1kmcc46.1228,1858_5187,https://download.data.grandlyon.com/files/grandlyon/imagerie/mnt2018/lidar/laz/1858_5187.laz,1228,"MULTIPOLYGON (((857873.0234414274 6531501.951405181, 857872.8017080268 6532501.138934807, 858871.9885540691 6532501.361387415, 858872.211690223 6531502.173822132, 857873.0234414274 6531501.951405181)))"
ima_gestion_images.imamnt2018laz1kmcc46.1229,1858_5188,https://download.data.grandlyon.com/files/grandlyon/imagerie/mnt2018/lidar/laz/1858_5188.laz,1229,"MULTIPOLYGON (((857872.8017058093 6532501.148926776, 857872.579936861 6533500.3350535175, 858871.765379911 6533500.557541791, 858871.9885518374 6532501.371379383, 857872.8017058093 6532501.148926776)))"
ima_gestion_images.imamnt2018laz1kmcc46.1230,1858_5189,https://download.data.grandlyon.com/files/grandlyon/imagerie/mnt2018/lidar/laz/1858_5189.laz,1230,"MULTIPOLYGON (((857872.579934643 6533500.3450454725, 857872.3845159094 6534380.675631217, 858871.5687226673 6534380.89815092, 858871.7653776793 6533500.567533745, 857872.579934643 6533500.3450454725)))"
ima_gestion_images.imamnt2018laz1kmcc46.1231,1859_5156,https://download.data.grandlyon.com/files/grandlyon/imagerie/mnt2018/lidar/laz/1859_5156.laz,1231,"MULTIPOLYGON (((858879.0347823718 6500915.699344138, 858878.8992590199 6501525.585883273, 859878.1295221427 6501525.808631852, 859878.2658974638 6500915.922071033, 858879.0347823718 6500915.699344138)))"
ima_gestion_images.imamnt2018laz1kmcc46.1232,1859_5157,https://download.data.grandlyon.com/files/grandlyon/imagerie/mnt2018/lidar/laz/1859_5157.laz,1232,"MULTIPOLYGON (((858878.8992567994 6501525.595875676, 858878.6771884724 6502524.825423034, 859877.9060555466 6502525.048207149, 859878.1295199082 6501525.818624254, 858878.8992567994 6501525.595875676)))"
ima_gestion_images.imamnt2018laz1kmcc46.1233,1859_5158,https://download.data.grandlyon.com/files/grandlyon/imagerie/mnt2018/lidar/laz/1859_5158.laz,1233,"MULTIPOLYGON (((858878.6771862516 6502524.835415423, 858878.4550824952 6503524.063566615, 859877.6825532983 6503524.286386276, 859877.9060533118 6502525.058199537, 858878.6771862516 6502524.835415423)))"
ima_gestion_images.imamnt2018laz1kmcc46.1234,1859_5159,https://download.data.grandlyon.com/files/grandlyon/imagerie/mnt2018/lidar/laz/1859_5159.laz,1234,"MULTIPOLYGON (((858878.4550802739 6503524.07355899, 858878.232941077 6504523.300313798, 859877.4590153863 6504523.523169014, 859877.682551063 6503524.296378652, 858878.4550802739 6503524.07355899)))"
ima_gestion_images.imamnt2018laz1kmcc46.1235,1859_5160,https://download.data.grandlyon.com/files/grandlyon/imagerie/mnt2018/lidar/laz/1859_5160.laz,1235,"MULTIPOLYGON (((858878.2329388554 6504523.310306158, 858878.0107642064 6505522.535664351, 859877.2354417992 6505522.758555138, 859877.4590131507 6504523.533161375, 858878.2329388554 6504523.310306158)))"
ima_gestion_images.imamnt2018laz1kmcc46.1236,1859_5161,https://download.data.grandlyon.com/files/grandlyon/imagerie/mnt2018/lidar/laz/1859_5161.laz,1236,"MULTIPOLYGON (((858878.0107619845 6505522.545656697, 858877.7885518721 6506521.769618058, 859877.0118325257 6506521.992544425, 859877.2354395633 6505522.768547485, 858878.0107619845 6505522.545656697)))"
ima_gestion_images.imamnt2018laz1kmcc46.1237,1859_5162,https://download.data.grandlyon.com/files/grandlyon/imagerie/mnt2018/lidar/laz/1859_5162.laz,1237,"MULTIPOLYGON (((858877.7885496498 6506521.779610389, 858877.5663040626 6507521.002174695, 859876.7881875539 6507521.225136654, 859877.0118302894 6506522.002536758, 858877.7885496498 6506521.779610389)))"
ima_gestion_images.imamnt2018laz1kmcc46.1238,1859_5163,https://download.data.grandlyon.com/files/grandlyon/imagerie/mnt2018/lidar/laz/1859_5163.laz,1238,"MULTIPOLYGON (((858877.5663018399 6507521.012167012, 858877.3440207667 6508520.233334041, 859876.564506873 6508520.4563315995, 859876.7881853174 6507521.235128972, 858877.5663018399 6507521.012167012)))"
ima_gestion_images.imamnt2018laz1kmcc46.1239,1859_5164,https://download.data.grandlyon.com/files/grandlyon/imagerie/mnt2018/lidar/laz/1859_5164.laz,1239,"MULTIPOLYGON (((858877.3440185436 6508520.2433263445, 858877.1217019727 6509519.463095866, 859876.3407904713 6509519.686129042, 859876.5645046362 6508520.466323906, 858877.3440185436 6508520.2433263445)))"
ima_gestion_images.imamnt2018laz1kmcc46.1240,1859_5165,https://download.data.grandlyon.com/files/grandlyon/imagerie/mnt2018/lidar/laz/1859_5165.laz,1240,"MULTIPOLYGON (((858877.1216997494 6509519.473088156, 858876.8993476697 6510518.691459954, 859876.1170383373 6510518.914528756, 859876.340788234 6509519.696121333, 858877.1216997494 6509519.473088156)))"
ima_gestion_images.imamnt2018laz1kmcc46.1241,1859_5166,https://download.data.grandlyon.com/files/grandlyon/imagerie/mnt2018/lidar/laz/1859_5166.laz,1241,"MULTIPOLYGON (((858876.8993454458 6510518.701452232, 858876.6769578457 6511517.918426082, 859875.8932504593 6511518.141530522, 859876.1170360994 6510518.924521036, 858876.8993454458 6510518.701452232)))"
ima_gestion_images.imamnt2018laz1kmcc46.1242,1859_5167,https://download.data.grandlyon.com/files/grandlyon/imagerie/mnt2018/lidar/laz/1859_5167.laz,1242,"MULTIPOLYGON (((858876.6769556217 6511517.928418343, 858876.4545324899 6512517.143994023, 859875.6694268263 6512517.36713411, 859875.8932482214 6511518.151522784, 858876.6769556217 6511517.928418343)))"
ima_gestion_images.imamnt2018laz1kmcc46.1243,1859_5168,https://download.data.grandlyon.com/files/grandlyon/imagerie/mnt2018/lidar/laz/1859_5168.laz,1243,"MULTIPOLYGON (((858876.4545302655 6512517.153986269, 858876.2320715906 6513516.368163555, 859875.4455674264 6513516.591339305, 859875.6694245879 6512517.37712636, 858876.4545302655 6512517.153986269)))"
ima_gestion_images.imamnt2018laz1kmcc46.1244,1859_5169,https://download.data.grandlyon.com/files/grandlyon/imagerie/mnt2018/lidar/laz/1859_5169.laz,1244,"MULTIPOLYGON (((858876.2320693658 6513516.37815579, 858876.0095751362 6514515.590934455, 859875.2216722484 6514515.814145877, 859875.4455651876 6513516.601331539, 858876.2320693658 6513516.37815579)))"
ima_gestion_images.imamnt2018laz1kmcc46.1245,1859_5170,https://download.data.grandlyon.com/files/grandlyon/imagerie/mnt2018/lidar/laz/1859_5170.laz,1245,"MULTIPOLYGON (((858876.0095729111 6514515.600926677, 858875.7870431158 6515514.812306502, 859874.9977412807 6515515.035553606, 859875.2216700093 6514515.824138098, 858876.0095729111 6514515.600926677)))"
ima_gestion_images.imamnt2018laz1kmcc46.1246,1859_5171,https://download.data.grandlyon.com/files/grandlyon/imagerie/mnt2018/lidar/laz/1859_5171.laz,1246,"MULTIPOLYGON (((858875.7870408903 6515514.822298709, 858875.5644755176 6516514.032279466, 859874.7737745119 6516514.255562267, 859874.9977390412 6515515.045545813, 858875.7870408903 6515514.822298709)))"
ima_gestion_images.imamnt2018laz1kmcc46.1247,1859_5172,https://download.data.grandlyon.com/files/grandlyon/imagerie/mnt2018/lidar/laz/1859_5172.laz,1247,"MULTIPOLYGON (((858875.5644732917 6516514.04227166, 858875.3418723303 6517513.250853132, 859874.5497719303 6517513.4741716385, 859874.7737722719 6516514.265554463, 858875.5644732917 6516514.04227166)))"
ima_gestion_images.imamnt2018laz1kmcc46.1248,1859_5173,https://download.data.grandlyon.com/files/grandlyon/imagerie/mnt2018/lidar/laz/1859_5173.laz,1248,"MULTIPOLYGON (((858875.3418701041 6517513.260845311, 858875.1192335424 6518512.46802727, 859874.3257335247 6518512.6913814945, 859874.5497696901 6517513.484163818, 858875.3418701041 6517513.260845311)))"
ima_gestion_images.imamnt2018laz1kmcc46.1249,1859_5174,https://download.data.grandlyon.com/files/grandlyon/imagerie/mnt2018/lidar/laz/1859_5174.laz,1249,"MULTIPOLYGON (((858875.1192313158 6518512.478019436, 858874.8965591423 6519511.683801662, 859874.1016592833 6519511.907191615, 859874.325731284 6518512.70137366, 858875.1192313158 6518512.478019436)))"
ima_gestion_images.imamnt2018laz1kmcc46.1250,1859_5175,https://download.data.grandlyon.com/files/grandlyon/imagerie/mnt2018/lidar/laz/1859_5175.laz,1250,"MULTIPOLYGON (((858874.8965569155 6519511.693793811, 858874.6738491191 6520510.898176076, 859873.8775491947 6520511.121601772, 859874.1016570423 6519511.917183765, 858874.8965569155 6519511.693793811)))"
ima_gestion_images.imamnt2018laz1kmcc46.1251,1859_5176,https://download.data.grandlyon.com/files/grandlyon/imagerie/mnt2018/lidar/laz/1859_5176.laz,1251,"MULTIPOLYGON (((858874.6738468918 6520510.908168213, 858874.4511034607 6521510.111150297, 859873.6534032475 6521510.334611743, 859873.8775469534 6520511.131593909, 858874.6738468918 6520510.908168213)))"
ima_gestion_images.imamnt2018laz1kmcc46.1252,1859_5177,https://download.data.grandlyon.com/files/grandlyon/imagerie/mnt2018/lidar/laz/1859_5177.laz,1252,"MULTIPOLYGON (((858874.4511012331 6521510.121142419, 858874.2283221562 6522509.322724096, 859873.4292214299 6522509.546221307, 859873.6534010058 6521510.344603867, 858874.4511012331 6521510.121142419)))"
ima_gestion_images.imamnt2018laz1kmcc46.1253,1859_5178,https://download.data.grandlyon.com/files/grandlyon/imagerie/mnt2018/lidar/laz/1859_5178.laz,1253,"MULTIPOLYGON (((858874.2283199282 6522509.332716205, 858874.0055051937 6523508.53289725, 859873.2050037305 6523508.756430237, 859873.4292191879 6522509.556213412, 858874.2283199282 6522509.332716205)))"
ima_gestion_images.imamnt2018laz1kmcc46.1254,1859_5179,https://download.data.grandlyon.com/files/grandlyon/imagerie/mnt2018/lidar/laz/1859_5179.laz,1254,"MULTIPOLYGON (((858874.0055029654 6523508.542889346, 858873.7826525621 6524507.741669536, 859872.9807501379 6524507.9652383085, 859873.2050014882 6523508.766422329, 858874.0055029654 6523508.542889346)))"
ima_gestion_images.imamnt2018laz1kmcc46.1255,1859_5180,https://download.data.grandlyon.com/files/grandlyon/imagerie/mnt2018/lidar/laz/1859_5180.laz,1255,"MULTIPOLYGON (((858873.7826503334 6524507.751661617, 858873.5597642496 6525506.949040729, 859872.7564606406 6525507.172645298, 859872.9807478952 6524507.97523039, 858873.7826503334 6524507.751661617)))"
ima_gestion_images.imamnt2018laz1kmcc46.1256,1859_5181,https://download.data.grandlyon.com/files/grandlyon/imagerie/mnt2018/lidar/laz/1859_5181.laz,1256,"MULTIPOLYGON (((858873.5597620206 6525506.959032795, 858873.336840245 6526506.155010605, 859872.5321352268 6526506.378650985, 859872.7564583975 6525507.182637366, 858873.5597620206 6525506.959032795)))"
ima_gestion_images.imamnt2018laz1kmcc46.1257,1859_5182,https://download.data.grandlyon.com/files/grandlyon/imagerie/mnt2018/lidar/laz/1859_5182.laz,1257,"MULTIPOLYGON (((858873.3368380156 6526506.165002658, 858873.1138805368 6527505.359578938, 859872.307773885 6527505.583255141, 859872.5321329833 6526506.388643038, 858873.3368380156 6526506.165002658)))"
ima_gestion_images.imamnt2018laz1kmcc46.1258,1859_5183,https://download.data.grandlyon.com/files/grandlyon/imagerie/mnt2018/lidar/laz/1859_5183.laz,1258,"MULTIPOLYGON (((858873.1138783069 6527505.369570978, 858872.8908851133 6528504.562745511, 859872.0833766037 6528504.786457542, 859872.3077716412 6527505.59324718, 858873.1138783069 6527505.369570978)))"
ima_gestion_images.imamnt2018laz1kmcc46.1259,1859_5184,https://download.data.grandlyon.com/files/grandlyon/imagerie/mnt2018/lidar/laz/1859_5184.laz,1259,"MULTIPOLYGON (((858872.8908828831 6528504.5727375345, 858872.6678539632 6529503.764510088, 859871.8589433713 6529503.988257968, 859872.0833743594 6528504.796449569, 858872.8908828831 6528504.5727375345)))"
ima_gestion_images.imamnt2018laz1kmcc46.1260,1859_5185,https://download.data.grandlyon.com/files/grandlyon/imagerie/mnt2018/lidar/laz/1859_5185.laz,1260,"MULTIPOLYGON (((858872.6678517326 6529503.7745020995, 858872.4447870748 6530502.964872455, 859871.6344741764 6530503.188656188, 859871.8589411268 6529503.998249978, 858872.6678517326 6529503.7745020995)))"
ima_gestion_images.imamnt2018laz1kmcc46.1261,1859_5186,https://download.data.grandlyon.com/files/grandlyon/imagerie/mnt2018/lidar/laz/1859_5186.laz,1261,"MULTIPOLYGON (((858872.444784844 6530502.974864451, 858872.2216844368 6531502.163832383, 859871.4099690071 6531502.387651984, 859871.6344719315 6530503.198648185, 858872.444784844 6530502.974864451)))"
ima_gestion_images.imamnt2018laz1kmcc46.1262,1859_5187,https://download.data.grandlyon.com/files/grandlyon/imagerie/mnt2018/lidar/laz/1859_5187.laz,1262,"MULTIPOLYGON (((858872.2216822056 6531502.173824364, 858871.9985460376 6532501.361389645, 859871.1854278522 6532501.585245125, 859871.409966762 6531502.397643965, 858872.2216822056 6531502.173824364)))"
ima_gestion_images.imamnt2018laz1kmcc46.1263,1859_5188,https://download.data.grandlyon.com/files/grandlyon/imagerie/mnt2018/lidar/laz/1859_5188.laz,1263,"MULTIPOLYGON (((858871.998543806 6532501.371381614, 858871.7753718657 6533500.557544021, 859870.9608506998 6533500.781435392, 859871.1854256066 6532501.595237095, 858871.998543806 6532501.371381614)))"
ima_gestion_images.imamnt2018laz1kmcc46.1264,1859_5189,https://download.data.grandlyon.com/files/grandlyon/imagerie/mnt2018/lidar/laz/1859_5189.laz,1264,"MULTIPOLYGON (((858871.7753696338 6533500.567535976, 858871.5711227544 6534414.880747644, 859870.7553175801 6534415.1046718685, 859870.9608484538 6533500.791427348, 858871.7753696338 6533500.567535976)))"
ima_gestion_images.imamnt2018laz1kmcc46.1265,1860_5156,https://download.data.grandlyon.com/files/grandlyon/imagerie/mnt2018/lidar/laz/1860_5156.laz,1265,"MULTIPOLYGON (((859878.2822552968 6500887.4536930425, 859878.1395145454 6501525.808634086, 860877.3698133089 6501526.0327785965, 860877.5134457882 6500887.6778147165, 859878.2822552968 6500887.4536930425)))"
ima_gestion_images.imamnt2018laz1kmcc46.1266,1860_5157,https://download.data.grandlyon.com/files/grandlyon/imagerie/mnt2018/lidar/laz/1860_5157.laz,1266,"MULTIPOLYGON (((859878.139512311 6501525.8186264895, 859877.9160479354 6502525.048209383, 860877.1449506615 6502525.272389653, 860877.3698110604 6501526.0427709995, 859878.139512311 6501525.8186264895)))"
ima_gestion_images.imamnt2018laz1kmcc46.1267,1860_5158,https://download.data.grandlyon.com/files/grandlyon/imagerie/mnt2018/lidar/laz/1860_5158.laz,1267,"MULTIPOLYGON (((859877.9160457005 6502525.05820177, 859877.6925456731 6503524.286388513, 860876.9200521394 6503524.510604548, 860877.1449484127 6502525.282382039, 859877.9160457005 6502525.05820177)))"
ima_gestion_images.imamnt2018laz1kmcc46.1268,1860_5159,https://download.data.grandlyon.com/files/grandlyon/imagerie/mnt2018/lidar/laz/1860_5159.laz,1268,"MULTIPOLYGON (((859877.6925434378 6503524.296380889, 859877.469007747 6504523.52317125, 860876.695117731 6504523.747423067, 860876.9200498902 6503524.520596922, 859877.6925434378 6503524.296380889)))"
ima_gestion_images.imamnt2018laz1kmcc46.1269,1860_5160,https://download.data.grandlyon.com/files/grandlyon/imagerie/mnt2018/lidar/laz/1860_5160.laz,1269,"MULTIPOLYGON (((859877.4690055114 6504523.533163612, 859877.2454341461 6505522.758557373, 860876.470147425 6505522.982844982, 860876.6951154815 6504523.757415426, 859877.4690055114 6504523.533163612)))"
ima_gestion_images.imamnt2018laz1kmcc46.1270,1860_5161,https://download.data.grandlyon.com/files/grandlyon/imagerie/mnt2018/lidar/laz/1860_5161.laz,1270,"MULTIPOLYGON (((859877.24543191 6505522.768549719, 859877.0218248585 6506521.992546661, 860876.2451412096 6506522.216870074, 860876.470145175 6505522.992837329, 859877.24543191 6505522.768549719)))"
ima_gestion_images.imamnt2018laz1kmcc46.1271,1860_5162,https://download.data.grandlyon.com/files/grandlyon/imagerie/mnt2018/lidar/laz/1860_5162.laz,1271,"MULTIPOLYGON (((859877.0218226223 6506522.002538994, 859876.798179873 6507521.225138889, 860876.0200990734 6507521.449498117, 860876.2451389593 6506522.226862405, 859877.0218226223 6506522.002538994)))"
ima_gestion_images.imamnt2018laz1kmcc46.1272,1860_5163,https://download.data.grandlyon.com/files/grandlyon/imagerie/mnt2018/lidar/laz/1860_5163.laz,1272,"MULTIPOLYGON (((859876.7981776363 6507521.235131209, 859876.5744991781 6508520.456333838, 860875.7950210051 6508520.68072889, 860876.0200968229 6507521.459490435, 859876.7981776363 6507521.235131209)))"
ima_gestion_images.imamnt2018laz1kmcc46.1273,1860_5164,https://download.data.grandlyon.com/files/grandlyon/imagerie/mnt2018/lidar/laz/1860_5164.laz,1273,"MULTIPOLYGON (((859876.5744969411 6508520.466326142, 859876.3507827623 6509519.68613128, 860875.5699069928 6509519.910562172, 860875.7950187541 6508520.690721197, 859876.5744969411 6508520.466326142)))"
ima_gestion_images.imamnt2018laz1kmcc46.1274,1860_5165,https://download.data.grandlyon.com/files/grandlyon/imagerie/mnt2018/lidar/laz/1860_5165.laz,1274,"MULTIPOLYGON (((859876.3507805249 6509519.696123571, 859876.1270306143 6510518.914530995, 860875.3447570252 6510519.138997735, 860875.5699047415 6509519.920554462, 859876.3507805249 6509519.696123571)))"
ima_gestion_images.imamnt2018laz1kmcc46.1275,1860_5166,https://download.data.grandlyon.com/files/grandlyon/imagerie/mnt2018/lidar/laz/1860_5166.laz,1275,"MULTIPOLYGON (((859876.1270283766 6510518.924523273, 859875.9032427224 6511518.14153276, 860875.1195710909 6511518.366035361, 860875.3447547735 6510519.148990014, 859876.1270283766 6510518.924523273)))"
ima_gestion_images.imamnt2018laz1kmcc46.1276,1860_5167,https://download.data.grandlyon.com/files/grandlyon/imagerie/mnt2018/lidar/laz/1860_5167.laz,1276,"MULTIPOLYGON (((859875.9032404844 6511518.151525022, 859875.6794190753 6512517.36713635, 860874.8943491781 6512517.591674822, 860875.1195688387 6511518.376027624, 859875.9032404844 6511518.151525022)))"
ima_gestion_images.imamnt2018laz1kmcc46.1277,1860_5168,https://download.data.grandlyon.com/files/grandlyon/imagerie/mnt2018/lidar/laz/1860_5168.laz,1277,"MULTIPOLYGON (((859875.6794168369 6512517.377128598, 859875.4555596614 6513516.591341544, 860874.6690912752 6513516.815915901, 860874.8943469257 6512517.601667073, 859875.6794168369 6512517.377128598)))"
ima_gestion_images.imamnt2018laz1kmcc46.1278,1860_5169,https://download.data.grandlyon.com/files/grandlyon/imagerie/mnt2018/lidar/laz/1860_5169.laz,1278,"MULTIPOLYGON (((859875.4555574227 6513516.601333778, 859875.2316644695 6514515.814148116, 860874.4437973709 6514516.038758368, 860874.6690890224 6513516.825908135, 859875.4555574227 6513516.601333778)))"
ima_gestion_images.imamnt2018laz1kmcc46.1279,1860_5170,https://download.data.grandlyon.com/files/grandlyon/imagerie/mnt2018/lidar/laz/1860_5170.laz,1279,"MULTIPOLYGON (((859875.2316622303 6514515.824140337, 859875.0077334879 6515515.035555843, 860874.2184674535 6515515.260202004, 860874.4437951178 6514516.04875059, 859875.2316622303 6514515.824140337)))"
ima_gestion_images.imamnt2018laz1kmcc46.1280,1860_5171,https://download.data.grandlyon.com/files/grandlyon/imagerie/mnt2018/lidar/laz/1860_5171.laz,1280,"MULTIPOLYGON (((859875.0077312484 6515515.045548052, 859874.783766705 6516514.255564507, 860873.9931015116 6516514.480246585, 860874.2184652 6515515.270194211, 859875.0077312484 6515515.045548052)))"
ima_gestion_images.imamnt2018laz1kmcc46.1281,1860_5172,https://download.data.grandlyon.com/files/grandlyon/imagerie/mnt2018/lidar/laz/1860_5172.laz,1281,"MULTIPOLYGON (((859874.7837644651 6516514.265556699, 859874.5597641094 6517513.474173879, 860873.7676995334 6517513.698891886, 860873.9930992576 6516514.490238778, 859874.7837644651 6516514.265556699)))"
ima_gestion_images.imamnt2018laz1kmcc46.1282,1860_5173,https://download.data.grandlyon.com/files/grandlyon/imagerie/mnt2018/lidar/laz/1860_5173.laz,1282,"MULTIPOLYGON (((859874.5597618693 6517513.484166059, 859874.3357256898 6518512.691383735, 860873.5422615074 6518512.916137682, 860873.7676972791 6517513.708884066, 859874.5597618693 6517513.484166059)))"
ima_gestion_images.imamnt2018laz1kmcc46.1283,1860_5174,https://download.data.grandlyon.com/files/grandlyon/imagerie/mnt2018/lidar/laz/1860_5174.laz,1283,"MULTIPOLYGON (((859874.3357234492 6518512.701375901, 859874.1116514343 6519511.907193854, 860873.316787422 6519512.131983755, 860873.5422592529 6518512.926129849, 859874.3357234492 6518512.701375901)))"
ima_gestion_images.imamnt2018laz1kmcc46.1284,1860_5175,https://download.data.grandlyon.com/files/grandlyon/imagerie/mnt2018/lidar/laz/1860_5175.laz,1284,"MULTIPOLYGON (((859874.1116491935 6519511.917186005, 859873.8875413318 6520511.121604012, 860873.0912772658 6520511.346429879, 860873.3167851672 6519512.141975907, 859874.1116491935 6519511.917186005)))"
ima_gestion_images.imamnt2018laz1kmcc46.1285,1860_5176,https://download.data.grandlyon.com/files/grandlyon/imagerie/mnt2018/lidar/laz/1860_5176.laz,1285,"MULTIPOLYGON (((859873.8875390906 6520511.13159615, 859873.6633953705 6521510.334613986, 860872.865731027 6521510.559475824, 860873.0912750105 6520511.3564220155, 859873.8875390906 6520511.13159615)))"
ima_gestion_images.imamnt2018laz1kmcc46.1286,1860_5177,https://download.data.grandlyon.com/files/grandlyon/imagerie/mnt2018/lidar/laz/1860_5177.laz,1286,"MULTIPOLYGON (((859873.6633931289 6521510.344606108, 859873.4392135389 6522509.546223549, 860872.640148694 6522509.771121377, 860872.8657287713 6521510.569467949, 859873.6633931289 6521510.344606108)))"
ima_gestion_images.imamnt2018laz1kmcc46.1287,1860_5178,https://download.data.grandlyon.com/files/grandlyon/imagerie/mnt2018/lidar/laz/1860_5178.laz,1287,"MULTIPOLYGON (((859873.4392112971 6522509.556215655, 859873.2149958257 6523508.756432478, 860872.4145302554 6523508.981366307, 860872.640146438 6522509.781113488, 859873.4392112971 6522509.556215655)))"
ima_gestion_images.imamnt2018laz1kmcc46.1288,1860_5179,https://download.data.grandlyon.com/files/grandlyon/imagerie/mnt2018/lidar/laz/1860_5179.laz,1288,"MULTIPOLYGON (((859873.2149935833 6523508.766424574, 859872.990742219 6524507.965240552, 860872.1888756994 6524508.190210389, 860872.414527999 6523508.991358401, 859873.2149935833 6523508.766424574)))"
ima_gestion_images.imamnt2018laz1kmcc46.1289,1860_5180,https://download.data.grandlyon.com/files/grandlyon/imagerie/mnt2018/lidar/laz/1860_5180.laz,1289,"MULTIPOLYGON (((859872.9907399764 6524507.975232632, 859872.7664527076 6525507.172647542, 860871.9631850144 6525507.397653404, 860872.1888734428 6524508.200202471, 859872.9907399764 6524507.975232632)))"
ima_gestion_images.imamnt2018laz1kmcc46.1290,1860_5181,https://download.data.grandlyon.com/files/grandlyon/imagerie/mnt2018/lidar/laz/1860_5181.laz,1290,"MULTIPOLYGON (((859872.7664504646 6525507.182639607, 859872.5421272797 6526506.378653229, 860871.737458189 6526506.603695125, 860871.9631827574 6525507.4076454695, 859872.7664504646 6525507.182639607)))"
ima_gestion_images.imamnt2018laz1kmcc46.1291,1860_5182,https://download.data.grandlyon.com/files/grandlyon/imagerie/mnt2018/lidar/laz/1860_5182.laz,1291,"MULTIPOLYGON (((859872.5421250362 6526506.388645281, 859872.3177659239 6527505.583257386, 860871.5116952113 6527505.808335326, 860871.7374559315 6526506.613687177, 859872.5421250362 6526506.388645281)))"
ima_gestion_images.imamnt2018laz1kmcc46.1292,1860_5183,https://download.data.grandlyon.com/files/grandlyon/imagerie/mnt2018/lidar/laz/1860_5183.laz,1292,"MULTIPOLYGON (((859872.3177636801 6527505.593249423, 859872.0933686288 6528504.786459788, 860871.2858960698 6528505.011573786, 860871.5116929535 6527505.8183273645, 859872.3177636801 6527505.593249423)))"
ima_gestion_images.imamnt2018laz1kmcc46.1293,1860_5184,https://download.data.grandlyon.com/files/grandlyon/imagerie/mnt2018/lidar/laz/1860_5184.laz,1293,"MULTIPOLYGON (((859872.0933663845 6528504.796451814, 859871.8689353822 6529503.988260212, 860871.0600607528 6529504.213410279, 860871.2858938116 6528505.021565812, 859872.0933663845 6528504.796451814)))"
ima_gestion_images.imamnt2018laz1kmcc46.1294,1860_5185,https://download.data.grandlyon.com/files/grandlyon/imagerie/mnt2018/lidar/laz/1860_5185.laz,1294,"MULTIPOLYGON (((859871.8689331377 6529503.998252223, 859871.6444661734 6530503.188658433, 860870.8341892487 6530503.413844582, 860871.0600584942 6529504.223402292, 859871.8689331377 6529503.998252223)))"
ima_gestion_images.imamnt2018laz1kmcc46.1295,1860_5186,https://download.data.grandlyon.com/files/grandlyon/imagerie/mnt2018/lidar/laz/1860_5186.laz,1295,"MULTIPOLYGON (((859871.6444639285 6530503.19865043, 859871.4199609901 6531502.38765423, 860870.6082815458 6531502.612876468, 860870.8341869898 6530503.423836579, 859871.6444639285 6530503.19865043)))"
ima_gestion_images.imamnt2018laz1kmcc46.1296,1860_5187,https://download.data.grandlyon.com/files/grandlyon/imagerie/mnt2018/lidar/laz/1860_5187.laz,1296,"MULTIPOLYGON (((859871.4199587449 6531502.397646211, 859871.1954198211 6532501.58524737, 860870.3823376326 6532501.810505714, 860870.6082792867 6531502.622868451, 859871.4199587449 6531502.397646211)))"
ima_gestion_images.imamnt2018laz1kmcc46.1297,1860_5188,https://download.data.grandlyon.com/files/grandlyon/imagerie/mnt2018/lidar/laz/1860_5188.laz,1297,"MULTIPOLYGON (((859871.1954175755 6532501.595239341, 859870.9708426546 6533500.781437639, 860870.1563574974 6533501.006732096, 860870.3823353731 6532501.820497682, 859871.1954175755 6532501.595239341)))"
ima_gestion_images.imamnt2018laz1kmcc46.1298,1860_5189,https://download.data.grandlyon.com/files/grandlyon/imagerie/mnt2018/lidar/laz/1860_5189.laz,1298,"MULTIPOLYGON (((859870.9708404087 6533500.791429595, 859870.780231489 6534348.728199999, 860869.9645555537 6534348.953525116, 860870.1563552374 6533501.016724051, 859870.9708404087 6533500.791429595)))"
ima_gestion_images.imamnt2018laz1kmcc46.1299,1861_5156,https://download.data.grandlyon.com/files/grandlyon/imagerie/mnt2018/lidar/laz/1861_5156.laz,1299,"MULTIPOLYGON (((860877.5259449612 6500876.53627749, 860877.379805712 6501526.032780844, 861876.6101403383 6501526.258321278, 861876.757186871 6500876.761794539, 860877.5259449612 6500876.53627749)))"
ima_gestion_images.imamnt2018laz1kmcc46.1300,1861_5157,https://download.data.grandlyon.com/files/grandlyon/imagerie/mnt2018/lidar/laz/1861_5157.laz,1300,"MULTIPOLYGON (((860877.3798034636 6501526.042773248, 860877.1549430506 6502525.272391901, 861876.3838816511 6502525.49796831, 861876.6101380759 6501526.268313679, 860877.3798034636 6501526.042773248)))"
ima_gestion_images.imamnt2018laz1kmcc46.1301,1861_5158,https://download.data.grandlyon.com/files/grandlyon/imagerie/mnt2018/lidar/laz/1861_5158.laz,1301,"MULTIPOLYGON (((860877.1549408019 6502525.2823842885, 860876.9300445146 6503524.510606797, 861876.1575868669 6503524.736219198, 861876.3838793884 6502525.5079606995, 860877.1549408019 6502525.2823842885)))"
ima_gestion_images.imamnt2018laz1kmcc46.1302,1861_5159,https://download.data.grandlyon.com/files/grandlyon/imagerie/mnt2018/lidar/laz/1861_5159.laz,1302,"MULTIPOLYGON (((860876.9300422654 6503524.5205991715, 860876.7051100922 6504523.747425316, 861875.9312559736 6504523.973073721, 861876.1575846036 6503524.746211574, 860876.9300422654 6503524.5205991715)))"
ima_gestion_images.imamnt2018laz1kmcc46.1303,1861_5160,https://download.data.grandlyon.com/files/grandlyon/imagerie/mnt2018/lidar/laz/1861_5160.laz,1303,"MULTIPOLYGON (((860876.7051078427 6504523.757417678, 860876.4801397722 6505522.982847231, 861875.70488896 6505523.20853165, 861875.9312537102 6504523.983066082, 860876.7051078427 6504523.757417678)))"
ima_gestion_images.imamnt2018laz1kmcc46.1304,1861_5161,https://download.data.grandlyon.com/files/grandlyon/imagerie/mnt2018/lidar/laz/1861_5161.laz,1304,"MULTIPOLYGON (((860876.4801375223 6505522.9928395795, 860876.2551335429 6506522.216872322, 861875.4784858144 6506522.442592768, 861875.7048866961 6505523.218523998, 860876.4801375223 6505522.9928395795)))"
ima_gestion_images.imamnt2018laz1kmcc46.1305,1861_5162,https://download.data.grandlyon.com/files/grandlyon/imagerie/mnt2018/lidar/laz/1861_5162.laz,1305,"MULTIPOLYGON (((860876.2551312926 6506522.226864656, 860876.0300913928 6507521.449500367, 861875.2520465251 6507521.67525685, 861875.47848355 6506522.452585104, 860876.2551312926 6506522.226864656)))"
ima_gestion_images.imamnt2018laz1kmcc46.1306,1861_5163,https://download.data.grandlyon.com/files/grandlyon/imagerie/mnt2018/lidar/laz/1861_5163.laz,1306,"MULTIPOLYGON (((860876.0300891422 6507521.459492687, 860875.8050133104 6508520.680731141, 861875.0255710809 6508520.906523674, 861875.2520442606 6507521.68524917, 860876.0300891422 6507521.459492687)))"
ima_gestion_images.imamnt2018laz1kmcc46.1307,1861_5164,https://download.data.grandlyon.com/files/grandlyon/imagerie/mnt2018/lidar/laz/1861_5164.laz,1307,"MULTIPOLYGON (((860875.8050110594 6508520.690723447, 860875.5798992842 6509519.910564422, 861874.7990594697 6509520.136393014, 861875.0255688159 6508520.916515979, 860875.8050110594 6508520.690723447)))"
ima_gestion_images.imamnt2018laz1kmcc46.1308,1861_5165,https://download.data.grandlyon.com/files/grandlyon/imagerie/mnt2018/lidar/laz/1861_5165.laz,1308,"MULTIPOLYGON (((860875.5798970328 6509519.920556714, 860875.3547493027 6510519.1389999855, 861874.5725116802 6510519.364864651, 861874.7990572043 6509520.146385308, 860875.5798970328 6509519.920556714)))"
ima_gestion_images.imamnt2018laz1kmcc46.1309,1861_5166,https://download.data.grandlyon.com/files/grandlyon/imagerie/mnt2018/lidar/laz/1861_5166.laz,1309,"MULTIPOLYGON (((860875.354747051 6510519.148992263, 860875.1295633542 6511518.366037613, 861874.3459277007 6511518.5919383615, 861874.5725094145 6510519.374856929, 860875.354747051 6510519.148992263)))"
ima_gestion_images.imamnt2018laz1kmcc46.1310,1861_5167,https://download.data.grandlyon.com/files/grandlyon/imagerie/mnt2018/lidar/laz/1861_5167.laz,1310,"MULTIPOLYGON (((860875.1295611023 6511518.376029875, 860874.9043414274 6512517.591677075, 861874.1193075198 6512517.817613919, 861874.3459254348 6511518.601930626, 860875.1295611023 6511518.376029875)))"
ima_gestion_images.imamnt2018laz1kmcc46.1311,1861_5168,https://download.data.grandlyon.com/files/grandlyon/imagerie/mnt2018/lidar/laz/1861_5168.laz,1311,"MULTIPOLYGON (((860874.9043391751 6512517.601669324, 860874.6790835105 6513516.815918155, 861873.8926511256 6513517.041891105, 861874.1193052534 6512517.827606169, 860874.9043391751 6512517.601669324)))"
ima_gestion_images.imamnt2018laz1kmcc46.1312,1861_5169,https://download.data.grandlyon.com/files/grandlyon/imagerie/mnt2018/lidar/laz/1861_5169.laz,1312,"MULTIPOLYGON (((860874.6790812579 6513516.8259103885, 860874.4537895924 6514516.038760622, 861873.6659585064 6514516.26476969, 861873.8926488587 6513517.051883339, 860874.6790812579 6513516.8259103885)))"
ima_gestion_images.imamnt2018laz1kmcc46.1313,1861_5170,https://download.data.grandlyon.com/files/grandlyon/imagerie/mnt2018/lidar/laz/1861_5170.laz,1313,"MULTIPOLYGON (((860874.4537873394 6514516.0487528425, 860874.228459661 6515515.260204258, 861873.439229651 6515515.486249459, 861873.6659562394 6514516.2747619115, 860874.4537873394 6514516.0487528425)))"
ima_gestion_images.imamnt2018laz1kmcc46.1314,1861_5171,https://download.data.grandlyon.com/files/grandlyon/imagerie/mnt2018/lidar/laz/1861_5171.laz,1314,"MULTIPOLYGON (((860874.2284574076 6515515.270196464, 860874.003093705 6516514.480248838, 861873.2124645474 6516514.70633018, 861873.4392273836 6515515.496241666, 860874.2284574076 6515515.270196464)))"
ima_gestion_images.imamnt2018laz1kmcc46.1315,1861_5172,https://download.data.grandlyon.com/files/grandlyon/imagerie/mnt2018/lidar/laz/1861_5172.laz,1315,"MULTIPOLYGON (((860874.0030914511 6516514.490241031, 860873.7776917128 6517513.698894142, 861872.9856631842 6517513.925011635, 861873.2124622796 6516514.716322373, 860874.0030914511 6516514.490241031)))"
ima_gestion_images.imamnt2018laz1kmcc46.1316,1861_5173,https://download.data.grandlyon.com/files/grandlyon/imagerie/mnt2018/lidar/laz/1861_5173.laz,1316,"MULTIPOLYGON (((860873.7776894587 6517513.708886319, 860873.5522536729 6518512.916139937, 861872.7588255495 6518513.142293599, 861872.985660916 6517513.935003813, 860873.7776894587 6517513.708886319)))"
ima_gestion_images.imamnt2018laz1kmcc46.1317,1861_5174,https://download.data.grandlyon.com/files/grandlyon/imagerie/mnt2018/lidar/laz/1861_5174.laz,1317,"MULTIPOLYGON (((860873.5522514184 6518512.9261321025, 860873.3267795735 6519512.131986011, 861872.5319516318 6519512.358175847, 861872.7588232809 6518513.152285765, 860873.5522514184 6518512.9261321025)))"
ima_gestion_images.imamnt2018laz1kmcc46.1318,1861_5175,https://download.data.grandlyon.com/files/grandlyon/imagerie/mnt2018/lidar/laz/1861_5175.laz,1318,"MULTIPOLYGON (((860873.3267773185 6519512.141978162, 860873.1012694034 6520511.346432134, 861872.3050414195 6520511.572658159, 861872.5319493628 6519512.368167999, 860873.3267773185 6519512.141978162)))"
ima_gestion_images.imamnt2018laz1kmcc46.1319,1861_5176,https://download.data.grandlyon.com/files/grandlyon/imagerie/mnt2018/lidar/laz/1861_5176.laz,1319,"MULTIPOLYGON (((860873.1012671479 6520511.356424271, 860872.8757231504 6521510.559478081, 861872.0780949007 6521510.7857403075, 861872.3050391502 6520511.582650296, 860873.1012671479 6520511.356424271)))"
ima_gestion_images.imamnt2018laz1kmcc46.1320,1861_5177,https://download.data.grandlyon.com/files/grandlyon/imagerie/mnt2018/lidar/laz/1861_5177.laz,1320,"MULTIPOLYGON (((860872.8757208949 6521510.569470204, 860872.6501408035 6522509.771123634, 861871.851112064 6522509.99742207, 861872.0780926311 6521510.795732431, 860872.8757208949 6521510.569470204)))"
ima_gestion_images.imamnt2018laz1kmcc46.1321,1861_5178,https://download.data.grandlyon.com/files/grandlyon/imagerie/mnt2018/lidar/laz/1861_5178.laz,1321,"MULTIPOLYGON (((860872.6501385475 6522509.7811157415, 860872.4245223509 6523508.981368563, 861871.6240928976 6523509.207703222, 861871.851109794 6522510.00741418, 860872.6501385475 6522509.7811157415)))"
ima_gestion_images.imamnt2018laz1kmcc46.1322,1861_5179,https://download.data.grandlyon.com/files/grandlyon/imagerie/mnt2018/lidar/laz/1861_5179.laz,1322,"MULTIPOLYGON (((860872.4245200945 6523508.991360657, 860872.1988677809 6524508.190212648, 861871.3970373899 6524508.416583542, 861871.6240906273 6523509.217695316, 860872.4245200945 6523508.991360657)))"
ima_gestion_images.imamnt2018laz1kmcc46.1323,1861_5180,https://download.data.grandlyon.com/files/grandlyon/imagerie/mnt2018/lidar/laz/1861_5180.laz,1323,"MULTIPOLYGON (((860872.198865524 6524508.200204728, 860871.9731770819 6525507.397655661, 861871.169945529 6525507.624062803, 861871.3970351191 6524508.426575622, 860872.198865524 6524508.200204728)))"
ima_gestion_images.imamnt2018laz1kmcc46.1324,1861_5181,https://download.data.grandlyon.com/files/grandlyon/imagerie/mnt2018/lidar/laz/1861_5181.laz,1324,"MULTIPOLYGON (((860871.9731748248 6525507.407647728, 860871.7474502424 6526506.603697381, 861870.9428173035 6526506.830140781, 861871.1699432579 6525507.63405487, 860871.9731748248 6525507.407647728)))"
ima_gestion_images.imamnt2018laz1kmcc46.1325,1861_5182,https://download.data.grandlyon.com/files/grandlyon/imagerie/mnt2018/lidar/laz/1861_5182.laz,1325,"MULTIPOLYGON (((860871.747447985 6526506.613689435, 860871.5216872507 6527505.808337584, 861870.7156527014 6527506.034817253, 861870.942815032 6526506.840132834, 860871.747447985 6526506.613689435)))"
ima_gestion_images.imamnt2018laz1kmcc46.1326,1861_5183,https://download.data.grandlyon.com/files/grandlyon/imagerie/mnt2018/lidar/laz/1861_5183.laz,1326,"MULTIPOLYGON (((860871.521684993 6527505.818329622, 860871.2958880952 6528505.011576043, 861870.4884517114 6528505.238091994, 861870.7156504296 6527506.044809293, 860871.521684993 6527505.818329622)))"
ima_gestion_images.imamnt2018laz1kmcc46.1327,1861_5184,https://download.data.grandlyon.com/files/grandlyon/imagerie/mnt2018/lidar/laz/1861_5184.laz,1327,"MULTIPOLYGON (((860871.2958858369 6528505.02156807, 860871.0700527641 6529504.213412537, 861870.2612143215 6529504.4399647815, 861870.4884494392 6528505.24808402, 860871.2958858369 6528505.02156807)))"
ima_gestion_images.imamnt2018laz1kmcc46.1328,1861_5185,https://download.data.grandlyon.com/files/grandlyon/imagerie/mnt2018/lidar/laz/1861_5185.laz,1328,"MULTIPOLYGON (((860871.0700505057 6529504.223404547, 860870.844181246 6530503.413846842, 861870.0339405199 6530503.640435388, 861870.2612120488 6529504.449956793, 860871.0700505057 6529504.223404547)))"
ima_gestion_images.imamnt2018laz1kmcc46.1329,1861_5186,https://download.data.grandlyon.com/files/grandlyon/imagerie/mnt2018/lidar/laz/1861_5186.laz,1329,"MULTIPOLYGON (((860870.8441789871 6530503.423838838, 860870.6182735292 6531502.612878727, 861869.806630295 6531502.839503592, 861870.033938247 6530503.650427386, 860870.8441789871 6530503.423838838)))"
ima_gestion_images.imamnt2018laz1kmcc46.1330,1861_5187,https://download.data.grandlyon.com/files/grandlyon/imagerie/mnt2018/lidar/laz/1861_5187.laz,1330,"MULTIPOLYGON (((860870.61827127 6531502.62287071, 860870.3923296019 6532501.810507975, 861869.5792836352 6532502.037169166, 861869.8066280219 6531502.849495575, 860870.61827127 6531502.62287071)))"
ima_gestion_images.imamnt2018laz1kmcc46.1331,1861_5188,https://download.data.grandlyon.com/files/grandlyon/imagerie/mnt2018/lidar/laz/1861_5188.laz,1331,"MULTIPOLYGON (((860870.3923273423 6532501.820499943, 860870.1663494527 6533501.006734356, 861869.3519005287 6533501.233431889, 861869.5792813615 6532502.047161135, 860870.3923273423 6532501.820499943)))"
ima_gestion_images.imamnt2018laz1kmcc46.1332,1861_5189,https://download.data.grandlyon.com/files/grandlyon/imagerie/mnt2018/lidar/laz/1861_5189.laz,1332,"MULTIPOLYGON (((860870.1663471927 6533501.016726309, 860869.977569502 6534335.594299001, 861869.1619485717 6534335.821026895, 861869.3518982547 6533501.243423844, 860870.1663471927 6533501.016726309)))"
ima_gestion_images.imamnt2018laz1kmcc46.1333,1862_5156,https://download.data.grandlyon.com/files/grandlyon/imagerie/mnt2018/lidar/laz/1862_5156.laz,1333,"MULTIPOLYGON (((861876.7555652448 6500928.062840856, 861876.6201327418 6501526.258323538, 862875.8505034534 6501526.4852598775, 862875.9867715739 6500928.289755527, 861876.7555652448 6500928.062840856)))"
ima_gestion_images.imamnt2018laz1kmcc46.1334,1862_5157,https://download.data.grandlyon.com/files/grandlyon/imagerie/mnt2018/lidar/laz/1862_5157.laz,1334,"MULTIPOLYGON (((861876.6201304793 6501526.268315941, 861876.3938740406 6502525.497970575, 862875.622848738 6502525.724943116, 862875.8505011769 6501526.495252282, 861876.6201304793 6501526.268315941)))"
ima_gestion_images.imamnt2018laz1kmcc46.1335,1862_5158,https://download.data.grandlyon.com/files/grandlyon/imagerie/mnt2018/lidar/laz/1862_5158.laz,1335,"MULTIPOLYGON (((861876.3938717779 6502525.507962963, 861876.1675792423 6503524.736221462, 862875.395157703 6503524.963230218, 862875.6228464613 6502525.734935505, 861876.3938717779 6502525.507962963)))"
ima_gestion_images.imamnt2018laz1kmcc46.1336,1862_5159,https://download.data.grandlyon.com/files/grandlyon/imagerie/mnt2018/lidar/laz/1862_5159.laz,1336,"MULTIPOLYGON (((861876.1675769791 6503524.746213838, 861875.9412483351 6504523.973075985, 862875.1674303366 6504524.200120965, 862875.3951554259 6503524.973222594, 861876.1675769791 6503524.746213838)))"
ima_gestion_images.imamnt2018laz1kmcc46.1337,1862_5160,https://download.data.grandlyon.com/files/grandlyon/imagerie/mnt2018/lidar/laz/1862_5160.laz,1337,"MULTIPOLYGON (((861875.9412460716 6504523.983068348, 861875.7148813074 6505523.208533917, 862874.939666627 6505523.4356151335, 862875.167428059 6504524.210113327, 861875.9412460716 6504523.983068348)))"
ima_gestion_images.imamnt2018laz1kmcc46.1338,1862_5161,https://download.data.grandlyon.com/files/grandlyon/imagerie/mnt2018/lidar/laz/1862_5161.laz,1338,"MULTIPOLYGON (((861875.7148790436 6505523.218526263, 861875.488478148 6506522.442595035, 862874.7118665626 6506522.6697125, 862874.9396643492 6505523.445607481, 861875.7148790436 6505523.218526263)))"
ima_gestion_images.imamnt2018laz1kmcc46.1339,1862_5162,https://download.data.grandlyon.com/files/grandlyon/imagerie/mnt2018/lidar/laz/1862_5162.laz,1339,"MULTIPOLYGON (((861875.4884758836 6506522.452587368, 861875.2620388448 6507521.675259115, 862874.484030132 6507521.902412844, 862874.7118642845 6506522.679704834, 861875.4884758836 6506522.452587368)))"
ima_gestion_images.imamnt2018laz1kmcc46.1340,1862_5163,https://download.data.grandlyon.com/files/grandlyon/imagerie/mnt2018/lidar/laz/1862_5163.laz,1340,"MULTIPOLYGON (((861875.2620365802 6507521.685251436, 861875.0355633865 6508520.906525939, 862874.2561573233 6508521.133715939, 862874.4840278535 6507521.912405163, 861875.2620365802 6507521.685251436)))"
ima_gestion_images.imamnt2018laz1kmcc46.1341,1862_5164,https://download.data.grandlyon.com/files/grandlyon/imagerie/mnt2018/lidar/laz/1862_5164.laz,1341,"MULTIPOLYGON (((861875.0355611215 6508520.916518246, 861874.8090517614 6509520.13639528, 862874.0282481249 6509520.3636215655, 862874.2561550443 6508521.143708245, 861875.0355611215 6508520.916518246)))"
ima_gestion_images.imamnt2018laz1kmcc46.1342,1862_5165,https://download.data.grandlyon.com/files/grandlyon/imagerie/mnt2018/lidar/laz/1862_5165.laz,1342,"MULTIPOLYGON (((861874.8090494961 6509520.146387572, 861874.5825039579 6510519.364866916, 862873.800302525 6510519.592129497, 862874.0282458456 6509520.373613857, 861874.8090494961 6509520.146387572)))"
ima_gestion_images.imamnt2018laz1kmcc46.1343,1862_5166,https://download.data.grandlyon.com/files/grandlyon/imagerie/mnt2018/lidar/laz/1862_5166.laz,1343,"MULTIPOLYGON (((861874.5825016922 6510519.374859196, 861874.3559199645 6511518.5919406265, 862873.5723205123 6511518.819239515, 862873.8003002454 6510519.602121775, 861874.5825016922 6510519.374859196)))"
ima_gestion_images.imamnt2018laz1kmcc46.1344,1862_5167,https://download.data.grandlyon.com/files/grandlyon/imagerie/mnt2018/lidar/laz/1862_5167.laz,1344,"MULTIPOLYGON (((861874.3559176985 6511518.601932892, 861874.1292997696 6512517.817616186, 862873.3443020746 6512518.044951392, 862873.5723182323 6511518.829231775, 861874.3559176985 6511518.601932892)))"
ima_gestion_images.imamnt2018laz1kmcc46.1345,1862_5168,https://download.data.grandlyon.com/files/grandlyon/imagerie/mnt2018/lidar/laz/1862_5168.laz,1345,"MULTIPOLYGON (((861874.129297503 6512517.827608437, 861873.9026433614 6513517.04189337, 862873.1162472006 6513517.269264907, 862873.3442997943 6512518.054943639, 861874.129297503 6512517.827608437)))"
ima_gestion_images.imamnt2018laz1kmcc46.1346,1862_5169,https://download.data.grandlyon.com/files/grandlyon/imagerie/mnt2018/lidar/laz/1862_5169.laz,1346,"MULTIPOLYGON (((861873.9026410945 6513517.051885607, 861873.6759507284 6514516.26477196, 862872.8881558785 6514516.492179834, 862873.1162449198 6513517.279257142, 861873.9026410945 6513517.051885607)))"
ima_gestion_images.imamnt2018laz1kmcc46.1347,1862_5170,https://download.data.grandlyon.com/files/grandlyon/imagerie/mnt2018/lidar/laz/1862_5170.laz,1347,"MULTIPOLYGON (((861873.6759484613 6514516.274764178, 861873.4492218589 6515515.486251726, 862872.6600280965 6515515.713695957, 862872.8881535974 6514516.502172058, 861873.6759484613 6514516.274764178)))"
ima_gestion_images.imamnt2018laz1kmcc46.1348,1862_5171,https://download.data.grandlyon.com/files/grandlyon/imagerie/mnt2018/lidar/laz/1862_5171.laz,1348,"MULTIPOLYGON (((861873.4492195913 6515515.496243934, 861873.2224567411 6516514.706332449, 862872.4318638431 6516514.933813043, 862872.660025815 6515515.723688163, 861873.4492195913 6515515.496243934)))"
ima_gestion_images.imamnt2018laz1kmcc46.1349,1862_5172,https://download.data.grandlyon.com/files/grandlyon/imagerie/mnt2018/lidar/laz/1862_5172.laz,1349,"MULTIPOLYGON (((861873.2224544734 6516514.716324642, 861872.995655364 6517513.9250139035, 862872.2036631062 6517514.152530878, 862872.4318615611 6516514.943805239, 861873.2224544734 6516514.716324642)))"
ima_gestion_images.imamnt2018laz1kmcc46.1350,1862_5173,https://download.data.grandlyon.com/files/grandlyon/imagerie/mnt2018/lidar/laz/1862_5173.laz,1350,"MULTIPOLYGON (((861872.9956530957 6517513.935006083, 861872.7688177153 6518513.142295868, 862871.9754258746 6518513.369849229, 862872.2036608241 6517514.162523057, 861872.9956530957 6517513.935006083)))"
ima_gestion_images.imamnt2018laz1kmcc46.1351,1862_5174,https://download.data.grandlyon.com/files/grandlyon/imagerie/mnt2018/lidar/laz/1862_5174.laz,1351,"MULTIPOLYGON (((861872.7688154466 6518513.152288035, 861872.5419437836 6519512.358178117, 862871.7471521362 6519512.585767879, 862871.975423592 6518513.379841396, 861872.7688154466 6518513.152288035)))"
ima_gestion_images.imamnt2018laz1kmcc46.1352,1862_5175,https://download.data.grandlyon.com/files/grandlyon/imagerie/mnt2018/lidar/laz/1862_5175.laz,1352,"MULTIPOLYGON (((861872.5419415147 6519512.368170269, 861872.3150335572 6520511.572660427, 862871.5188418793 6520511.800286602, 862871.7471498533 6519512.59576003, 861872.5419415147 6519512.368170269)))"
ima_gestion_images.imamnt2018laz1kmcc46.1353,1862_5176,https://download.data.grandlyon.com/files/grandlyon/imagerie/mnt2018/lidar/laz/1862_5176.laz,1353,"MULTIPOLYGON (((861872.315031288 6520511.582652566, 861872.0880870245 6521510.785742578, 862871.2904950925 6521511.013405175, 862871.5188395961 6520511.810278742, 861872.315031288 6520511.582652566)))"
ima_gestion_images.imamnt2018laz1kmcc46.1354,1862_5177,https://download.data.grandlyon.com/files/grandlyon/imagerie/mnt2018/lidar/laz/1862_5177.laz,1354,"MULTIPOLYGON (((861872.088084755 6521510.795734702, 861871.8611041738 6522509.99742434, 862871.0621117636 6522510.225123371, 862871.2904928088 6521511.023397299, 861872.088084755 6521510.795734702)))"
ima_gestion_images.imamnt2018laz1kmcc46.1355,1862_5178,https://download.data.grandlyon.com/files/grandlyon/imagerie/mnt2018/lidar/laz/1862_5178.laz,1355,"MULTIPOLYGON (((861871.861101904 6522510.007416448, 861871.6340849935 6523509.207705493, 862870.833691881 6523509.435440974, 862871.0621094796 6522510.235115483, 861871.861101904 6522510.007416448)))"
ima_gestion_images.imamnt2018laz1kmcc46.1356,1862_5179,https://download.data.grandlyon.com/files/grandlyon/imagerie/mnt2018/lidar/laz/1862_5179.laz,1356,"MULTIPOLYGON (((861871.634082723 6523509.217697591, 861871.4070294716 6524508.416585813, 862870.6052354333 6524508.64435775, 862870.8336895967 6523509.44543307, 861871.634082723 6523509.217697591)))"
ima_gestion_images.imamnt2018laz1kmcc46.1357,1862_5180,https://download.data.grandlyon.com/files/grandlyon/imagerie/mnt2018/lidar/laz/1862_5180.laz,1357,"MULTIPOLYGON (((861871.407027201 6524508.426577893, 861871.1799375968 6525507.624065072, 862870.3767424084 6525507.851873482, 862870.6052331486 6524508.654349832, 861871.407027201 6524508.426577893)))"
ima_gestion_images.imamnt2018laz1kmcc46.1358,1862_5181,https://download.data.grandlyon.com/files/grandlyon/imagerie/mnt2018/lidar/laz/1862_5181.laz,1358,"MULTIPOLYGON (((861871.1799353258 6525507.634057141, 861870.9528093573 6526506.83014305, 862870.1482127943 6526507.057987945, 862870.3767401231 6525507.861865549, 861871.1799353258 6525507.634057141)))"
ima_gestion_images.imamnt2018laz1kmcc46.1359,1862_5182,https://download.data.grandlyon.com/files/grandlyon/imagerie/mnt2018/lidar/laz/1862_5182.laz,1359,"MULTIPOLYGON (((861870.9528070858 6526506.840135106, 861870.7256447413 6527506.034819525, 862869.9196465798 6527506.262700911, 862870.148210509 6526507.067979999, 861870.9528070858 6526506.840135106)))"
ima_gestion_images.imamnt2018laz1kmcc46.1360,1862_5183,https://download.data.grandlyon.com/files/grandlyon/imagerie/mnt2018/lidar/laz/1862_5183.laz,1360,"MULTIPOLYGON (((861870.7256424694 6527506.044811565, 861870.498443737 6528505.238094269, 862869.6910437527 6528505.466012158, 862869.9196442941 6527506.2726929495, 861870.7256424694 6527506.044811565)))"
ima_gestion_images.imamnt2018laz1kmcc46.1361,1862_5184,https://download.data.grandlyon.com/files/grandlyon/imagerie/mnt2018/lidar/laz/1862_5184.laz,1361,"MULTIPOLYGON (((861870.4984414648 6528505.248086292, 861870.2712063331 6529504.439967054, 862869.4624043016 6529504.667921462, 862869.6910414665 6528505.476004184, 861870.4984414648 6528505.248086292)))"
ima_gestion_images.imamnt2018laz1kmcc46.1362,1862_5185,https://download.data.grandlyon.com/files/grandlyon/imagerie/mnt2018/lidar/laz/1862_5185.laz,1362,"MULTIPOLYGON (((861870.2712040605 6529504.449959066, 861870.0439325175 6530503.6404376635, 862869.2337282143 6530503.868428601, 862869.462402015 6529504.677913475, 861870.2712040605 6529504.449959066)))"
ima_gestion_images.imamnt2018laz1kmcc46.1363,1862_5186,https://download.data.grandlyon.com/files/grandlyon/imagerie/mnt2018/lidar/laz/1862_5186.laz,1363,"MULTIPOLYGON (((861870.0439302446 6530503.6504296595, 861869.8166222788 6531502.839505864, 862869.0050154793 6531503.067533345, 862869.2337259273 6530503.878420598, 861870.0439302446 6530503.6504296595)))"
ima_gestion_images.imamnt2018laz1kmcc46.1364,1862_5187,https://download.data.grandlyon.com/files/grandlyon/imagerie/mnt2018/lidar/laz/1862_5187.laz,1364,"MULTIPOLYGON (((861869.8166200054 6531502.849497849, 861869.5892756049 6532502.03717144, 862868.7762660845 6532502.2652354725, 862869.0050131918 6531503.077525328, 861869.8166200054 6531502.849497849)))"
ima_gestion_images.imamnt2018laz1kmcc46.1365,1862_5188,https://download.data.grandlyon.com/files/grandlyon/imagerie/mnt2018/lidar/laz/1862_5188.laz,1365,"MULTIPOLYGON (((861869.5892733313 6532502.047163409, 861869.3618924842 6533501.233434162, 862868.5474800185 6533501.46153476, 862868.7762637968 6532502.275227441, 861869.5892733313 6532502.047163409)))"
ima_gestion_images.imamnt2018laz1kmcc46.1366,1862_5189,https://download.data.grandlyon.com/files/grandlyon/imagerie/mnt2018/lidar/laz/1862_5189.laz,1366,"MULTIPOLYGON (((861869.3618902103 6533501.243426118, 861869.1687928558 6534349.649879384, 862868.3531889726 6534349.878011038, 862868.5474777304 6533501.471526717, 861869.3618902103 6533501.243426118)))"
ima_gestion_images.imamnt2018laz1kmcc46.1367,1863_5156,https://download.data.grandlyon.com/files/grandlyon/imagerie/mnt2018/lidar/laz/1863_5156.laz,1367,"MULTIPOLYGON (((862876.0000530167 6500913.8507220745, 862875.8604958571 6501526.4852621555, 863875.0909028766 6501526.713594391, 863875.2313158152 6500914.079031985, 862876.0000530167 6500913.8507220745)))"
ima_gestion_images.imamnt2018laz1kmcc46.1368,1863_5157,https://download.data.grandlyon.com/files/grandlyon/imagerie/mnt2018/lidar/laz/1863_5157.laz,1368,"MULTIPOLYGON (((862875.8604935808 6501526.495254559, 862875.6328411279 6502525.724945393, 863874.8618521447 6502525.953314054, 863875.0909005862 6501526.723586796, 862875.8604935808 6501526.495254559)))"
ima_gestion_images.imamnt2018laz1kmcc46.1369,1863_5158,https://download.data.grandlyon.com/files/grandlyon/imagerie/mnt2018/lidar/laz/1863_5158.laz,1369,"MULTIPOLYGON (((862875.6328388512 6502525.734937781, 862875.4051500789 6503524.963232495, 863874.6327648707 6503525.191637593, 863874.8618498541 6502525.963306443, 862875.6328388512 6502525.734937781)))"
ima_gestion_images.imamnt2018laz1kmcc46.1370,1863_5159,https://download.data.grandlyon.com/files/grandlyon/imagerie/mnt2018/lidar/laz/1863_5159.laz,1370,"MULTIPOLYGON (((862875.4051478019 6503524.973224871, 862875.1774226985 6504524.200123241, 863874.4036410425 6504524.428564789, 863874.6327625796 6503525.201629968, 862875.4051478019 6503524.973224871)))"
ima_gestion_images.imamnt2018laz1kmcc46.1371,1863_5160,https://download.data.grandlyon.com/files/grandlyon/imagerie/mnt2018/lidar/laz/1863_5160.laz,1371,"MULTIPOLYGON (((862875.1774204209 6504524.210115605, 862874.9496589749 6505523.435617411, 863874.1744806487 6505523.664095417, 863874.403638751 6504524.438557152, 862875.1774204209 6504524.210115605)))"
ima_gestion_images.imamnt2018laz1kmcc46.1372,1863_5161,https://download.data.grandlyon.com/files/grandlyon/imagerie/mnt2018/lidar/laz/1863_5161.laz,1372,"MULTIPOLYGON (((862874.9496566972 6505523.445609759, 862874.7218588967 6506522.66971478, 863873.9452836774 6506522.898229256, 863874.174478357 6505523.674087765, 862874.9496566972 6505523.445609759)))"
ima_gestion_images.imamnt2018laz1kmcc46.1373,1863_5162,https://download.data.grandlyon.com/files/grandlyon/imagerie/mnt2018/lidar/laz/1863_5162.laz,1373,"MULTIPOLYGON (((862874.7218566185 6506522.679707113, 862874.494022452 6507521.902415121, 863873.7160501168 6507522.130966084, 863873.9452813852 6506522.908221591, 862874.7218566185 6506522.679707113)))"
ima_gestion_images.imamnt2018laz1kmcc46.1374,1863_5163,https://download.data.grandlyon.com/files/grandlyon/imagerie/mnt2018/lidar/laz/1863_5163.laz,1374,"MULTIPOLYGON (((862874.4940201733 6507521.912407445, 862874.2661496293 6508521.13371822, 863873.4867799554 6508521.362305674, 863873.7160478244 6507522.140958403, 862874.4940201733 6507521.912407445)))"
ima_gestion_images.imamnt2018laz1kmcc46.1375,1863_5164,https://download.data.grandlyon.com/files/grandlyon/imagerie/mnt2018/lidar/laz/1863_5164.laz,1375,"MULTIPOLYGON (((862874.2661473504 6508521.143710524, 862874.0382404169 6509520.363623844, 863873.2574731815 6509520.5922478065, 863873.4867776626 6508521.372297979, 862874.2661473504 6508521.143710524)))"
ima_gestion_images.imamnt2018laz1kmcc46.1376,1863_5165,https://download.data.grandlyon.com/files/grandlyon/imagerie/mnt2018/lidar/laz/1863_5165.laz,1376,"MULTIPOLYGON (((862874.0382381377 6509520.373616133, 862873.8102948032 6510519.592131777, 863873.028129783 6510519.820792259, 863873.2574708882 6509520.602240098, 862874.0382381377 6509520.373616133)))"
ima_gestion_images.imamnt2018laz1kmcc46.1377,1863_5166,https://download.data.grandlyon.com/files/grandlyon/imagerie/mnt2018/lidar/laz/1863_5166.laz,1377,"MULTIPOLYGON (((862873.8102925236 6510519.602124054, 862873.5823127762 6511518.819241795, 863872.7987497484 6511519.047938804, 863873.0281274895 6510519.830784536, 862873.8102925236 6510519.602124054)))"
ima_gestion_images.imamnt2018laz1kmcc46.1378,1863_5167,https://download.data.grandlyon.com/files/grandlyon/imagerie/mnt2018/lidar/laz/1863_5167.laz,1378,"MULTIPOLYGON (((862873.5823104964 6511518.829234056, 862873.3542943248 6512518.04495367, 863872.569333066 6512518.273687223, 863872.7987474544 6511519.057931068, 862873.5823104964 6511518.829234056)))"
ima_gestion_images.imamnt2018laz1kmcc46.1379,1863_5168,https://download.data.grandlyon.com/files/grandlyon/imagerie/mnt2018/lidar/laz/1863_5168.laz,1379,"MULTIPOLYGON (((862873.3542920444 6512518.054945921, 862873.1262394369 6513517.269267187, 863872.3398797238 6513517.498037294, 863872.5693307717 6512518.283679472, 862873.3542920444 6512518.054945921)))"
ima_gestion_images.imamnt2018laz1kmcc46.1380,1863_5169,https://download.data.grandlyon.com/files/grandlyon/imagerie/mnt2018/lidar/laz/1863_5169.laz,1380,"MULTIPOLYGON (((862873.126237156 6513517.279259422, 862872.8981481006 6514516.492182117, 863872.1103897103 6514516.720988787, 863872.3398774292 6513517.508029528, 862873.126237156 6513517.279259422)))"
ima_gestion_images.imamnt2018laz1kmcc46.1381,1863_5170,https://download.data.grandlyon.com/files/grandlyon/imagerie/mnt2018/lidar/laz/1863_5170.laz,1381,"MULTIPOLYGON (((862872.8981458195 6514516.502174338, 862872.6700203046 6515515.713698236, 863871.8808630134 6515515.942541487, 863872.1103874152 6514516.730981011, 862872.8981458195 6514516.502174338)))"
ima_gestion_images.imamnt2018laz1kmcc46.1382,1863_5171,https://download.data.grandlyon.com/files/grandlyon/imagerie/mnt2018/lidar/laz/1863_5171.laz,1382,"MULTIPOLYGON (((862872.6700180233 6515515.723690446, 862872.4418560372 6516514.933815326, 863871.6512996219 6516515.162695164, 863871.8808607182 6515515.952533693, 862872.6700180233 6515515.723690446)))"
ima_gestion_images.imamnt2018laz1kmcc46.1383,1863_5172,https://download.data.grandlyon.com/files/grandlyon/imagerie/mnt2018/lidar/laz/1863_5172.laz,1383,"MULTIPOLYGON (((862872.4418537554 6516514.943807519, 862872.2136552865 6517514.1525331605, 863871.4216995233 6517514.381449597, 863871.651297326 6516515.172687358, 862872.4418537554 6516514.943807519)))"
ima_gestion_images.imamnt2018laz1kmcc46.1384,1863_5173,https://download.data.grandlyon.com/files/grandlyon/imagerie/mnt2018/lidar/laz/1863_5173.laz,1384,"MULTIPOLYGON (((862872.2136530043 6517514.162525338, 862871.9854180409 6518513.369851511, 863871.1920627063 6518513.598804561, 863871.4216972272 6517514.391441776, 862872.2136530043 6517514.162525338)))"
ima_gestion_images.imamnt2018laz1kmcc46.1385,1863_5174,https://download.data.grandlyon.com/files/grandlyon/imagerie/mnt2018/lidar/laz/1863_5174.laz,1385,"MULTIPOLYGON (((862871.9854157582 6518513.379843678, 862871.7571442884 6519512.585770162, 863870.9623891591 6519512.814759836, 863871.1920604098 6518513.608796728, 862871.9854157582 6518513.379843678)))"
ima_gestion_images.imamnt2018laz1kmcc46.1386,1863_5175,https://download.data.grandlyon.com/files/grandlyon/imagerie/mnt2018/lidar/laz/1863_5175.laz,1386,"MULTIPOLYGON (((862871.7571420055 6519512.595762314, 862871.5288340175 6520511.800288886, 863870.7326788695 6520512.029315194, 863870.9623868621 6519512.824751988, 862871.7571420055 6519512.595762314)))"
ima_gestion_images.imamnt2018laz1kmcc46.1387,1863_5176,https://download.data.grandlyon.com/files/grandlyon/imagerie/mnt2018/lidar/laz/1863_5176.laz,1387,"MULTIPOLYGON (((862871.5288317343 6520511.810281023, 862871.3004872167 6521511.013407458, 863870.502931826 6521511.242470415, 863870.7326765722 6520512.039307332, 862871.5288317343 6520511.810281023)))"
ima_gestion_images.imamnt2018laz1kmcc46.1388,1863_5177,https://download.data.grandlyon.com/files/grandlyon/imagerie/mnt2018/lidar/laz/1863_5177.laz,1388,"MULTIPOLYGON (((862871.3004849331 6521511.02339958, 862871.0721038738 6522510.225125658, 863870.2731480168 6522510.454225275, 863870.5029295284 6521511.252462541, 862871.3004849331 6521511.02339958)))"
ima_gestion_images.imamnt2018laz1kmcc46.1389,1863_5178,https://download.data.grandlyon.com/files/grandlyon/imagerie/mnt2018/lidar/laz/1863_5178.laz,1389,"MULTIPOLYGON (((862871.0721015898 6522510.235117766, 862870.8436839774 6523509.435443257, 863870.04332743 6523509.664579546, 863870.2731457188 6522510.464217384, 862871.0721015898 6522510.235117766)))"
ima_gestion_images.imamnt2018laz1kmcc46.1390,1863_5179,https://download.data.grandlyon.com/files/grandlyon/imagerie/mnt2018/lidar/laz/1863_5179.laz,1390,"MULTIPOLYGON (((862870.843681693 6523509.445435353, 862870.6152275155 6524508.644360037, 863869.813470054 6524508.873533007, 863870.0433251316 6523509.674571642, 862870.843681693 6523509.445435353)))"
ima_gestion_images.imamnt2018laz1kmcc46.1391,1863_5180,https://download.data.grandlyon.com/files/grandlyon/imagerie/mnt2018/lidar/laz/1863_5180.laz,1391,"MULTIPOLYGON (((862870.6152252308 6524508.654352117, 862870.3867344765 6525507.851875767, 863869.5835758764 6525508.081085434, 863869.8134677551 6524508.88352509, 862870.6152252308 6524508.654352117)))"
ima_gestion_images.imamnt2018laz1kmcc46.1392,1863_5181,https://download.data.grandlyon.com/files/grandlyon/imagerie/mnt2018/lidar/laz/1863_5181.laz,1392,"MULTIPOLYGON (((862870.3867321913 6525507.861867837, 862870.1582048484 6526507.057990231, 863869.353644886 6526507.287236602, 863869.5835735773 6525508.091077502, 862870.3867321913 6525507.861867837)))"
ima_gestion_images.imamnt2018laz1kmcc46.1393,1863_5182,https://download.data.grandlyon.com/files/grandlyon/imagerie/mnt2018/lidar/laz/1863_5182.laz,1393,"MULTIPOLYGON (((862870.1582025631 6526507.067982284, 862869.92963862 6527506.262703196, 863869.1236770707 6527506.491986284, 863869.3536425864 6526507.297228658, 862870.1582025631 6526507.067982284)))"
ima_gestion_images.imamnt2018laz1kmcc46.1394,1863_5183,https://download.data.grandlyon.com/files/grandlyon/imagerie/mnt2018/lidar/laz/1863_5183.laz,1394,"MULTIPOLYGON (((862869.9296363342 6527506.272695237, 862869.701035779 6528505.466014445, 863868.8936724184 6528505.695334265, 863869.1236747707 6527506.501978327, 862869.9296363342 6527506.272695237)))"
ima_gestion_images.imamnt2018laz1kmcc46.1395,1863_5184,https://download.data.grandlyon.com/files/grandlyon/imagerie/mnt2018/lidar/laz/1863_5184.laz,1395,"MULTIPOLYGON (((862869.7010334926 6528505.476006472, 862869.4723963137 6529504.6679237485, 863868.6636309177 6529504.897280312, 863868.8936701182 6528505.705326292, 862869.7010334926 6528505.476006472)))"
ima_gestion_images.imamnt2018laz1kmcc46.1396,1863_5185,https://download.data.grandlyon.com/files/grandlyon/imagerie/mnt2018/lidar/laz/1863_5185.laz,1396,"MULTIPOLYGON (((862869.472394027 6529504.677915762, 862869.2437202124 6530503.8684308855, 863868.4335525564 6530504.097824204, 863868.6636286171 6529504.907272324, 862869.472394027 6529504.677915762)))"
ima_gestion_images.imamnt2018laz1kmcc46.1397,1863_5186,https://download.data.grandlyon.com/files/grandlyon/imagerie/mnt2018/lidar/laz/1863_5186.laz,1397,"MULTIPOLYGON (((862869.2437179254 6530503.878422884, 862869.0150074633 6531503.067535631, 863868.203437323 6531503.296965713, 863868.4335502556 6530504.1078162, 862869.2437179254 6530503.878422884)))"
ima_gestion_images.imamnt2018laz1kmcc46.1398,1863_5187,https://download.data.grandlyon.com/files/grandlyon/imagerie/mnt2018/lidar/laz/1863_5187.laz,1398,"MULTIPOLYGON (((862869.015005176 6531503.077527614, 862868.7862580544 6532502.265237762, 863867.9732852052 6532502.49470462, 863868.2034350217 6531503.3069576975, 862869.015005176 6531503.077527614)))"
ima_gestion_images.imamnt2018laz1kmcc46.1399,1863_5188,https://download.data.grandlyon.com/files/grandlyon/imagerie/mnt2018/lidar/laz/1863_5188.laz,1399,"MULTIPOLYGON (((862868.7862557669 6532502.275229731, 862868.5574719745 6533501.461537046, 863867.7430961914 6533501.6910406975, 863867.9732829034 6532502.504696591, 862868.7862557669 6532502.275229731)))"
ima_gestion_images.imamnt2018laz1kmcc46.1400,1863_5189,https://download.data.grandlyon.com/files/grandlyon/imagerie/mnt2018/lidar/laz/1863_5189.laz,1400,"MULTIPOLYGON (((862868.5574696864 6533501.471529005, 862868.3682107137 6534327.915719934, 863867.5526743663 6534328.1452540215, 863867.7430938893 6533501.701032653, 862868.5574696864 6533501.471529005)))"
ima_gestion_images.imamnt2018laz1kmcc46.1401,1864_5156,https://download.data.grandlyon.com/files/grandlyon/imagerie/mnt2018/lidar/laz/1864_5156.laz,1401,"MULTIPOLYGON (((863875.2510319633 6500871.651248548, 863875.1008952807 6501526.713596682, 864874.3313388305 6501526.9433248015, 864874.4823905479 6500871.880952652, 863875.2510319633 6500871.651248548)))"
ima_gestion_images.imamnt2018laz1kmcc46.1402,1864_5157,https://download.data.grandlyon.com/files/grandlyon/imagerie/mnt2018/lidar/laz/1864_5157.laz,1402,"MULTIPOLYGON (((863875.1008929904 6501526.723589086, 863874.871844535 6502525.953316344, 864874.1008920937 6502526.183081115, 864874.3313365261 6501526.953317207, 863875.1008929904 6501526.723589086)))"
ima_gestion_images.imamnt2018laz1kmcc46.1403,1864_5158,https://download.data.grandlyon.com/files/grandlyon/imagerie/mnt2018/lidar/laz/1864_5158.laz,1403,"MULTIPOLYGON (((863874.8718422444 6502525.963308734, 863874.6427572469 6503525.191639885, 864873.8704085923 6503525.421441314, 864874.1008897892 6502526.193073503, 863874.8718422444 6502525.963308734)))"
ima_gestion_images.imamnt2018laz1kmcc46.1404,1864_5159,https://download.data.grandlyon.com/files/grandlyon/imagerie/mnt2018/lidar/laz/1864_5159.laz,1404,"MULTIPOLYGON (((863874.6427549558 6503525.20163226, 863874.4136334048 6504524.428567081, 864873.6398883143 6504524.658405179, 864873.8704062873 6503525.43143369, 863874.6427549558 6503525.20163226)))"
ima_gestion_images.imamnt2018laz1kmcc46.1405,1864_5160,https://download.data.grandlyon.com/files/grandlyon/imagerie/mnt2018/lidar/laz/1864_5160.laz,1405,"MULTIPOLYGON (((863874.4136311135 6504524.438559441, 863874.184472997 6505523.66409771, 864873.4093312479 6505523.893972491, 864873.6398860088 6504524.668397543, 863874.4136311135 6504524.438559441)))"
ima_gestion_images.imamnt2018laz1kmcc46.1406,1864_5161,https://download.data.grandlyon.com/files/grandlyon/imagerie/mnt2018/lidar/laz/1864_5161.laz,1406,"MULTIPOLYGON (((863874.1844707052 6505523.674090057, 863873.9552760117 6506522.898231548, 864873.1787373812 6506523.128143026, 864873.4093289421 6505523.90396484, 863874.1844707052 6505523.674090057)))"
ima_gestion_images.imamnt2018laz1kmcc46.1407,1864_5162,https://download.data.grandlyon.com/files/grandlyon/imagerie/mnt2018/lidar/laz/1864_5162.laz,1407,"MULTIPOLYGON (((863873.9552737195 6506522.908223884, 863873.7260424373 6507522.130968375, 864872.9481067026 6507522.36091656, 864873.178735075 6506523.138135361, 863873.9552737195 6506522.908223884)))"
ima_gestion_images.imamnt2018laz1kmcc46.1408,1864_5163,https://download.data.grandlyon.com/files/grandlyon/imagerie/mnt2018/lidar/laz/1864_5163.laz,1408,"MULTIPOLYGON (((863873.7260401448 6507522.140960693, 863873.4967722619 6508521.362307966, 864872.7174392003 6508521.592292868, 864872.9481043962 6507522.370908878, 863873.7260401448 6507522.140960693)))"
ima_gestion_images.imamnt2018laz1kmcc46.1409,1864_5164,https://download.data.grandlyon.com/files/grandlyon/imagerie/mnt2018/lidar/laz/1864_5164.laz,1409,"MULTIPOLYGON (((863873.496769969 6508521.372300273, 863873.2674654739 6509520.592250099, 864872.4867348624 6509520.82227173, 864872.7174368935 6508521.602285173, 863873.496769969 6508521.372300273)))"
ima_gestion_images.imamnt2018laz1kmcc46.1410,1864_5165,https://download.data.grandlyon.com/files/grandlyon/imagerie/mnt2018/lidar/laz/1864_5165.laz,1410,"MULTIPOLYGON (((863873.2674631807 6509520.602242392, 863873.0381220615 6510519.820794552, 864872.2559936771 6510520.050852923, 864872.4867325552 6509520.832264023, 863873.2674631807 6509520.602242392)))"
ima_gestion_images.imamnt2018laz1kmcc46.1411,1864_5166,https://download.data.grandlyon.com/files/grandlyon/imagerie/mnt2018/lidar/laz/1864_5166.laz,1411,"MULTIPOLYGON (((863873.0381197679 6510519.830786829, 863872.808742013 6511519.0479411, 864872.0252156325 6511519.278036223, 864872.2559913696 6510520.060845201, 863873.0381197679 6510519.830786829)))"
ima_gestion_images.imamnt2018laz1kmcc46.1412,1864_5167,https://download.data.grandlyon.com/files/grandlyon/imagerie/mnt2018/lidar/laz/1864_5167.laz,1412,"MULTIPOLYGON (((863872.8087397189 6511519.057933364, 863872.5793253166 6512518.273689518, 864871.7944007171 6512518.503821407, 864872.0252133246 6511519.288028488, 863872.8087397189 6511519.057933364)))"
ima_gestion_images.imamnt2018laz1kmcc46.1413,1864_5168,https://download.data.grandlyon.com/files/grandlyon/imagerie/mnt2018/lidar/laz/1864_5168.laz,1413,"MULTIPOLYGON (((863872.5793230222 6512518.283681769, 863872.3498719605 6513517.4980395865, 864871.5635489185 6513517.728208255, 864871.7943984087 6512518.513813658, 863872.5793230222 6512518.283681769)))"
ima_gestion_images.imamnt2018laz1kmcc46.1414,1864_5169,https://download.data.grandlyon.com/files/grandlyon/imagerie/mnt2018/lidar/laz/1864_5169.laz,1414,"MULTIPOLYGON (((863872.3498696656 6513517.508031826, 863872.1203819329 6514516.7209910825, 864871.3326602252 6514516.951196538, 864871.56354661 6513517.738200489, 863872.3498696656 6513517.508031826)))"
ima_gestion_images.imamnt2018laz1kmcc46.1415,1864_5170,https://download.data.grandlyon.com/files/grandlyon/imagerie/mnt2018/lidar/laz/1864_5170.laz,1415,"MULTIPOLYGON (((863872.1203796377 6514516.730983306, 863871.8908552221 6515515.942543781, 864871.1017346258 6515516.1727860365, 864871.3326579162 6514516.961188761, 863872.1203796377 6514516.730983306)))"
ima_gestion_images.imamnt2018laz1kmcc46.1416,1864_5171,https://download.data.grandlyon.com/files/grandlyon/imagerie/mnt2018/lidar/laz/1864_5171.laz,1416,"MULTIPOLYGON (((863871.8908529266 6515515.952535988, 863871.6612918164 6516515.162697459, 864870.8707721075 6516515.392976526, 864871.1017323162 6515516.182778247, 863871.8908529266 6515515.952535988)))"
ima_gestion_images.imamnt2018laz1kmcc46.1417,1864_5172,https://download.data.grandlyon.com/files/grandlyon/imagerie/mnt2018/lidar/laz/1864_5172.laz,1417,"MULTIPOLYGON (((863871.6612895206 6516515.172689654, 863871.431691704 6517514.381451891, 864870.639772659 6517514.611767784, 864870.8707697977 6516515.402968721, 863871.6612895206 6516515.172689654)))"
ima_gestion_images.imamnt2018laz1kmcc46.1418,1864_5173,https://download.data.grandlyon.com/files/grandlyon/imagerie/mnt2018/lidar/laz/1864_5173.laz,1418,"MULTIPOLYGON (((863871.4316894078 6517514.391444073, 863871.2020548729 6518513.598806858, 864870.4087362685 6518513.829159586, 864870.6397703489 6517514.621759966, 863871.4316894078 6517514.391444073)))"
ima_gestion_images.imamnt2018laz1kmcc46.1419,1864_5174,https://download.data.grandlyon.com/files/grandlyon/imagerie/mnt2018/lidar/laz/1864_5174.laz,1419,"MULTIPOLYGON (((863871.2020525764 6518513.608799025, 863870.9723813116 6519512.814762131, 864870.177662924 6519513.045151709, 864870.4087339579 6518513.839151752, 863871.2020525764 6518513.608799025)))"
ima_gestion_images.imamnt2018laz1kmcc46.1420,1864_5175,https://download.data.grandlyon.com/files/grandlyon/imagerie/mnt2018/lidar/laz/1864_5175.laz,1420,"MULTIPOLYGON (((863870.9723790147 6519512.824754284, 863870.7426710081 6520512.029317493, 864556.8828498635 6520512.187397684, 864557.1135192282 6519512.982809191, 863870.9723790147 6519512.824754284)))"
ima_gestion_images.imamnt2018laz1kmcc46.1421,1864_5176,https://download.data.grandlyon.com/files/grandlyon/imagerie/mnt2018/lidar/laz/1864_5176.laz,1421,"MULTIPOLYGON (((863870.7426687108 6520512.039309631, 863870.5129239507 6521511.242472713, 864546.9198117276 6521511.398330985, 864547.1505043613 6520512.195142967, 863870.7426687108 6520512.039309631)))"
ima_gestion_images.imamnt2018laz1kmcc46.1422,1864_5177,https://download.data.grandlyon.com/files/grandlyon/imagerie/mnt2018/lidar/laz/1864_5177.laz,1422,"MULTIPOLYGON (((863870.512921653 6521511.252464838, 863870.2831401273 6522510.454227571, 864556.5612853379 6522510.612390668, 864556.7920287249 6521511.410602627, 863870.512921653 6521511.252464838)))"
ima_gestion_images.imamnt2018laz1kmcc46.1423,1864_5178,https://download.data.grandlyon.com/files/grandlyon/imagerie/mnt2018/lidar/laz/1864_5178.laz,1423,"MULTIPOLYGON (((863870.2831378294 6522510.464219683, 863870.0533195266 6523509.664581845, 864552.9931423836 6523509.821999388, 864553.2239180235 6522510.621612035, 863870.2831378294 6522510.464219683)))"
ima_gestion_images.imamnt2018laz1kmcc46.1424,1864_5179,https://download.data.grandlyon.com/files/grandlyon/imagerie/mnt2018/lidar/laz/1864_5179.laz,1424,"MULTIPOLYGON (((863870.0533172282 6523509.674573939, 863869.8234621364 6524508.873535304, 864558.2080126104 6524509.032236115, 864558.4388328273 6523509.833249346, 863870.0533172282 6523509.674573939)))"
ima_gestion_images.imamnt2018laz1kmcc46.1425,1864_5180,https://download.data.grandlyon.com/files/grandlyon/imagerie/mnt2018/lidar/laz/1864_5180.laz,1425,"MULTIPOLYGON (((863869.8234598377 6524508.883527386, 863869.5935679451 6525508.081087732, 864561.9539965019 6525508.240732858, 864562.1848592504 6524509.043146957, 863869.8234598377 6524508.883527386)))"
ima_gestion_images.imamnt2018laz1kmcc46.1426,1864_5181,https://download.data.grandlyon.com/files/grandlyon/imagerie/mnt2018/lidar/laz/1864_5181.laz,1426,"MULTIPOLYGON (((863869.5935656459 6525508.091079802, 863869.3636369405 6526507.287238901, 864554.9684654593 6526507.445348603, 864555.1993557027 6525508.2491641855, 863869.5935656459 6525508.091079802)))"
ima_gestion_images.imamnt2018laz1kmcc46.1427,1864_5182,https://download.data.grandlyon.com/files/grandlyon/imagerie/mnt2018/lidar/laz/1864_5182.laz,1427,"MULTIPOLYGON (((863869.3636346409 6526507.297230956, 863869.1336691111 6527506.491988586, 864545.1951370214 6527506.647918123, 864545.4260508582 6526507.45313552, 863869.3636346409 6526507.297230956)))"
ima_gestion_images.imamnt2018laz1kmcc46.1428,1864_5183,https://download.data.grandlyon.com/files/grandlyon/imagerie/mnt2018/lidar/laz/1864_5183.laz,1428,"MULTIPOLYGON (((863869.1336668113 6527506.501980625, 863868.9036644449 6528505.695336566, 864561.8507090496 6528505.8551947, 864562.0816835649 6527506.661813159, 863869.1336668113 6527506.501980625)))"
ima_gestion_images.imamnt2018laz1kmcc46.1429,1864_5184,https://download.data.grandlyon.com/files/grandlyon/imagerie/mnt2018/lidar/laz/1864_5184.laz,1429,"MULTIPOLYGON (((863868.9036621448 6528505.705328591, 863868.6736229302 6529504.8972826125, 864554.6053023016 6529505.055544547, 864554.8363039786 6528505.863565174, 863868.9036621448 6528505.705328591)))"
ima_gestion_images.imamnt2018laz1kmcc46.1430,1864_5185,https://download.data.grandlyon.com/files/grandlyon/imagerie/mnt2018/lidar/laz/1864_5185.laz,1430,"MULTIPOLYGON (((863868.6736206296 6529504.907274625, 863868.4435445549 6530504.097826505, 864528.6048967141 6530504.250155241, 864528.8358992413 6529505.059578958, 863868.6736206296 6529504.907274625)))"
ima_gestion_images.imamnt2018laz1kmcc46.1431,1864_5186,https://download.data.grandlyon.com/files/grandlyon/imagerie/mnt2018/lidar/laz/1864_5186.laz,1431,"MULTIPOLYGON (((863868.4435422539 6530504.107818502, 863868.2134293073 6531503.296968017, 864530.6120594172 6531503.449838747, 864530.8431021062 6530504.260664737, 863868.4435422539 6530504.107818502)))"
ima_gestion_images.imamnt2018laz1kmcc46.1432,1864_5187,https://download.data.grandlyon.com/files/grandlyon/imagerie/mnt2018/lidar/laz/1864_5187.laz,1432,"MULTIPOLYGON (((863868.213427006 6531503.306960002, 863867.9832771757 6532502.494706921, 864519.5596732053 6532502.645099422, 864519.7907377358 6531503.457328396, 863868.213427006 6531503.306960002)))"
ima_gestion_images.imamnt2018laz1kmcc46.1433,1864_5188,https://download.data.grandlyon.com/files/grandlyon/imagerie/mnt2018/lidar/laz/1864_5188.laz,1433,"MULTIPOLYGON (((863867.9832748739 6532502.504698892, 863867.7530881478 6533501.691042999, 864512.6239664527 6533501.839908809, 864512.8550586118 6532502.653540839, 863867.9832748739 6532502.504698892)))"
ima_gestion_images.imamnt2018laz1kmcc46.1434,1864_5189,https://download.data.grandlyon.com/files/grandlyon/imagerie/mnt2018/lidar/laz/1864_5189.laz,1434,"MULTIPOLYGON (((863867.7530858457 6533501.701034956, 863867.5847505713 6534232.302515921, 864527.8725399086 6534232.454965844, 864528.0415531555 6533501.853467006, 863867.7530858457 6533501.701034956)))"
ima_gestion_images.imamnt2018laz1kmcc46.1435,1865_5156,https://download.data.grandlyon.com/files/grandlyon/imagerie/mnt2018/lidar/laz/1865_5156.laz,1435,"MULTIPOLYGON (((864874.4950210882 6500860.439641187, 864874.3413312349 6501526.943327108, 865873.5718115373 6501527.174451103, 865873.7264323989 6500860.670740595, 864874.4950210882 6500860.439641187)))"
ima_gestion_images.imamnt2018laz1kmcc46.1436,1865_5157,https://download.data.grandlyon.com/files/grandlyon/imagerie/mnt2018/lidar/laz/1865_5157.laz,1436,"MULTIPOLYGON (((864874.3413289306 6501526.953319512, 864874.1108844844 6502526.183083419, 865873.3399688075 6502526.414244283, 865873.5718092191 6501527.184443508, 864874.3413289306 6501526.953319512)))"
ima_gestion_images.imamnt2018laz1kmcc46.1437,1865_5158,https://download.data.grandlyon.com/files/grandlyon/imagerie/mnt2018/lidar/laz/1865_5158.laz,1437,"MULTIPOLYGON (((864874.1108821797 6502526.193075808, 864873.8804009691 6503525.421443617, 865873.1080890904 6503525.652641365, 865873.3399664889 6502526.424236676, 864874.1108821797 6502526.193075808)))"
ima_gestion_images.imamnt2018laz1kmcc46.1438,1865_5159,https://download.data.grandlyon.com/files/grandlyon/imagerie/mnt2018/lidar/laz/1865_5159.laz,1438,"MULTIPOLYGON (((864873.8803986639 6503525.431435995, 864873.6498806769 6504524.658407486, 865872.8761723744 6504524.889642127, 865873.1080867716 6503525.662633741, 864873.8803986639 6503525.431435995)))"
ima_gestion_images.imamnt2018laz1kmcc46.1439,1865_5160,https://download.data.grandlyon.com/files/grandlyon/imagerie/mnt2018/lidar/laz/1865_5160.laz,1439,"MULTIPOLYGON (((864873.6498783715 6504524.66839985, 864873.4193235965 6505523.893974799, 865872.6442186473 6505524.125246343, 865872.876170055 6504524.899634489, 864873.6498783715 6504524.66839985)))"
ima_gestion_images.imamnt2018laz1kmcc46.1440,1865_5161,https://download.data.grandlyon.com/files/grandlyon/imagerie/mnt2018/lidar/laz/1865_5161.laz,1440,"MULTIPOLYGON (((864873.4193212909 6505523.903967145, 864873.1887297159 6506523.1281453315, 865872.4122278971 6506523.359453795, 865872.6442163275 6505524.135238692, 864873.4193212909 6505523.903967145)))"
ima_gestion_images.imamnt2018laz1kmcc46.1441,1865_5162,https://download.data.grandlyon.com/files/grandlyon/imagerie/mnt2018/lidar/laz/1865_5162.laz,1441,"MULTIPOLYGON (((864873.1887274098 6506523.138137666, 864872.9580990234 6507522.360918862, 865872.1802001123 6507522.5922642555, 865872.4122255769 6506523.369446131, 864873.1887274098 6506523.138137666)))"
ima_gestion_images.imamnt2018laz1kmcc46.1442,1865_5163,https://download.data.grandlyon.com/files/grandlyon/imagerie/mnt2018/lidar/laz/1865_5163.laz,1442,"MULTIPOLYGON (((864872.958096717 6507522.370911185, 864872.7274315072 6508521.592295173, 865871.9481352807 6508521.823677505, 865872.1801977918 6507522.602256577, 864872.958096717 6507522.370911185)))"
ima_gestion_images.imamnt2018laz1kmcc46.1443,1865_5164,https://download.data.grandlyon.com/files/grandlyon/imagerie/mnt2018/lidar/laz/1865_5164.laz,1443,"MULTIPOLYGON (((864872.7274292002 6508521.602287482, 864872.4967271553 6509520.822274036, 865871.7160333908 6509521.0536933215, 865871.94813296 6508521.833669812, 864872.7274292002 6508521.602287482)))"
ima_gestion_images.imamnt2018laz1kmcc46.1444,1865_5165,https://download.data.grandlyon.com/files/grandlyon/imagerie/mnt2018/lidar/laz/1865_5165.laz,1444,"MULTIPOLYGON (((864872.496724848 6509520.832266329, 864872.265985956 6510520.05085523, 865871.4838944305 6510520.282311479, 865871.7160310696 6509521.063685614, 864872.496724848 6509520.832266329)))"
ima_gestion_images.imamnt2018laz1kmcc46.1445,1865_5166,https://download.data.grandlyon.com/files/grandlyon/imagerie/mnt2018/lidar/laz/1865_5166.laz,1445,"MULTIPOLYGON (((864872.2659836484 6510520.06084751, 864872.0352078974 6511519.278038531, 865871.2517183877 6511519.509531758, 865871.4838921088 6510520.292303759, 864872.2659836484 6510520.06084751)))"
ima_gestion_images.imamnt2018laz1kmcc46.1446,1865_5167,https://download.data.grandlyon.com/files/grandlyon/imagerie/mnt2018/lidar/laz/1865_5167.laz,1446,"MULTIPOLYGON (((864872.0352055894 6511519.288030795, 864871.8043929678 6512518.503823717, 865871.0195052508 6512518.73535393, 865871.2517160658 6511519.519524021, 864872.0352055894 6511519.288030795)))"
ima_gestion_images.imamnt2018laz1kmcc46.1447,1865_5168,https://download.data.grandlyon.com/files/grandlyon/imagerie/mnt2018/lidar/laz/1865_5168.laz,1447,"MULTIPOLYGON (((864871.8043906596 6512518.513815967, 864871.5735411554 6513517.728210563, 865870.7872550079 6513517.959777777, 865871.0195029285 6512518.745346183, 864871.8043906596 6512518.513815967)))"
ima_gestion_images.imamnt2018laz1kmcc46.1448,1865_5169,https://download.data.grandlyon.com/files/grandlyon/imagerie/mnt2018/lidar/laz/1865_5169.laz,1448,"MULTIPOLYGON (((864871.5735388466 6513517.7382028, 864871.3426524482 6514516.951198846, 865870.554967647 6514517.182803073, 865870.7872526853 6513517.969770014, 864871.5735388466 6513517.7382028)))"
ima_gestion_images.imamnt2018laz1kmcc46.1449,1865_5170,https://download.data.grandlyon.com/files/grandlyon/imagerie/mnt2018/lidar/laz/1865_5170.laz,1449,"MULTIPOLYGON (((864871.3426501391 6514516.961191069, 864871.1117268346 6515516.172788345, 865870.322643156 6515516.404429596, 865870.5549653239 6514517.192795296, 864871.3426501391 6514516.961191069)))"
ima_gestion_images.imamnt2018laz1kmcc46.1450,1865_5171,https://download.data.grandlyon.com/files/grandlyon/imagerie/mnt2018/lidar/laz/1865_5171.laz,1450,"MULTIPOLYGON (((864871.111724525 6515516.1827805545, 864870.8807643023 6516515.392978836, 865870.0902815233 6516515.624657122, 865870.3226408327 6515516.414421805, 864871.111724525 6515516.1827805545)))"
ima_gestion_images.imamnt2018laz1kmcc46.1451,1865_5172,https://download.data.grandlyon.com/files/grandlyon/imagerie/mnt2018/lidar/laz/1865_5172.laz,1451,"MULTIPOLYGON (((864870.8807619925 6516515.402971031, 864870.64976484 6517514.611770094, 865869.8578827368 6517514.843485428, 865870.0902791994 6516515.634649317, 864870.8807619925 6516515.402971031)))"
ima_gestion_images.imamnt2018laz1kmcc46.1452,1865_5173,https://download.data.grandlyon.com/files/grandlyon/imagerie/mnt2018/lidar/laz/1865_5173.laz,1452,"MULTIPOLYGON (((864870.6497625298 6517514.621762276, 864870.4187284354 6518513.829161895, 865869.6254467847 6518514.060914288, 865869.8578804126 6517514.853477608, 864870.6497625298 6517514.621762276)))"
ima_gestion_images.imamnt2018laz1kmcc46.1453,1865_5174,https://download.data.grandlyon.com/files/grandlyon/imagerie/mnt2018/lidar/laz/1865_5174.laz,1453,"MULTIPOLYGON (((864870.4187261249 6518513.839154063, 864870.2767659636 6519127.727648955, 865869.4826243479 6519127.959424121, 865869.6254444601 6518514.070906457, 864870.4187261249 6518513.839154063)))"
ima_gestion_images.imamnt2018laz1kmcc46.1454,1866_5156,https://download.data.grandlyon.com/files/grandlyon/imagerie/mnt2018/lidar/laz/1866_5156.laz,1454,"MULTIPOLYGON (((865873.7395355605 6500847.2609229, 865873.5818039423 6501527.1744534215, 866872.8123212196 6501527.40697328, 866872.9710025686 6500847.493417528, 865873.7395355605 6500847.2609229)))"
ima_gestion_images.imamnt2018laz1kmcc46.1455,1866_5157,https://download.data.grandlyon.com/files/grandlyon/imagerie/mnt2018/lidar/laz/1866_5157.laz,1455,"MULTIPOLYGON (((865873.5818016239 6501527.184445825, 865873.3499611985 6502526.414246602, 866872.5790825087 6502526.646803554, 866872.8123188873 6501527.416965686, 865873.5818016239 6501527.184445825)))"
ima_gestion_images.imamnt2018laz1kmcc46.1456,1866_5158,https://download.data.grandlyon.com/files/grandlyon/imagerie/mnt2018/lidar/laz/1866_5158.laz,1456,"MULTIPOLYGON (((865873.3499588799 6502526.424238992, 865873.1180814676 6503525.652643683, 866872.345806588 6503525.8852377385, 866872.5790801762 6502526.656795944, 865873.3499588799 6502526.424238992)))"
ima_gestion_images.imamnt2018laz1kmcc46.1457,1866_5159,https://download.data.grandlyon.com/files/grandlyon/imagerie/mnt2018/lidar/laz/1866_5159.laz,1457,"MULTIPOLYGON (((865873.1180791486 6503525.66263606, 865872.8861647374 6504524.889644445, 866872.1124934455 6504525.122275615, 866872.345804255 6503525.895230116, 865873.1180791486 6503525.66263606)))"
ima_gestion_images.imamnt2018laz1kmcc46.1458,1866_5160,https://download.data.grandlyon.com/files/grandlyon/imagerie/mnt2018/lidar/laz/1866_5160.laz,1458,"MULTIPOLYGON (((865872.886162418 6504524.899636809, 865872.6542109962 6505524.125248663, 866871.8791430695 6505524.357916959, 866872.1124911122 6504525.132267979, 865872.886162418 6504524.899636809)))"
ima_gestion_images.imamnt2018laz1kmcc46.1459,1866_5161,https://download.data.grandlyon.com/files/grandlyon/imagerie/mnt2018/lidar/laz/1866_5161.laz,1459,"MULTIPOLYGON (((865872.6542086764 6505524.135241011, 865872.4222202322 6506523.359456112, 866871.6457554477 6506523.592161554, 866871.8791407358 6505524.367909309, 865872.6542086764 6505524.135241011)))"
ima_gestion_images.imamnt2018laz1kmcc46.1460,1866_5162,https://download.data.grandlyon.com/files/grandlyon/imagerie/mnt2018/lidar/laz/1866_5162.laz,1460,"MULTIPOLYGON (((865872.4222179122 6506523.36944845, 865872.1901924334 6507522.592266575, 866871.4123305684 6507522.825009166, 866871.6457531136 6506523.602153889, 865872.4222179122 6506523.36944845)))"
ima_gestion_images.imamnt2018laz1kmcc46.1461,1866_5163,https://download.data.grandlyon.com/files/grandlyon/imagerie/mnt2018/lidar/laz/1866_5163.laz,1461,"MULTIPOLYGON (((865872.1901901129 6507522.6022588955, 865871.9581275879 6508521.823679827, 866871.1788684197 6508522.056459581, 866871.4123282341 6507522.835001487, 865872.1901901129 6507522.6022588955)))"
ima_gestion_images.imamnt2018laz1kmcc46.1462,1866_5164,https://download.data.grandlyon.com/files/grandlyon/imagerie/mnt2018/lidar/laz/1866_5164.laz,1462,"MULTIPOLYGON (((865871.9581252672 6508521.833672133, 865871.726025684 6509521.053695642, 866870.9453689896 6509521.28651257, 866871.178866085 6508522.066451888, 865871.9581252672 6508521.833672133)))"
ima_gestion_images.imamnt2018laz1kmcc46.1463,1866_5165,https://download.data.grandlyon.com/files/grandlyon/imagerie/mnt2018/lidar/laz/1866_5165.laz,1463,"MULTIPOLYGON (((865871.7260233627 6509521.063687937, 865871.4938867096 6510520.2823138, 866870.7118322661 6510520.515167919, 866870.9453666544 6509521.2965048645, 865871.7260233627 6509521.063687937)))"
ima_gestion_images.imamnt2018laz1kmcc46.1464,1866_5166,https://download.data.grandlyon.com/files/grandlyon/imagerie/mnt2018/lidar/laz/1866_5166.laz,1464,"MULTIPOLYGON (((865871.4938843881 6510520.29230608, 865871.2617106528 6511519.5095340805, 866870.478258237 6511519.742425396, 866870.7118299304 6510520.525160198, 865871.4938843881 6510520.29230608)))"
ima_gestion_images.imamnt2018laz1kmcc46.1465,1866_5167,https://download.data.grandlyon.com/files/grandlyon/imagerie/mnt2018/lidar/laz/1866_5167.laz,1465,"MULTIPOLYGON (((865871.2617083311 6511519.519526344, 865871.029497502 6512518.735356253, 866870.2446468908 6512518.968284779, 866870.4782559011 6511519.75241766, 865871.2617083311 6511519.519526344)))"
ima_gestion_images.imamnt2018laz1kmcc46.1466,1866_5168,https://download.data.grandlyon.com/files/grandlyon/imagerie/mnt2018/lidar/laz/1866_5168.laz,1466,"MULTIPOLYGON (((865871.0294951798 6512518.745348504, 865870.7972472452 6513517.959780099, 866870.0109982153 6513518.19274585, 866870.2446445544 6512518.978277033, 865871.0294951798 6512518.745348504)))"
ima_gestion_images.imamnt2018laz1kmcc46.1467,1866_5169,https://download.data.grandlyon.com/files/grandlyon/imagerie/mnt2018/lidar/laz/1866_5169.laz,1467,"MULTIPOLYGON (((865870.7972449225 6513517.969772339, 865870.5649598702 6514517.182805398, 866869.7773121985 6514517.415808381, 866870.0109958786 6513518.202738088, 865870.7972449225 6513517.969772339)))"
ima_gestion_images.imamnt2018laz1kmcc46.1468,1866_5170,https://download.data.grandlyon.com/files/grandlyon/imagerie/mnt2018/lidar/laz/1866_5170.laz,1468,"MULTIPOLYGON (((865870.5649575471 6514517.192797617, 865870.3326353653 6515516.40443192, 866869.5435888284 6515516.637472153, 866869.7773098613 6514517.425800607, 865870.5649575471 6514517.192797617)))"
ima_gestion_images.imamnt2018laz1kmcc46.1469,1866_5171,https://download.data.grandlyon.com/files/grandlyon/imagerie/mnt2018/lidar/laz/1866_5171.laz,1469,"MULTIPOLYGON (((865870.3326330419 6515516.414424127, 865870.1002737186 6516515.624659445, 866869.3098280929 6516515.857736938, 866869.5435864909 6515516.647464364, 865870.3326330419 6515516.414424127)))"
ima_gestion_images.imamnt2018laz1kmcc46.1470,1866_5172,https://download.data.grandlyon.com/files/grandlyon/imagerie/mnt2018/lidar/laz/1866_5172.laz,1470,"MULTIPOLYGON (((865870.1002713947 6516515.634651641, 865869.8678749182 6517514.843487752, 866869.0760299804 6517515.076602515, 866869.3098257552 6516515.867729133, 865870.1002713947 6516515.634651641)))"
ima_gestion_images.imamnt2018laz1kmcc46.1471,1866_5173,https://download.data.grandlyon.com/files/grandlyon/imagerie/mnt2018/lidar/laz/1866_5173.laz,1471,"MULTIPOLYGON (((865869.8678725939 6517514.853479933, 865869.635438952 6518514.060916613, 866868.8421944784 6518514.294068661, 866869.0760276421 6517515.086594696, 865869.8678725939 6517514.853479933)))"
ima_gestion_images.imamnt2018laz1kmcc46.1472,1866_5174,https://download.data.grandlyon.com/files/grandlyon/imagerie/mnt2018/lidar/laz/1866_5174.laz,1472,"MULTIPOLYGON (((865869.6354366273 6518514.070908781, 865869.4783609228 6519189.2313409075, 866868.6841706564 6519189.464518153, 866868.8421921398 6518514.304060828, 865869.6354366273 6518514.070908781)))"
ima_gestion_images.imamnt2018laz1kmcc46.1473,1867_5156,https://download.data.grandlyon.com/files/grandlyon/imagerie/mnt2018/lidar/laz/1867_5156.laz,1473,"MULTIPOLYGON (((866872.9590884983 6500941.362158144, 866872.8223136249 6501527.406975611, 867872.0528680999 6501527.640891319, 867872.1904615836 6500941.596051972, 866872.9590884983 6500941.362158144)))"
ima_gestion_images.imamnt2018laz1kmcc46.1474,1867_5157,https://download.data.grandlyon.com/files/grandlyon/imagerie/mnt2018/lidar/laz/1867_5157.laz,1474,"MULTIPOLYGON (((866872.8223112926 6501527.416968017, 866872.5890749 6502526.646805884, 867871.8182334196 6502526.880758909, 867872.0528657536 6501527.650883727, 866872.8223112926 6501527.416968017)))"
ima_gestion_images.imamnt2018laz1kmcc46.1475,1867_5158,https://download.data.grandlyon.com/files/grandlyon/imagerie/mnt2018/lidar/laz/1867_5158.laz,1475,"MULTIPOLYGON (((866872.5890725675 6502526.656798275, 866872.3557989653 6503525.8852400705, 867871.5835613072 6503526.11923042, 867871.8182310731 6502526.8907512985, 866872.5890725675 6502526.656798275)))"
ima_gestion_images.imamnt2018laz1kmcc46.1476,1867_5159,https://download.data.grandlyon.com/files/grandlyon/imagerie/mnt2018/lidar/laz/1867_5159.laz,1476,"MULTIPOLYGON (((866872.3557966324 6503525.895232447, 866872.1224858089 6504525.12227795, 867871.3488517504 6504525.356305637, 867871.5835589602 6503526.129222798, 866872.3557966324 6503525.895232447)))"
ima_gestion_images.imamnt2018laz1kmcc46.1477,1867_5160,https://download.data.grandlyon.com/files/grandlyon/imagerie/mnt2018/lidar/laz/1867_5160.laz,1477,"MULTIPOLYGON (((866872.1224834756 6504525.132270313, 866871.8891354189 6505524.357919294, 867871.1141047373 6505524.591984334, 867871.3488494031 6504525.366297999, 866872.1224834756 6504525.132270313)))"
ima_gestion_images.imamnt2018laz1kmcc46.1478,1867_5161,https://download.data.grandlyon.com/files/grandlyon/imagerie/mnt2018/lidar/laz/1867_5161.laz,1478,"MULTIPOLYGON (((866871.8891330851 6505524.367911643, 866871.6557477833 6506523.592163887, 867870.879320256 6506523.826266289, 867871.1141023897 6505524.6019766815, 866871.8891330851 6505524.367911643)))"
ima_gestion_images.imamnt2018laz1kmcc46.1479,1867_5162,https://download.data.grandlyon.com/files/grandlyon/imagerie/mnt2018/lidar/laz/1867_5162.laz,1479,"MULTIPOLYGON (((866871.6557454491 6506523.602156221, 866871.42232289 6507522.8250115, 867870.6444982942 6507523.059151275, 867870.8793179078 6506523.836258625, 866871.6557454491 6506523.602156221)))"
ima_gestion_images.imamnt2018laz1kmcc46.1480,1867_5163,https://download.data.grandlyon.com/files/grandlyon/imagerie/mnt2018/lidar/laz/1867_5163.laz,1480,"MULTIPOLYGON (((866871.4223205555 6507522.835003823, 866871.1888607272 6508522.056461916, 867870.40963884 6508522.290639079, 867870.6444959458 6507523.069143598, 866871.4223205555 6507522.835003823)))"
ima_gestion_images.imamnt2018laz1kmcc46.1481,1867_5164,https://download.data.grandlyon.com/files/grandlyon/imagerie/mnt2018/lidar/laz/1867_5164.laz,1481,"MULTIPOLYGON (((866871.1888583924 6508522.066454223, 866870.955361283 6509521.286514909, 867870.1747418817 6509521.520729468, 867870.4096364912 6508522.300631386, 866871.1888583924 6508522.066454223)))"
ima_gestion_images.imamnt2018laz1kmcc46.1482,1867_5165,https://download.data.grandlyon.com/files/grandlyon/imagerie/mnt2018/lidar/laz/1867_5165.laz,1482,"MULTIPOLYGON (((866870.955358948 6509521.2965072, 866870.7218245456 6510520.515170252, 867869.939807407 6510520.749422225, 867870.1747395326 6509521.530721761, 866870.955358948 6509521.2965072)))"
ima_gestion_images.imamnt2018laz1kmcc46.1483,1867_5166,https://download.data.grandlyon.com/files/grandlyon/imagerie/mnt2018/lidar/laz/1867_5166.laz,1483,"MULTIPOLYGON (((866870.72182221 6510520.525162533, 866870.4882505026 6511519.742427731, 867869.7048354038 6511519.976717124, 867869.9398050574 6510520.759414503, 866870.72182221 6510520.525162533)))"
ima_gestion_images.imamnt2018laz1kmcc46.1484,1867_5167,https://download.data.grandlyon.com/files/grandlyon/imagerie/mnt2018/lidar/laz/1867_5167.laz,1484,"MULTIPOLYGON (((866870.4882481666 6511519.752419997, 866870.2546391424 6512518.968287114, 867869.4698258601 6512519.202613946, 867869.7048330538 6511519.986709391, 866870.4882481666 6511519.752419997)))"
ima_gestion_images.imamnt2018laz1kmcc46.1485,1867_5168,https://download.data.grandlyon.com/files/grandlyon/imagerie/mnt2018/lidar/laz/1867_5168.laz,1485,"MULTIPOLYGON (((866870.2546368061 6512518.978279369, 866870.0209904528 6513518.192748189, 867869.234778764 6513518.427112461, 867869.4698235099 6512519.212606196, 866870.2546368061 6512518.978279369)))"
ima_gestion_images.imamnt2018laz1kmcc46.1486,1867_5169,https://download.data.grandlyon.com/files/grandlyon/imagerie/mnt2018/lidar/laz/1867_5169.laz,1486,"MULTIPOLYGON (((866870.0209881163 6513518.202740424, 866869.7873044221 6514517.415810718, 867868.9996941031 6514517.650212452, 867869.2347764133 6513518.437104701, 866870.0209881163 6513518.202740424)))"
ima_gestion_images.imamnt2018laz1kmcc46.1487,1867_5170,https://download.data.grandlyon.com/files/grandlyon/imagerie/mnt2018/lidar/laz/1867_5170.laz,1487,"MULTIPOLYGON (((866869.787302085 6514517.425802941, 866869.5535810379 6515516.637474489, 867868.7645718658 6515516.871913695, 867868.9996917523 6514517.660204675, 866869.787302085 6514517.425802941)))"
ima_gestion_images.imamnt2018laz1kmcc46.1488,1867_5171,https://download.data.grandlyon.com/files/grandlyon/imagerie/mnt2018/lidar/laz/1867_5171.laz,1488,"MULTIPOLYGON (((866869.5535787006 6515516.647466698, 866869.3198202886 6516515.857739273, 867868.5294120398 6516516.092215961, 867868.7645695144 6515516.881905904, 866869.5535787006 6515516.647466698)))"
ima_gestion_images.imamnt2018laz1kmcc46.1489,1867_5172,https://download.data.grandlyon.com/files/grandlyon/imagerie/mnt2018/lidar/laz/1867_5172.laz,1489,"MULTIPOLYGON (((866869.3198179508 6516515.867731472, 866869.0860221619 6517515.076604853, 867868.294214613 6517515.311119035, 867868.529409688 6516516.102208158, 866869.3198179508 6516515.867731472)))"
ima_gestion_images.imamnt2018laz1kmcc46.1490,1867_5173,https://download.data.grandlyon.com/files/grandlyon/imagerie/mnt2018/lidar/laz/1867_5173.laz,1490,"MULTIPOLYGON (((866869.0860198238 6517515.086597035, 866868.8521866461 6518514.294070998, 867868.0589795735 6518514.528622685, 867868.2942122609 6517515.321111216, 866869.0860198238 6517515.086597035)))"
ima_gestion_images.imamnt2018laz1kmcc46.1491,1867_5174,https://download.data.grandlyon.com/files/grandlyon/imagerie/mnt2018/lidar/laz/1867_5174.laz,1491,"MULTIPOLYGON (((866868.8521843075 6518514.3040631665, 866868.6917187718 6519199.906325741, 867867.8975512866 6519200.140903169, 867868.0589772209 6518514.538614853, 866868.8521843075 6518514.3040631665)))"
ima_gestion_images.imamnt2018laz1kmcc46.1492,1868_5156,https://download.data.grandlyon.com/files/grandlyon/imagerie/mnt2018/lidar/laz/1868_5156.laz,1492,"MULTIPOLYGON (((867872.2097532756 6500901.986124753, 867872.0628605054 6501527.640893665, 868871.2934524004 6501527.876205212, 868871.4412190993 6500902.221412801, 867872.2097532756 6500901.986124753)))"
ima_gestion_images.imamnt2018laz1kmcc46.1493,1868_5157,https://download.data.grandlyon.com/files/grandlyon/imagerie/mnt2018/lidar/laz/1868_5157.laz,1493,"MULTIPOLYGON (((867872.0628581593 6501527.650886072, 867871.8282258114 6502526.880761254, 868871.0574217628 6502527.11611034, 868871.2934500403 6501527.886197618, 867872.0628581593 6501527.650886072)))"
ima_gestion_images.imamnt2018laz1kmcc46.1494,1868_5158,https://download.data.grandlyon.com/files/grandlyon/imagerie/mnt2018/lidar/laz/1868_5158.laz,1494,"MULTIPOLYGON (((867871.8282234648 6502526.890753647, 867871.5935536849 6503526.119232766, 868870.8213534706 6503526.354619401, 868871.0574194023 6502527.126102729, 867871.8282234648 6502526.890753647)))"
ima_gestion_images.imamnt2018laz1kmcc46.1495,1868_5159,https://download.data.grandlyon.com/files/grandlyon/imagerie/mnt2018/lidar/laz/1868_5159.laz,1495,"MULTIPOLYGON (((867871.593551338 6503526.129225144, 867871.3588441141 6504525.356307983, 868870.5852475114 6504525.591732179, 868870.8213511097 6503526.364611778, 867871.593551338 6503526.129225144)))"
ima_gestion_images.imamnt2018laz1kmcc46.1496,1868_5160,https://download.data.grandlyon.com/files/grandlyon/imagerie/mnt2018/lidar/laz/1868_5160.laz,1496,"MULTIPOLYGON (((867871.3588417668 6504525.366300347, 867871.1240970871 6505524.591986682, 868870.3491038734 6505524.827448447, 868870.5852451501 6504525.601724544, 867871.3588417668 6504525.366300347)))"
ima_gestion_images.imamnt2018laz1kmcc46.1497,1868_5161,https://download.data.grandlyon.com/files/grandlyon/imagerie/mnt2018/lidar/laz/1868_5161.laz,1497,"MULTIPOLYGON (((867871.1240947393 6505524.601979033, 867870.8893125916 6506523.826268637, 868870.1129225444 6506524.061767987, 868870.3491015118 6505524.837440797, 867871.1240947393 6505524.601979033)))"
ima_gestion_images.imamnt2018laz1kmcc46.1498,1868_5162,https://download.data.grandlyon.com/files/grandlyon/imagerie/mnt2018/lidar/laz/1868_5162.laz,1498,"MULTIPOLYGON (((867870.8893102437 6506523.836260972, 867870.654490616 6507523.059153624, 868869.8767035122 6507523.294690574, 868870.1129201824 6506524.071760322, 867870.8893102437 6506523.836260972)))"
ima_gestion_images.imamnt2018laz1kmcc46.1499,1868_5163,https://download.data.grandlyon.com/files/grandlyon/imagerie/mnt2018/lidar/laz/1868_5163.laz,1499,"MULTIPOLYGON (((867870.6544882676 6507523.069145945, 867870.419631148 6508522.290641426, 868869.640446765 6508522.5262159845, 868869.8767011499 6507523.304682896, 867870.6544882676 6507523.069145945)))"
ima_gestion_images.imamnt2018laz1kmcc46.1500,1868_5164,https://download.data.grandlyon.com/files/grandlyon/imagerie/mnt2018/lidar/laz/1868_5164.laz,1500,"MULTIPOLYGON (((867870.4196287992 6508522.300633734, 867870.1847341757 6509521.520731818, 868869.4041522903 6509521.756343997, 868869.6404444021 6508522.536208292, 867870.4196287992 6508522.300633734)))"
ima_gestion_images.imamnt2018laz1kmcc46.1501,1868_5165,https://download.data.grandlyon.com/files/grandlyon/imagerie/mnt2018/lidar/laz/1868_5165.laz,1501,"MULTIPOLYGON (((867870.1847318267 6509521.530724111, 867869.9497996869 6510520.749424573, 868869.1678200763 6510520.985074389, 868869.4041499272 6509521.766336291, 867870.1847318267 6509521.530724111)))"
ima_gestion_images.imamnt2018laz1kmcc46.1502,1868_5166,https://download.data.grandlyon.com/files/grandlyon/imagerie/mnt2018/lidar/laz/1868_5166.laz,1502,"MULTIPOLYGON (((867869.9497973374 6510520.759416854, 867869.7148276698 6511519.9767194735, 868868.9314501109 6511520.212406935, 868869.1678177128 6510520.995066668, 867869.9497973374 6510520.759416854)))"
ima_gestion_images.imamnt2018laz1kmcc46.1503,1868_5167,https://download.data.grandlyon.com/files/grandlyon/imagerie/mnt2018/lidar/laz/1868_5167.laz,1503,"MULTIPOLYGON (((867869.7148253198 6511519.98671174, 867869.4798181121 6512519.202616294, 868868.695042382 6512519.43834141, 868868.931447747 6511520.222399198, 867869.7148253198 6511519.98671174)))"
ima_gestion_images.imamnt2018laz1kmcc46.1504,1868_5168,https://download.data.grandlyon.com/files/grandlyon/imagerie/mnt2018/lidar/laz/1868_5168.laz,1504,"MULTIPOLYGON (((867869.4798157618 6512519.212608547, 867869.244771002 6513518.427114812, 868868.4585968772 6513518.662877599, 868868.6950400176 6512519.448333665, 867869.4798157618 6512519.212608547)))"
ima_gestion_images.imamnt2018laz1kmcc46.1505,1868_5169,https://download.data.grandlyon.com/files/grandlyon/imagerie/mnt2018/lidar/laz/1868_5169.laz,1505,"MULTIPOLYGON (((867869.2447686512 6513518.43710705, 867869.0096863272 6514517.650214803, 868868.2221135846 6514517.886015274, 868868.4585945125 6513518.672869838, 867869.2447686512 6513518.43710705)))"
ima_gestion_images.imamnt2018laz1kmcc46.1506,1868_5170,https://download.data.grandlyon.com/files/grandlyon/imagerie/mnt2018/lidar/laz/1868_5170.laz,1506,"MULTIPOLYGON (((867869.0096839762 6514517.660207027, 867868.774564076 6515516.8719160445, 868867.985592492 6515517.107754208, 868868.2221112195 6514517.896007497, 867869.0096839762 6514517.660207027)))"
ima_gestion_images.imamnt2018laz1kmcc46.1507,1868_5171,https://download.data.grandlyon.com/files/grandlyon/imagerie/mnt2018/lidar/laz/1868_5171.laz,1507,"MULTIPOLYGON (((867868.7745617244 6515516.881908255, 867868.5394042359 6516516.092218314, 868867.7490335874 6516516.3280941835, 868867.9855901267 6515517.117746419, 867868.7745617244 6515516.881908255)))"
ima_gestion_images.imamnt2018laz1kmcc46.1508,1868_5172,https://download.data.grandlyon.com/files/grandlyon/imagerie/mnt2018/lidar/laz/1868_5172.laz,1508,"MULTIPOLYGON (((867868.5394018841 6516516.1022105105, 867868.3042067952 6517515.3111213865, 868867.5124368586 6517515.547034975, 868867.7490312216 6516516.338086379, 867868.5394018841 6516516.1022105105)))"
ima_gestion_images.imamnt2018laz1kmcc46.1509,1868_5173,https://download.data.grandlyon.com/files/grandlyon/imagerie/mnt2018/lidar/laz/1868_5173.laz,1509,"MULTIPOLYGON (((867868.3042044429 6517515.321113569, 867868.0689717415 6518514.528625039, 868867.2758022934 6518514.764576356, 868867.5124344925 6517515.557027156, 867868.3042044429 6517515.321113569)))"
ima_gestion_images.imamnt2018laz1kmcc46.1510,1868_5174,https://download.data.grandlyon.com/files/grandlyon/imagerie/mnt2018/lidar/laz/1868_5174.laz,1510,"MULTIPOLYGON (((867868.068969389 6518514.538617205, 867867.8996144984 6519233.814478653, 868867.1054374734 6519234.050457138, 868867.2757999268 6518514.774568524, 867868.068969389 6518514.538617205)))"
