nom;x_min;y_min;x_max;y_max;url;fichier_brut;gid
1830_5151_08_IR_CC46.tif;1830000;5151000;1831000;5152000;https://download.data.grandlyon.com/files/grandlyon/imagerie/ortho2018/infrarouge/GeoTiff_YcBcR/1km_8cm_CC46/1830_5151_08_IR_CC46.tif;https://download.data.grandlyon.com/files/grandlyon/imagerie/ortho2018/infrarouge/tif/1km_8cm_CC46/1830_5151_08_IR_CC46.tif;1
1830_5152_08_IR_CC46.tif;1830000;5152000;1831000;5153000;https://download.data.grandlyon.com/files/grandlyon/imagerie/ortho2018/infrarouge/GeoTiff_YcBcR/1km_8cm_CC46/1830_5152_08_IR_CC46.tif;https://download.data.grandlyon.com/files/grandlyon/imagerie/ortho2018/infrarouge/tif/1km_8cm_CC46/1830_5152_08_IR_CC46.tif;2
1830_5153_08_IR_CC46.tif;1830000;5153000;1831000;5154000;https://download.data.grandlyon.com/files/grandlyon/imagerie/ortho2018/infrarouge/GeoTiff_YcBcR/1km_8cm_CC46/1830_5153_08_IR_CC46.tif;https://download.data.grandlyon.com/files/grandlyon/imagerie/ortho2018/infrarouge/tif/1km_8cm_CC46/1830_5153_08_IR_CC46.tif;3
1830_5154_08_IR_CC46.tif;1830000;5154000;1831000;5155000;https://download.data.grandlyon.com/files/grandlyon/imagerie/ortho2018/infrarouge/GeoTiff_YcBcR/1km_8cm_CC46/1830_5154_08_IR_CC46.tif;https://download.data.grandlyon.com/files/grandlyon/imagerie/ortho2018/infrarouge/tif/1km_8cm_CC46/1830_5154_08_IR_CC46.tif;4
1830_5155_08_IR_CC46.tif;1830000;5155000;1831000;5156000;https://download.data.grandlyon.com/files/grandlyon/imagerie/ortho2018/infrarouge/GeoTiff_YcBcR/1km_8cm_CC46/1830_5155_08_IR_CC46.tif;https://download.data.grandlyon.com/files/grandlyon/imagerie/ortho2018/infrarouge/tif/1km_8cm_CC46/1830_5155_08_IR_CC46.tif;5
1830_5156_08_IR_CC46.tif;1830000;5156000;1831000;5157000;https://download.data.grandlyon.com/files/grandlyon/imagerie/ortho2018/infrarouge/GeoTiff_YcBcR/1km_8cm_CC46/1830_5156_08_IR_CC46.tif;https://download.data.grandlyon.com/files/grandlyon/imagerie/ortho2018/infrarouge/tif/1km_8cm_CC46/1830_5156_08_IR_CC46.tif;6
1830_5157_08_IR_CC46.tif;1830000;5157000;1831000;5158000;https://download.data.grandlyon.com/files/grandlyon/imagerie/ortho2018/infrarouge/GeoTiff_YcBcR/1km_8cm_CC46/1830_5157_08_IR_CC46.tif;https://download.data.grandlyon.com/files/grandlyon/imagerie/ortho2018/infrarouge/tif/1km_8cm_CC46/1830_5157_08_IR_CC46.tif;7
1830_5158_08_IR_CC46.tif;1830000;5158000;1831000;5159000;https://download.data.grandlyon.com/files/grandlyon/imagerie/ortho2018/infrarouge/GeoTiff_YcBcR/1km_8cm_CC46/1830_5158_08_IR_CC46.tif;https://download.data.grandlyon.com/files/grandlyon/imagerie/ortho2018/infrarouge/tif/1km_8cm_CC46/1830_5158_08_IR_CC46.tif;8
1830_5159_08_IR_CC46.tif;1830000;5159000;1831000;5160000;https://download.data.grandlyon.com/files/grandlyon/imagerie/ortho2018/infrarouge/GeoTiff_YcBcR/1km_8cm_CC46/1830_5159_08_IR_CC46.tif;https://download.data.grandlyon.com/files/grandlyon/imagerie/ortho2018/infrarouge/tif/1km_8cm_CC46/1830_5159_08_IR_CC46.tif;9
1830_5160_08_IR_CC46.tif;1830000;5160000;1831000;5161000;https://download.data.grandlyon.com/files/grandlyon/imagerie/ortho2018/infrarouge/GeoTiff_YcBcR/1km_8cm_CC46/1830_5160_08_IR_CC46.tif;https://download.data.grandlyon.com/files/grandlyon/imagerie/ortho2018/infrarouge/tif/1km_8cm_CC46/1830_5160_08_IR_CC46.tif;10
1830_5161_08_IR_CC46.tif;1830000;5161000;1831000;5162000;https://download.data.grandlyon.com/files/grandlyon/imagerie/ortho2018/infrarouge/GeoTiff_YcBcR/1km_8cm_CC46/1830_5161_08_IR_CC46.tif;https://download.data.grandlyon.com/files/grandlyon/imagerie/ortho2018/infrarouge/tif/1km_8cm_CC46/1830_5161_08_IR_CC46.tif;11
1830_5162_08_IR_CC46.tif;1830000;5162000;1831000;5163000;https://download.data.grandlyon.com/files/grandlyon/imagerie/ortho2018/infrarouge/GeoTiff_YcBcR/1km_8cm_CC46/1830_5162_08_IR_CC46.tif;https://download.data.grandlyon.com/files/grandlyon/imagerie/ortho2018/infrarouge/tif/1km_8cm_CC46/1830_5162_08_IR_CC46.tif;12
1830_5163_08_IR_CC46.tif;1830000;5163000;1831000;5164000;https://download.data.grandlyon.com/files/grandlyon/imagerie/ortho2018/infrarouge/GeoTiff_YcBcR/1km_8cm_CC46/1830_5163_08_IR_CC46.tif;https://download.data.grandlyon.com/files/grandlyon/imagerie/ortho2018/infrarouge/tif/1km_8cm_CC46/1830_5163_08_IR_CC46.tif;13
1830_5164_08_IR_CC46.tif;1830000;5164000;1831000;5165000;https://download.data.grandlyon.com/files/grandlyon/imagerie/ortho2018/infrarouge/GeoTiff_YcBcR/1km_8cm_CC46/1830_5164_08_IR_CC46.tif;https://download.data.grandlyon.com/files/grandlyon/imagerie/ortho2018/infrarouge/tif/1km_8cm_CC46/1830_5164_08_IR_CC46.tif;14
1830_5165_08_IR_CC46.tif;1830000;5165000;1831000;5166000;https://download.data.grandlyon.com/files/grandlyon/imagerie/ortho2018/infrarouge/GeoTiff_YcBcR/1km_8cm_CC46/1830_5165_08_IR_CC46.tif;https://download.data.grandlyon.com/files/grandlyon/imagerie/ortho2018/infrarouge/tif/1km_8cm_CC46/1830_5165_08_IR_CC46.tif;15
1830_5166_08_IR_CC46.tif;1830000;5166000;1831000;5167000;https://download.data.grandlyon.com/files/grandlyon/imagerie/ortho2018/infrarouge/GeoTiff_YcBcR/1km_8cm_CC46/1830_5166_08_IR_CC46.tif;https://download.data.grandlyon.com/files/grandlyon/imagerie/ortho2018/infrarouge/tif/1km_8cm_CC46/1830_5166_08_IR_CC46.tif;16
1830_5167_08_IR_CC46.tif;1830000;5167000;1831000;5168000;https://download.data.grandlyon.com/files/grandlyon/imagerie/ortho2018/infrarouge/GeoTiff_YcBcR/1km_8cm_CC46/1830_5167_08_IR_CC46.tif;https://download.data.grandlyon.com/files/grandlyon/imagerie/ortho2018/infrarouge/tif/1km_8cm_CC46/1830_5167_08_IR_CC46.tif;17
1830_5168_08_IR_CC46.tif;1830000;5168000;1831000;5169000;https://download.data.grandlyon.com/files/grandlyon/imagerie/ortho2018/infrarouge/GeoTiff_YcBcR/1km_8cm_CC46/1830_5168_08_IR_CC46.tif;https://download.data.grandlyon.com/files/grandlyon/imagerie/ortho2018/infrarouge/tif/1km_8cm_CC46/1830_5168_08_IR_CC46.tif;18
1830_5169_08_IR_CC46.tif;1830000;5169000;1831000;5170000;https://download.data.grandlyon.com/files/grandlyon/imagerie/ortho2018/infrarouge/GeoTiff_YcBcR/1km_8cm_CC46/1830_5169_08_IR_CC46.tif;https://download.data.grandlyon.com/files/grandlyon/imagerie/ortho2018/infrarouge/tif/1km_8cm_CC46/1830_5169_08_IR_CC46.tif;19
1830_5170_08_IR_CC46.tif;1830000;5170000;1831000;5171000;https://download.data.grandlyon.com/files/grandlyon/imagerie/ortho2018/infrarouge/GeoTiff_YcBcR/1km_8cm_CC46/1830_5170_08_IR_CC46.tif;https://download.data.grandlyon.com/files/grandlyon/imagerie/ortho2018/infrarouge/tif/1km_8cm_CC46/1830_5170_08_IR_CC46.tif;20
1830_5171_08_IR_CC46.tif;1830000;5171000;1831000;5172000;https://download.data.grandlyon.com/files/grandlyon/imagerie/ortho2018/infrarouge/GeoTiff_YcBcR/1km_8cm_CC46/1830_5171_08_IR_CC46.tif;https://download.data.grandlyon.com/files/grandlyon/imagerie/ortho2018/infrarouge/tif/1km_8cm_CC46/1830_5171_08_IR_CC46.tif;21
1830_5172_08_IR_CC46.tif;1830000;5172000;1831000;5173000;https://download.data.grandlyon.com/files/grandlyon/imagerie/ortho2018/infrarouge/GeoTiff_YcBcR/1km_8cm_CC46/1830_5172_08_IR_CC46.tif;https://download.data.grandlyon.com/files/grandlyon/imagerie/ortho2018/infrarouge/tif/1km_8cm_CC46/1830_5172_08_IR_CC46.tif;22
1830_5173_08_IR_CC46.tif;1830000;5173000;1831000;5174000;https://download.data.grandlyon.com/files/grandlyon/imagerie/ortho2018/infrarouge/GeoTiff_YcBcR/1km_8cm_CC46/1830_5173_08_IR_CC46.tif;https://download.data.grandlyon.com/files/grandlyon/imagerie/ortho2018/infrarouge/tif/1km_8cm_CC46/1830_5173_08_IR_CC46.tif;23
1830_5174_08_IR_CC46.tif;1830000;5174000;1831000;5175000;https://download.data.grandlyon.com/files/grandlyon/imagerie/ortho2018/infrarouge/GeoTiff_YcBcR/1km_8cm_CC46/1830_5174_08_IR_CC46.tif;https://download.data.grandlyon.com/files/grandlyon/imagerie/ortho2018/infrarouge/tif/1km_8cm_CC46/1830_5174_08_IR_CC46.tif;24
1830_5175_08_IR_CC46.tif;1830000;5175000;1831000;5176000;https://download.data.grandlyon.com/files/grandlyon/imagerie/ortho2018/infrarouge/GeoTiff_YcBcR/1km_8cm_CC46/1830_5175_08_IR_CC46.tif;https://download.data.grandlyon.com/files/grandlyon/imagerie/ortho2018/infrarouge/tif/1km_8cm_CC46/1830_5175_08_IR_CC46.tif;25
1830_5176_08_IR_CC46.tif;1830000;5176000;1831000;5177000;https://download.data.grandlyon.com/files/grandlyon/imagerie/ortho2018/infrarouge/GeoTiff_YcBcR/1km_8cm_CC46/1830_5176_08_IR_CC46.tif;https://download.data.grandlyon.com/files/grandlyon/imagerie/ortho2018/infrarouge/tif/1km_8cm_CC46/1830_5176_08_IR_CC46.tif;26
1830_5177_08_IR_CC46.tif;1830000;5177000;1831000;5178000;https://download.data.grandlyon.com/files/grandlyon/imagerie/ortho2018/infrarouge/GeoTiff_YcBcR/1km_8cm_CC46/1830_5177_08_IR_CC46.tif;https://download.data.grandlyon.com/files/grandlyon/imagerie/ortho2018/infrarouge/tif/1km_8cm_CC46/1830_5177_08_IR_CC46.tif;27
1830_5178_08_IR_CC46.tif;1830000;5178000;1831000;5179000;https://download.data.grandlyon.com/files/grandlyon/imagerie/ortho2018/infrarouge/GeoTiff_YcBcR/1km_8cm_CC46/1830_5178_08_IR_CC46.tif;https://download.data.grandlyon.com/files/grandlyon/imagerie/ortho2018/infrarouge/tif/1km_8cm_CC46/1830_5178_08_IR_CC46.tif;28
1830_5179_08_IR_CC46.tif;1830000;5179000;1831000;5180000;https://download.data.grandlyon.com/files/grandlyon/imagerie/ortho2018/infrarouge/GeoTiff_YcBcR/1km_8cm_CC46/1830_5179_08_IR_CC46.tif;https://download.data.grandlyon.com/files/grandlyon/imagerie/ortho2018/infrarouge/tif/1km_8cm_CC46/1830_5179_08_IR_CC46.tif;29
1830_5180_08_IR_CC46.tif;1830000;5180000;1831000;5181000;https://download.data.grandlyon.com/files/grandlyon/imagerie/ortho2018/infrarouge/GeoTiff_YcBcR/1km_8cm_CC46/1830_5180_08_IR_CC46.tif;https://download.data.grandlyon.com/files/grandlyon/imagerie/ortho2018/infrarouge/tif/1km_8cm_CC46/1830_5180_08_IR_CC46.tif;30
1830_5181_08_IR_CC46.tif;1830000;5181000;1831000;5182000;https://download.data.grandlyon.com/files/grandlyon/imagerie/ortho2018/infrarouge/GeoTiff_YcBcR/1km_8cm_CC46/1830_5181_08_IR_CC46.tif;https://download.data.grandlyon.com/files/grandlyon/imagerie/ortho2018/infrarouge/tif/1km_8cm_CC46/1830_5181_08_IR_CC46.tif;31
1830_5182_08_IR_CC46.tif;1830000;5182000;1831000;5183000;https://download.data.grandlyon.com/files/grandlyon/imagerie/ortho2018/infrarouge/GeoTiff_YcBcR/1km_8cm_CC46/1830_5182_08_IR_CC46.tif;https://download.data.grandlyon.com/files/grandlyon/imagerie/ortho2018/infrarouge/tif/1km_8cm_CC46/1830_5182_08_IR_CC46.tif;32
1830_5183_08_IR_CC46.tif;1830000;5183000;1831000;5184000;https://download.data.grandlyon.com/files/grandlyon/imagerie/ortho2018/infrarouge/GeoTiff_YcBcR/1km_8cm_CC46/1830_5183_08_IR_CC46.tif;https://download.data.grandlyon.com/files/grandlyon/imagerie/ortho2018/infrarouge/tif/1km_8cm_CC46/1830_5183_08_IR_CC46.tif;33
1830_5184_08_IR_CC46.tif;1830000;5184000;1831000;5185000;https://download.data.grandlyon.com/files/grandlyon/imagerie/ortho2018/infrarouge/GeoTiff_YcBcR/1km_8cm_CC46/1830_5184_08_IR_CC46.tif;https://download.data.grandlyon.com/files/grandlyon/imagerie/ortho2018/infrarouge/tif/1km_8cm_CC46/1830_5184_08_IR_CC46.tif;34
1830_5185_08_IR_CC46.tif;1830000;5185000;1831000;5186000;https://download.data.grandlyon.com/files/grandlyon/imagerie/ortho2018/infrarouge/GeoTiff_YcBcR/1km_8cm_CC46/1830_5185_08_IR_CC46.tif;https://download.data.grandlyon.com/files/grandlyon/imagerie/ortho2018/infrarouge/tif/1km_8cm_CC46/1830_5185_08_IR_CC46.tif;35
1830_5186_08_IR_CC46.tif;1830000;5186000;1831000;5187000;https://download.data.grandlyon.com/files/grandlyon/imagerie/ortho2018/infrarouge/GeoTiff_YcBcR/1km_8cm_CC46/1830_5186_08_IR_CC46.tif;https://download.data.grandlyon.com/files/grandlyon/imagerie/ortho2018/infrarouge/tif/1km_8cm_CC46/1830_5186_08_IR_CC46.tif;36
1830_5187_08_IR_CC46.tif;1830000;5187000;1831000;5188000;https://download.data.grandlyon.com/files/grandlyon/imagerie/ortho2018/infrarouge/GeoTiff_YcBcR/1km_8cm_CC46/1830_5187_08_IR_CC46.tif;https://download.data.grandlyon.com/files/grandlyon/imagerie/ortho2018/infrarouge/tif/1km_8cm_CC46/1830_5187_08_IR_CC46.tif;37
1830_5188_08_IR_CC46.tif;1830000;5188000;1831000;5189000;https://download.data.grandlyon.com/files/grandlyon/imagerie/ortho2018/infrarouge/GeoTiff_YcBcR/1km_8cm_CC46/1830_5188_08_IR_CC46.tif;https://download.data.grandlyon.com/files/grandlyon/imagerie/ortho2018/infrarouge/tif/1km_8cm_CC46/1830_5188_08_IR_CC46.tif;38
1830_5189_08_IR_CC46.tif;1830000;5189000;1831000;5190000;https://download.data.grandlyon.com/files/grandlyon/imagerie/ortho2018/infrarouge/GeoTiff_YcBcR/1km_8cm_CC46/1830_5189_08_IR_CC46.tif;https://download.data.grandlyon.com/files/grandlyon/imagerie/ortho2018/infrarouge/tif/1km_8cm_CC46/1830_5189_08_IR_CC46.tif;39
1830_5190_08_IR_CC46.tif;1830000;5190000;1831000;5191000;https://download.data.grandlyon.com/files/grandlyon/imagerie/ortho2018/infrarouge/GeoTiff_YcBcR/1km_8cm_CC46/1830_5190_08_IR_CC46.tif;https://download.data.grandlyon.com/files/grandlyon/imagerie/ortho2018/infrarouge/tif/1km_8cm_CC46/1830_5190_08_IR_CC46.tif;40
1830_5191_08_IR_CC46.tif;1830000;5191000;1831000;5192000;https://download.data.grandlyon.com/files/grandlyon/imagerie/ortho2018/infrarouge/GeoTiff_YcBcR/1km_8cm_CC46/1830_5191_08_IR_CC46.tif;https://download.data.grandlyon.com/files/grandlyon/imagerie/ortho2018/infrarouge/tif/1km_8cm_CC46/1830_5191_08_IR_CC46.tif;41
1830_5192_08_IR_CC46.tif;1830000;5192000;1831000;5193000;https://download.data.grandlyon.com/files/grandlyon/imagerie/ortho2018/infrarouge/GeoTiff_YcBcR/1km_8cm_CC46/1830_5192_08_IR_CC46.tif;https://download.data.grandlyon.com/files/grandlyon/imagerie/ortho2018/infrarouge/tif/1km_8cm_CC46/1830_5192_08_IR_CC46.tif;42
1830_5193_08_IR_CC46.tif;1830000;5193000;1831000;5194000;https://download.data.grandlyon.com/files/grandlyon/imagerie/ortho2018/infrarouge/GeoTiff_YcBcR/1km_8cm_CC46/1830_5193_08_IR_CC46.tif;https://download.data.grandlyon.com/files/grandlyon/imagerie/ortho2018/infrarouge/tif/1km_8cm_CC46/1830_5193_08_IR_CC46.tif;43
1830_5194_08_IR_CC46.tif;1830000;5194000;1831000;5195000;https://download.data.grandlyon.com/files/grandlyon/imagerie/ortho2018/infrarouge/GeoTiff_YcBcR/1km_8cm_CC46/1830_5194_08_IR_CC46.tif;https://download.data.grandlyon.com/files/grandlyon/imagerie/ortho2018/infrarouge/tif/1km_8cm_CC46/1830_5194_08_IR_CC46.tif;44
1830_5195_08_IR_CC46.tif;1830000;5195000;1831000;5196000;https://download.data.grandlyon.com/files/grandlyon/imagerie/ortho2018/infrarouge/GeoTiff_YcBcR/1km_8cm_CC46/1830_5195_08_IR_CC46.tif;https://download.data.grandlyon.com/files/grandlyon/imagerie/ortho2018/infrarouge/tif/1km_8cm_CC46/1830_5195_08_IR_CC46.tif;45
1830_5196_08_IR_CC46.tif;1830000;5196000;1831000;5197000;https://download.data.grandlyon.com/files/grandlyon/imagerie/ortho2018/infrarouge/GeoTiff_YcBcR/1km_8cm_CC46/1830_5196_08_IR_CC46.tif;https://download.data.grandlyon.com/files/grandlyon/imagerie/ortho2018/infrarouge/tif/1km_8cm_CC46/1830_5196_08_IR_CC46.tif;46
1831_5151_08_IR_CC46.tif;1831000;5151000;1832000;5152000;https://download.data.grandlyon.com/files/grandlyon/imagerie/ortho2018/infrarouge/GeoTiff_YcBcR/1km_8cm_CC46/1831_5151_08_IR_CC46.tif;https://download.data.grandlyon.com/files/grandlyon/imagerie/ortho2018/infrarouge/tif/1km_8cm_CC46/1831_5151_08_IR_CC46.tif;47
1831_5152_08_IR_CC46.tif;1831000;5152000;1832000;5153000;https://download.data.grandlyon.com/files/grandlyon/imagerie/ortho2018/infrarouge/GeoTiff_YcBcR/1km_8cm_CC46/1831_5152_08_IR_CC46.tif;https://download.data.grandlyon.com/files/grandlyon/imagerie/ortho2018/infrarouge/tif/1km_8cm_CC46/1831_5152_08_IR_CC46.tif;48
1831_5153_08_IR_CC46.tif;1831000;5153000;1832000;5154000;https://download.data.grandlyon.com/files/grandlyon/imagerie/ortho2018/infrarouge/GeoTiff_YcBcR/1km_8cm_CC46/1831_5153_08_IR_CC46.tif;https://download.data.grandlyon.com/files/grandlyon/imagerie/ortho2018/infrarouge/tif/1km_8cm_CC46/1831_5153_08_IR_CC46.tif;49
1831_5154_08_IR_CC46.tif;1831000;5154000;1832000;5155000;https://download.data.grandlyon.com/files/grandlyon/imagerie/ortho2018/infrarouge/GeoTiff_YcBcR/1km_8cm_CC46/1831_5154_08_IR_CC46.tif;https://download.data.grandlyon.com/files/grandlyon/imagerie/ortho2018/infrarouge/tif/1km_8cm_CC46/1831_5154_08_IR_CC46.tif;50
1831_5155_08_IR_CC46.tif;1831000;5155000;1832000;5156000;https://download.data.grandlyon.com/files/grandlyon/imagerie/ortho2018/infrarouge/GeoTiff_YcBcR/1km_8cm_CC46/1831_5155_08_IR_CC46.tif;https://download.data.grandlyon.com/files/grandlyon/imagerie/ortho2018/infrarouge/tif/1km_8cm_CC46/1831_5155_08_IR_CC46.tif;51
1831_5156_08_IR_CC46.tif;1831000;5156000;1832000;5157000;https://download.data.grandlyon.com/files/grandlyon/imagerie/ortho2018/infrarouge/GeoTiff_YcBcR/1km_8cm_CC46/1831_5156_08_IR_CC46.tif;https://download.data.grandlyon.com/files/grandlyon/imagerie/ortho2018/infrarouge/tif/1km_8cm_CC46/1831_5156_08_IR_CC46.tif;52
1831_5157_08_IR_CC46.tif;1831000;5157000;1832000;5158000;https://download.data.grandlyon.com/files/grandlyon/imagerie/ortho2018/infrarouge/GeoTiff_YcBcR/1km_8cm_CC46/1831_5157_08_IR_CC46.tif;https://download.data.grandlyon.com/files/grandlyon/imagerie/ortho2018/infrarouge/tif/1km_8cm_CC46/1831_5157_08_IR_CC46.tif;53
1831_5158_08_IR_CC46.tif;1831000;5158000;1832000;5159000;https://download.data.grandlyon.com/files/grandlyon/imagerie/ortho2018/infrarouge/GeoTiff_YcBcR/1km_8cm_CC46/1831_5158_08_IR_CC46.tif;https://download.data.grandlyon.com/files/grandlyon/imagerie/ortho2018/infrarouge/tif/1km_8cm_CC46/1831_5158_08_IR_CC46.tif;54
1831_5159_08_IR_CC46.tif;1831000;5159000;1832000;5160000;https://download.data.grandlyon.com/files/grandlyon/imagerie/ortho2018/infrarouge/GeoTiff_YcBcR/1km_8cm_CC46/1831_5159_08_IR_CC46.tif;https://download.data.grandlyon.com/files/grandlyon/imagerie/ortho2018/infrarouge/tif/1km_8cm_CC46/1831_5159_08_IR_CC46.tif;55
1831_5160_08_IR_CC46.tif;1831000;5160000;1832000;5161000;https://download.data.grandlyon.com/files/grandlyon/imagerie/ortho2018/infrarouge/GeoTiff_YcBcR/1km_8cm_CC46/1831_5160_08_IR_CC46.tif;https://download.data.grandlyon.com/files/grandlyon/imagerie/ortho2018/infrarouge/tif/1km_8cm_CC46/1831_5160_08_IR_CC46.tif;56
1831_5161_08_IR_CC46.tif;1831000;5161000;1832000;5162000;https://download.data.grandlyon.com/files/grandlyon/imagerie/ortho2018/infrarouge/GeoTiff_YcBcR/1km_8cm_CC46/1831_5161_08_IR_CC46.tif;https://download.data.grandlyon.com/files/grandlyon/imagerie/ortho2018/infrarouge/tif/1km_8cm_CC46/1831_5161_08_IR_CC46.tif;57
1831_5162_08_IR_CC46.tif;1831000;5162000;1832000;5163000;https://download.data.grandlyon.com/files/grandlyon/imagerie/ortho2018/infrarouge/GeoTiff_YcBcR/1km_8cm_CC46/1831_5162_08_IR_CC46.tif;https://download.data.grandlyon.com/files/grandlyon/imagerie/ortho2018/infrarouge/tif/1km_8cm_CC46/1831_5162_08_IR_CC46.tif;58
1831_5163_08_IR_CC46.tif;1831000;5163000;1832000;5164000;https://download.data.grandlyon.com/files/grandlyon/imagerie/ortho2018/infrarouge/GeoTiff_YcBcR/1km_8cm_CC46/1831_5163_08_IR_CC46.tif;https://download.data.grandlyon.com/files/grandlyon/imagerie/ortho2018/infrarouge/tif/1km_8cm_CC46/1831_5163_08_IR_CC46.tif;59
1831_5164_08_IR_CC46.tif;1831000;5164000;1832000;5165000;https://download.data.grandlyon.com/files/grandlyon/imagerie/ortho2018/infrarouge/GeoTiff_YcBcR/1km_8cm_CC46/1831_5164_08_IR_CC46.tif;https://download.data.grandlyon.com/files/grandlyon/imagerie/ortho2018/infrarouge/tif/1km_8cm_CC46/1831_5164_08_IR_CC46.tif;60
1831_5165_08_IR_CC46.tif;1831000;5165000;1832000;5166000;https://download.data.grandlyon.com/files/grandlyon/imagerie/ortho2018/infrarouge/GeoTiff_YcBcR/1km_8cm_CC46/1831_5165_08_IR_CC46.tif;https://download.data.grandlyon.com/files/grandlyon/imagerie/ortho2018/infrarouge/tif/1km_8cm_CC46/1831_5165_08_IR_CC46.tif;61
1831_5166_08_IR_CC46.tif;1831000;5166000;1832000;5167000;https://download.data.grandlyon.com/files/grandlyon/imagerie/ortho2018/infrarouge/GeoTiff_YcBcR/1km_8cm_CC46/1831_5166_08_IR_CC46.tif;https://download.data.grandlyon.com/files/grandlyon/imagerie/ortho2018/infrarouge/tif/1km_8cm_CC46/1831_5166_08_IR_CC46.tif;62
1831_5167_08_IR_CC46.tif;1831000;5167000;1832000;5168000;https://download.data.grandlyon.com/files/grandlyon/imagerie/ortho2018/infrarouge/GeoTiff_YcBcR/1km_8cm_CC46/1831_5167_08_IR_CC46.tif;https://download.data.grandlyon.com/files/grandlyon/imagerie/ortho2018/infrarouge/tif/1km_8cm_CC46/1831_5167_08_IR_CC46.tif;63
1831_5168_08_IR_CC46.tif;1831000;5168000;1832000;5169000;https://download.data.grandlyon.com/files/grandlyon/imagerie/ortho2018/infrarouge/GeoTiff_YcBcR/1km_8cm_CC46/1831_5168_08_IR_CC46.tif;https://download.data.grandlyon.com/files/grandlyon/imagerie/ortho2018/infrarouge/tif/1km_8cm_CC46/1831_5168_08_IR_CC46.tif;64
1831_5169_08_IR_CC46.tif;1831000;5169000;1832000;5170000;https://download.data.grandlyon.com/files/grandlyon/imagerie/ortho2018/infrarouge/GeoTiff_YcBcR/1km_8cm_CC46/1831_5169_08_IR_CC46.tif;https://download.data.grandlyon.com/files/grandlyon/imagerie/ortho2018/infrarouge/tif/1km_8cm_CC46/1831_5169_08_IR_CC46.tif;65
1831_5170_08_IR_CC46.tif;1831000;5170000;1832000;5171000;https://download.data.grandlyon.com/files/grandlyon/imagerie/ortho2018/infrarouge/GeoTiff_YcBcR/1km_8cm_CC46/1831_5170_08_IR_CC46.tif;https://download.data.grandlyon.com/files/grandlyon/imagerie/ortho2018/infrarouge/tif/1km_8cm_CC46/1831_5170_08_IR_CC46.tif;66
1831_5171_08_IR_CC46.tif;1831000;5171000;1832000;5172000;https://download.data.grandlyon.com/files/grandlyon/imagerie/ortho2018/infrarouge/GeoTiff_YcBcR/1km_8cm_CC46/1831_5171_08_IR_CC46.tif;https://download.data.grandlyon.com/files/grandlyon/imagerie/ortho2018/infrarouge/tif/1km_8cm_CC46/1831_5171_08_IR_CC46.tif;67
1831_5172_08_IR_CC46.tif;1831000;5172000;1832000;5173000;https://download.data.grandlyon.com/files/grandlyon/imagerie/ortho2018/infrarouge/GeoTiff_YcBcR/1km_8cm_CC46/1831_5172_08_IR_CC46.tif;https://download.data.grandlyon.com/files/grandlyon/imagerie/ortho2018/infrarouge/tif/1km_8cm_CC46/1831_5172_08_IR_CC46.tif;68
1831_5173_08_IR_CC46.tif;1831000;5173000;1832000;5174000;https://download.data.grandlyon.com/files/grandlyon/imagerie/ortho2018/infrarouge/GeoTiff_YcBcR/1km_8cm_CC46/1831_5173_08_IR_CC46.tif;https://download.data.grandlyon.com/files/grandlyon/imagerie/ortho2018/infrarouge/tif/1km_8cm_CC46/1831_5173_08_IR_CC46.tif;69
1831_5174_08_IR_CC46.tif;1831000;5174000;1832000;5175000;https://download.data.grandlyon.com/files/grandlyon/imagerie/ortho2018/infrarouge/GeoTiff_YcBcR/1km_8cm_CC46/1831_5174_08_IR_CC46.tif;https://download.data.grandlyon.com/files/grandlyon/imagerie/ortho2018/infrarouge/tif/1km_8cm_CC46/1831_5174_08_IR_CC46.tif;70
1831_5175_08_IR_CC46.tif;1831000;5175000;1832000;5176000;https://download.data.grandlyon.com/files/grandlyon/imagerie/ortho2018/infrarouge/GeoTiff_YcBcR/1km_8cm_CC46/1831_5175_08_IR_CC46.tif;https://download.data.grandlyon.com/files/grandlyon/imagerie/ortho2018/infrarouge/tif/1km_8cm_CC46/1831_5175_08_IR_CC46.tif;71
1831_5176_08_IR_CC46.tif;1831000;5176000;1832000;5177000;https://download.data.grandlyon.com/files/grandlyon/imagerie/ortho2018/infrarouge/GeoTiff_YcBcR/1km_8cm_CC46/1831_5176_08_IR_CC46.tif;https://download.data.grandlyon.com/files/grandlyon/imagerie/ortho2018/infrarouge/tif/1km_8cm_CC46/1831_5176_08_IR_CC46.tif;72
1831_5177_08_IR_CC46.tif;1831000;5177000;1832000;5178000;https://download.data.grandlyon.com/files/grandlyon/imagerie/ortho2018/infrarouge/GeoTiff_YcBcR/1km_8cm_CC46/1831_5177_08_IR_CC46.tif;https://download.data.grandlyon.com/files/grandlyon/imagerie/ortho2018/infrarouge/tif/1km_8cm_CC46/1831_5177_08_IR_CC46.tif;73
1831_5178_08_IR_CC46.tif;1831000;5178000;1832000;5179000;https://download.data.grandlyon.com/files/grandlyon/imagerie/ortho2018/infrarouge/GeoTiff_YcBcR/1km_8cm_CC46/1831_5178_08_IR_CC46.tif;https://download.data.grandlyon.com/files/grandlyon/imagerie/ortho2018/infrarouge/tif/1km_8cm_CC46/1831_5178_08_IR_CC46.tif;74
1831_5179_08_IR_CC46.tif;1831000;5179000;1832000;5180000;https://download.data.grandlyon.com/files/grandlyon/imagerie/ortho2018/infrarouge/GeoTiff_YcBcR/1km_8cm_CC46/1831_5179_08_IR_CC46.tif;https://download.data.grandlyon.com/files/grandlyon/imagerie/ortho2018/infrarouge/tif/1km_8cm_CC46/1831_5179_08_IR_CC46.tif;75
1831_5180_08_IR_CC46.tif;1831000;5180000;1832000;5181000;https://download.data.grandlyon.com/files/grandlyon/imagerie/ortho2018/infrarouge/GeoTiff_YcBcR/1km_8cm_CC46/1831_5180_08_IR_CC46.tif;https://download.data.grandlyon.com/files/grandlyon/imagerie/ortho2018/infrarouge/tif/1km_8cm_CC46/1831_5180_08_IR_CC46.tif;76
1831_5181_08_IR_CC46.tif;1831000;5181000;1832000;5182000;https://download.data.grandlyon.com/files/grandlyon/imagerie/ortho2018/infrarouge/GeoTiff_YcBcR/1km_8cm_CC46/1831_5181_08_IR_CC46.tif;https://download.data.grandlyon.com/files/grandlyon/imagerie/ortho2018/infrarouge/tif/1km_8cm_CC46/1831_5181_08_IR_CC46.tif;77
1831_5182_08_IR_CC46.tif;1831000;5182000;1832000;5183000;https://download.data.grandlyon.com/files/grandlyon/imagerie/ortho2018/infrarouge/GeoTiff_YcBcR/1km_8cm_CC46/1831_5182_08_IR_CC46.tif;https://download.data.grandlyon.com/files/grandlyon/imagerie/ortho2018/infrarouge/tif/1km_8cm_CC46/1831_5182_08_IR_CC46.tif;78
1831_5183_08_IR_CC46.tif;1831000;5183000;1832000;5184000;https://download.data.grandlyon.com/files/grandlyon/imagerie/ortho2018/infrarouge/GeoTiff_YcBcR/1km_8cm_CC46/1831_5183_08_IR_CC46.tif;https://download.data.grandlyon.com/files/grandlyon/imagerie/ortho2018/infrarouge/tif/1km_8cm_CC46/1831_5183_08_IR_CC46.tif;79
1831_5184_08_IR_CC46.tif;1831000;5184000;1832000;5185000;https://download.data.grandlyon.com/files/grandlyon/imagerie/ortho2018/infrarouge/GeoTiff_YcBcR/1km_8cm_CC46/1831_5184_08_IR_CC46.tif;https://download.data.grandlyon.com/files/grandlyon/imagerie/ortho2018/infrarouge/tif/1km_8cm_CC46/1831_5184_08_IR_CC46.tif;80
1831_5185_08_IR_CC46.tif;1831000;5185000;1832000;5186000;https://download.data.grandlyon.com/files/grandlyon/imagerie/ortho2018/infrarouge/GeoTiff_YcBcR/1km_8cm_CC46/1831_5185_08_IR_CC46.tif;https://download.data.grandlyon.com/files/grandlyon/imagerie/ortho2018/infrarouge/tif/1km_8cm_CC46/1831_5185_08_IR_CC46.tif;81
1831_5186_08_IR_CC46.tif;1831000;5186000;1832000;5187000;https://download.data.grandlyon.com/files/grandlyon/imagerie/ortho2018/infrarouge/GeoTiff_YcBcR/1km_8cm_CC46/1831_5186_08_IR_CC46.tif;https://download.data.grandlyon.com/files/grandlyon/imagerie/ortho2018/infrarouge/tif/1km_8cm_CC46/1831_5186_08_IR_CC46.tif;82
1831_5187_08_IR_CC46.tif;1831000;5187000;1832000;5188000;https://download.data.grandlyon.com/files/grandlyon/imagerie/ortho2018/infrarouge/GeoTiff_YcBcR/1km_8cm_CC46/1831_5187_08_IR_CC46.tif;https://download.data.grandlyon.com/files/grandlyon/imagerie/ortho2018/infrarouge/tif/1km_8cm_CC46/1831_5187_08_IR_CC46.tif;83
1831_5188_08_IR_CC46.tif;1831000;5188000;1832000;5189000;https://download.data.grandlyon.com/files/grandlyon/imagerie/ortho2018/infrarouge/GeoTiff_YcBcR/1km_8cm_CC46/1831_5188_08_IR_CC46.tif;https://download.data.grandlyon.com/files/grandlyon/imagerie/ortho2018/infrarouge/tif/1km_8cm_CC46/1831_5188_08_IR_CC46.tif;84
1831_5189_08_IR_CC46.tif;1831000;5189000;1832000;5190000;https://download.data.grandlyon.com/files/grandlyon/imagerie/ortho2018/infrarouge/GeoTiff_YcBcR/1km_8cm_CC46/1831_5189_08_IR_CC46.tif;https://download.data.grandlyon.com/files/grandlyon/imagerie/ortho2018/infrarouge/tif/1km_8cm_CC46/1831_5189_08_IR_CC46.tif;85
1831_5190_08_IR_CC46.tif;1831000;5190000;1832000;5191000;https://download.data.grandlyon.com/files/grandlyon/imagerie/ortho2018/infrarouge/GeoTiff_YcBcR/1km_8cm_CC46/1831_5190_08_IR_CC46.tif;https://download.data.grandlyon.com/files/grandlyon/imagerie/ortho2018/infrarouge/tif/1km_8cm_CC46/1831_5190_08_IR_CC46.tif;86
1831_5191_08_IR_CC46.tif;1831000;5191000;1832000;5192000;https://download.data.grandlyon.com/files/grandlyon/imagerie/ortho2018/infrarouge/GeoTiff_YcBcR/1km_8cm_CC46/1831_5191_08_IR_CC46.tif;https://download.data.grandlyon.com/files/grandlyon/imagerie/ortho2018/infrarouge/tif/1km_8cm_CC46/1831_5191_08_IR_CC46.tif;87
1831_5192_08_IR_CC46.tif;1831000;5192000;1832000;5193000;https://download.data.grandlyon.com/files/grandlyon/imagerie/ortho2018/infrarouge/GeoTiff_YcBcR/1km_8cm_CC46/1831_5192_08_IR_CC46.tif;https://download.data.grandlyon.com/files/grandlyon/imagerie/ortho2018/infrarouge/tif/1km_8cm_CC46/1831_5192_08_IR_CC46.tif;88
1831_5193_08_IR_CC46.tif;1831000;5193000;1832000;5194000;https://download.data.grandlyon.com/files/grandlyon/imagerie/ortho2018/infrarouge/GeoTiff_YcBcR/1km_8cm_CC46/1831_5193_08_IR_CC46.tif;https://download.data.grandlyon.com/files/grandlyon/imagerie/ortho2018/infrarouge/tif/1km_8cm_CC46/1831_5193_08_IR_CC46.tif;89
1831_5194_08_IR_CC46.tif;1831000;5194000;1832000;5195000;https://download.data.grandlyon.com/files/grandlyon/imagerie/ortho2018/infrarouge/GeoTiff_YcBcR/1km_8cm_CC46/1831_5194_08_IR_CC46.tif;https://download.data.grandlyon.com/files/grandlyon/imagerie/ortho2018/infrarouge/tif/1km_8cm_CC46/1831_5194_08_IR_CC46.tif;90
1831_5195_08_IR_CC46.tif;1831000;5195000;1832000;5196000;https://download.data.grandlyon.com/files/grandlyon/imagerie/ortho2018/infrarouge/GeoTiff_YcBcR/1km_8cm_CC46/1831_5195_08_IR_CC46.tif;https://download.data.grandlyon.com/files/grandlyon/imagerie/ortho2018/infrarouge/tif/1km_8cm_CC46/1831_5195_08_IR_CC46.tif;91
1831_5196_08_IR_CC46.tif;1831000;5196000;1832000;5197000;https://download.data.grandlyon.com/files/grandlyon/imagerie/ortho2018/infrarouge/GeoTiff_YcBcR/1km_8cm_CC46/1831_5196_08_IR_CC46.tif;https://download.data.grandlyon.com/files/grandlyon/imagerie/ortho2018/infrarouge/tif/1km_8cm_CC46/1831_5196_08_IR_CC46.tif;92
1832_5151_08_IR_CC46.tif;1832000;5151000;1833000;5152000;https://download.data.grandlyon.com/files/grandlyon/imagerie/ortho2018/infrarouge/GeoTiff_YcBcR/1km_8cm_CC46/1832_5151_08_IR_CC46.tif;https://download.data.grandlyon.com/files/grandlyon/imagerie/ortho2018/infrarouge/tif/1km_8cm_CC46/1832_5151_08_IR_CC46.tif;93
1832_5152_08_IR_CC46.tif;1832000;5152000;1833000;5153000;https://download.data.grandlyon.com/files/grandlyon/imagerie/ortho2018/infrarouge/GeoTiff_YcBcR/1km_8cm_CC46/1832_5152_08_IR_CC46.tif;https://download.data.grandlyon.com/files/grandlyon/imagerie/ortho2018/infrarouge/tif/1km_8cm_CC46/1832_5152_08_IR_CC46.tif;94
1832_5153_08_IR_CC46.tif;1832000;5153000;1833000;5154000;https://download.data.grandlyon.com/files/grandlyon/imagerie/ortho2018/infrarouge/GeoTiff_YcBcR/1km_8cm_CC46/1832_5153_08_IR_CC46.tif;https://download.data.grandlyon.com/files/grandlyon/imagerie/ortho2018/infrarouge/tif/1km_8cm_CC46/1832_5153_08_IR_CC46.tif;95
1832_5154_08_IR_CC46.tif;1832000;5154000;1833000;5155000;https://download.data.grandlyon.com/files/grandlyon/imagerie/ortho2018/infrarouge/GeoTiff_YcBcR/1km_8cm_CC46/1832_5154_08_IR_CC46.tif;https://download.data.grandlyon.com/files/grandlyon/imagerie/ortho2018/infrarouge/tif/1km_8cm_CC46/1832_5154_08_IR_CC46.tif;96
1832_5155_08_IR_CC46.tif;1832000;5155000;1833000;5156000;https://download.data.grandlyon.com/files/grandlyon/imagerie/ortho2018/infrarouge/GeoTiff_YcBcR/1km_8cm_CC46/1832_5155_08_IR_CC46.tif;https://download.data.grandlyon.com/files/grandlyon/imagerie/ortho2018/infrarouge/tif/1km_8cm_CC46/1832_5155_08_IR_CC46.tif;97
1832_5156_08_IR_CC46.tif;1832000;5156000;1833000;5157000;https://download.data.grandlyon.com/files/grandlyon/imagerie/ortho2018/infrarouge/GeoTiff_YcBcR/1km_8cm_CC46/1832_5156_08_IR_CC46.tif;https://download.data.grandlyon.com/files/grandlyon/imagerie/ortho2018/infrarouge/tif/1km_8cm_CC46/1832_5156_08_IR_CC46.tif;98
1832_5157_08_IR_CC46.tif;1832000;5157000;1833000;5158000;https://download.data.grandlyon.com/files/grandlyon/imagerie/ortho2018/infrarouge/GeoTiff_YcBcR/1km_8cm_CC46/1832_5157_08_IR_CC46.tif;https://download.data.grandlyon.com/files/grandlyon/imagerie/ortho2018/infrarouge/tif/1km_8cm_CC46/1832_5157_08_IR_CC46.tif;99
1832_5158_08_IR_CC46.tif;1832000;5158000;1833000;5159000;https://download.data.grandlyon.com/files/grandlyon/imagerie/ortho2018/infrarouge/GeoTiff_YcBcR/1km_8cm_CC46/1832_5158_08_IR_CC46.tif;https://download.data.grandlyon.com/files/grandlyon/imagerie/ortho2018/infrarouge/tif/1km_8cm_CC46/1832_5158_08_IR_CC46.tif;100
1832_5159_08_IR_CC46.tif;1832000;5159000;1833000;5160000;https://download.data.grandlyon.com/files/grandlyon/imagerie/ortho2018/infrarouge/GeoTiff_YcBcR/1km_8cm_CC46/1832_5159_08_IR_CC46.tif;https://download.data.grandlyon.com/files/grandlyon/imagerie/ortho2018/infrarouge/tif/1km_8cm_CC46/1832_5159_08_IR_CC46.tif;101
1832_5160_08_IR_CC46.tif;1832000;5160000;1833000;5161000;https://download.data.grandlyon.com/files/grandlyon/imagerie/ortho2018/infrarouge/GeoTiff_YcBcR/1km_8cm_CC46/1832_5160_08_IR_CC46.tif;https://download.data.grandlyon.com/files/grandlyon/imagerie/ortho2018/infrarouge/tif/1km_8cm_CC46/1832_5160_08_IR_CC46.tif;102
1832_5161_08_IR_CC46.tif;1832000;5161000;1833000;5162000;https://download.data.grandlyon.com/files/grandlyon/imagerie/ortho2018/infrarouge/GeoTiff_YcBcR/1km_8cm_CC46/1832_5161_08_IR_CC46.tif;https://download.data.grandlyon.com/files/grandlyon/imagerie/ortho2018/infrarouge/tif/1km_8cm_CC46/1832_5161_08_IR_CC46.tif;103
1832_5162_08_IR_CC46.tif;1832000;5162000;1833000;5163000;https://download.data.grandlyon.com/files/grandlyon/imagerie/ortho2018/infrarouge/GeoTiff_YcBcR/1km_8cm_CC46/1832_5162_08_IR_CC46.tif;https://download.data.grandlyon.com/files/grandlyon/imagerie/ortho2018/infrarouge/tif/1km_8cm_CC46/1832_5162_08_IR_CC46.tif;104
1832_5163_08_IR_CC46.tif;1832000;5163000;1833000;5164000;https://download.data.grandlyon.com/files/grandlyon/imagerie/ortho2018/infrarouge/GeoTiff_YcBcR/1km_8cm_CC46/1832_5163_08_IR_CC46.tif;https://download.data.grandlyon.com/files/grandlyon/imagerie/ortho2018/infrarouge/tif/1km_8cm_CC46/1832_5163_08_IR_CC46.tif;105
1832_5164_08_IR_CC46.tif;1832000;5164000;1833000;5165000;https://download.data.grandlyon.com/files/grandlyon/imagerie/ortho2018/infrarouge/GeoTiff_YcBcR/1km_8cm_CC46/1832_5164_08_IR_CC46.tif;https://download.data.grandlyon.com/files/grandlyon/imagerie/ortho2018/infrarouge/tif/1km_8cm_CC46/1832_5164_08_IR_CC46.tif;106
1832_5165_08_IR_CC46.tif;1832000;5165000;1833000;5166000;https://download.data.grandlyon.com/files/grandlyon/imagerie/ortho2018/infrarouge/GeoTiff_YcBcR/1km_8cm_CC46/1832_5165_08_IR_CC46.tif;https://download.data.grandlyon.com/files/grandlyon/imagerie/ortho2018/infrarouge/tif/1km_8cm_CC46/1832_5165_08_IR_CC46.tif;107
1832_5166_08_IR_CC46.tif;1832000;5166000;1833000;5167000;https://download.data.grandlyon.com/files/grandlyon/imagerie/ortho2018/infrarouge/GeoTiff_YcBcR/1km_8cm_CC46/1832_5166_08_IR_CC46.tif;https://download.data.grandlyon.com/files/grandlyon/imagerie/ortho2018/infrarouge/tif/1km_8cm_CC46/1832_5166_08_IR_CC46.tif;108
1832_5167_08_IR_CC46.tif;1832000;5167000;1833000;5168000;https://download.data.grandlyon.com/files/grandlyon/imagerie/ortho2018/infrarouge/GeoTiff_YcBcR/1km_8cm_CC46/1832_5167_08_IR_CC46.tif;https://download.data.grandlyon.com/files/grandlyon/imagerie/ortho2018/infrarouge/tif/1km_8cm_CC46/1832_5167_08_IR_CC46.tif;109
1832_5168_08_IR_CC46.tif;1832000;5168000;1833000;5169000;https://download.data.grandlyon.com/files/grandlyon/imagerie/ortho2018/infrarouge/GeoTiff_YcBcR/1km_8cm_CC46/1832_5168_08_IR_CC46.tif;https://download.data.grandlyon.com/files/grandlyon/imagerie/ortho2018/infrarouge/tif/1km_8cm_CC46/1832_5168_08_IR_CC46.tif;110
1832_5169_08_IR_CC46.tif;1832000;5169000;1833000;5170000;https://download.data.grandlyon.com/files/grandlyon/imagerie/ortho2018/infrarouge/GeoTiff_YcBcR/1km_8cm_CC46/1832_5169_08_IR_CC46.tif;https://download.data.grandlyon.com/files/grandlyon/imagerie/ortho2018/infrarouge/tif/1km_8cm_CC46/1832_5169_08_IR_CC46.tif;111
1832_5170_08_IR_CC46.tif;1832000;5170000;1833000;5171000;https://download.data.grandlyon.com/files/grandlyon/imagerie/ortho2018/infrarouge/GeoTiff_YcBcR/1km_8cm_CC46/1832_5170_08_IR_CC46.tif;https://download.data.grandlyon.com/files/grandlyon/imagerie/ortho2018/infrarouge/tif/1km_8cm_CC46/1832_5170_08_IR_CC46.tif;112
1832_5171_08_IR_CC46.tif;1832000;5171000;1833000;5172000;https://download.data.grandlyon.com/files/grandlyon/imagerie/ortho2018/infrarouge/GeoTiff_YcBcR/1km_8cm_CC46/1832_5171_08_IR_CC46.tif;https://download.data.grandlyon.com/files/grandlyon/imagerie/ortho2018/infrarouge/tif/1km_8cm_CC46/1832_5171_08_IR_CC46.tif;113
1832_5172_08_IR_CC46.tif;1832000;5172000;1833000;5173000;https://download.data.grandlyon.com/files/grandlyon/imagerie/ortho2018/infrarouge/GeoTiff_YcBcR/1km_8cm_CC46/1832_5172_08_IR_CC46.tif;https://download.data.grandlyon.com/files/grandlyon/imagerie/ortho2018/infrarouge/tif/1km_8cm_CC46/1832_5172_08_IR_CC46.tif;114
1832_5173_08_IR_CC46.tif;1832000;5173000;1833000;5174000;https://download.data.grandlyon.com/files/grandlyon/imagerie/ortho2018/infrarouge/GeoTiff_YcBcR/1km_8cm_CC46/1832_5173_08_IR_CC46.tif;https://download.data.grandlyon.com/files/grandlyon/imagerie/ortho2018/infrarouge/tif/1km_8cm_CC46/1832_5173_08_IR_CC46.tif;115
1832_5174_08_IR_CC46.tif;1832000;5174000;1833000;5175000;https://download.data.grandlyon.com/files/grandlyon/imagerie/ortho2018/infrarouge/GeoTiff_YcBcR/1km_8cm_CC46/1832_5174_08_IR_CC46.tif;https://download.data.grandlyon.com/files/grandlyon/imagerie/ortho2018/infrarouge/tif/1km_8cm_CC46/1832_5174_08_IR_CC46.tif;116
1832_5175_08_IR_CC46.tif;1832000;5175000;1833000;5176000;https://download.data.grandlyon.com/files/grandlyon/imagerie/ortho2018/infrarouge/GeoTiff_YcBcR/1km_8cm_CC46/1832_5175_08_IR_CC46.tif;https://download.data.grandlyon.com/files/grandlyon/imagerie/ortho2018/infrarouge/tif/1km_8cm_CC46/1832_5175_08_IR_CC46.tif;117
1832_5176_08_IR_CC46.tif;1832000;5176000;1833000;5177000;https://download.data.grandlyon.com/files/grandlyon/imagerie/ortho2018/infrarouge/GeoTiff_YcBcR/1km_8cm_CC46/1832_5176_08_IR_CC46.tif;https://download.data.grandlyon.com/files/grandlyon/imagerie/ortho2018/infrarouge/tif/1km_8cm_CC46/1832_5176_08_IR_CC46.tif;118
1832_5177_08_IR_CC46.tif;1832000;5177000;1833000;5178000;https://download.data.grandlyon.com/files/grandlyon/imagerie/ortho2018/infrarouge/GeoTiff_YcBcR/1km_8cm_CC46/1832_5177_08_IR_CC46.tif;https://download.data.grandlyon.com/files/grandlyon/imagerie/ortho2018/infrarouge/tif/1km_8cm_CC46/1832_5177_08_IR_CC46.tif;119
1832_5178_08_IR_CC46.tif;1832000;5178000;1833000;5179000;https://download.data.grandlyon.com/files/grandlyon/imagerie/ortho2018/infrarouge/GeoTiff_YcBcR/1km_8cm_CC46/1832_5178_08_IR_CC46.tif;https://download.data.grandlyon.com/files/grandlyon/imagerie/ortho2018/infrarouge/tif/1km_8cm_CC46/1832_5178_08_IR_CC46.tif;120
1832_5179_08_IR_CC46.tif;1832000;5179000;1833000;5180000;https://download.data.grandlyon.com/files/grandlyon/imagerie/ortho2018/infrarouge/GeoTiff_YcBcR/1km_8cm_CC46/1832_5179_08_IR_CC46.tif;https://download.data.grandlyon.com/files/grandlyon/imagerie/ortho2018/infrarouge/tif/1km_8cm_CC46/1832_5179_08_IR_CC46.tif;121
1832_5180_08_IR_CC46.tif;1832000;5180000;1833000;5181000;https://download.data.grandlyon.com/files/grandlyon/imagerie/ortho2018/infrarouge/GeoTiff_YcBcR/1km_8cm_CC46/1832_5180_08_IR_CC46.tif;https://download.data.grandlyon.com/files/grandlyon/imagerie/ortho2018/infrarouge/tif/1km_8cm_CC46/1832_5180_08_IR_CC46.tif;122
1832_5181_08_IR_CC46.tif;1832000;5181000;1833000;5182000;https://download.data.grandlyon.com/files/grandlyon/imagerie/ortho2018/infrarouge/GeoTiff_YcBcR/1km_8cm_CC46/1832_5181_08_IR_CC46.tif;https://download.data.grandlyon.com/files/grandlyon/imagerie/ortho2018/infrarouge/tif/1km_8cm_CC46/1832_5181_08_IR_CC46.tif;123
1832_5182_08_IR_CC46.tif;1832000;5182000;1833000;5183000;https://download.data.grandlyon.com/files/grandlyon/imagerie/ortho2018/infrarouge/GeoTiff_YcBcR/1km_8cm_CC46/1832_5182_08_IR_CC46.tif;https://download.data.grandlyon.com/files/grandlyon/imagerie/ortho2018/infrarouge/tif/1km_8cm_CC46/1832_5182_08_IR_CC46.tif;124
1832_5183_08_IR_CC46.tif;1832000;5183000;1833000;5184000;https://download.data.grandlyon.com/files/grandlyon/imagerie/ortho2018/infrarouge/GeoTiff_YcBcR/1km_8cm_CC46/1832_5183_08_IR_CC46.tif;https://download.data.grandlyon.com/files/grandlyon/imagerie/ortho2018/infrarouge/tif/1km_8cm_CC46/1832_5183_08_IR_CC46.tif;125
1832_5184_08_IR_CC46.tif;1832000;5184000;1833000;5185000;https://download.data.grandlyon.com/files/grandlyon/imagerie/ortho2018/infrarouge/GeoTiff_YcBcR/1km_8cm_CC46/1832_5184_08_IR_CC46.tif;https://download.data.grandlyon.com/files/grandlyon/imagerie/ortho2018/infrarouge/tif/1km_8cm_CC46/1832_5184_08_IR_CC46.tif;126
1832_5185_08_IR_CC46.tif;1832000;5185000;1833000;5186000;https://download.data.grandlyon.com/files/grandlyon/imagerie/ortho2018/infrarouge/GeoTiff_YcBcR/1km_8cm_CC46/1832_5185_08_IR_CC46.tif;https://download.data.grandlyon.com/files/grandlyon/imagerie/ortho2018/infrarouge/tif/1km_8cm_CC46/1832_5185_08_IR_CC46.tif;127
1832_5186_08_IR_CC46.tif;1832000;5186000;1833000;5187000;https://download.data.grandlyon.com/files/grandlyon/imagerie/ortho2018/infrarouge/GeoTiff_YcBcR/1km_8cm_CC46/1832_5186_08_IR_CC46.tif;https://download.data.grandlyon.com/files/grandlyon/imagerie/ortho2018/infrarouge/tif/1km_8cm_CC46/1832_5186_08_IR_CC46.tif;128
1832_5187_08_IR_CC46.tif;1832000;5187000;1833000;5188000;https://download.data.grandlyon.com/files/grandlyon/imagerie/ortho2018/infrarouge/GeoTiff_YcBcR/1km_8cm_CC46/1832_5187_08_IR_CC46.tif;https://download.data.grandlyon.com/files/grandlyon/imagerie/ortho2018/infrarouge/tif/1km_8cm_CC46/1832_5187_08_IR_CC46.tif;129
1832_5188_08_IR_CC46.tif;1832000;5188000;1833000;5189000;https://download.data.grandlyon.com/files/grandlyon/imagerie/ortho2018/infrarouge/GeoTiff_YcBcR/1km_8cm_CC46/1832_5188_08_IR_CC46.tif;https://download.data.grandlyon.com/files/grandlyon/imagerie/ortho2018/infrarouge/tif/1km_8cm_CC46/1832_5188_08_IR_CC46.tif;130
1832_5189_08_IR_CC46.tif;1832000;5189000;1833000;5190000;https://download.data.grandlyon.com/files/grandlyon/imagerie/ortho2018/infrarouge/GeoTiff_YcBcR/1km_8cm_CC46/1832_5189_08_IR_CC46.tif;https://download.data.grandlyon.com/files/grandlyon/imagerie/ortho2018/infrarouge/tif/1km_8cm_CC46/1832_5189_08_IR_CC46.tif;131
1832_5190_08_IR_CC46.tif;1832000;5190000;1833000;5191000;https://download.data.grandlyon.com/files/grandlyon/imagerie/ortho2018/infrarouge/GeoTiff_YcBcR/1km_8cm_CC46/1832_5190_08_IR_CC46.tif;https://download.data.grandlyon.com/files/grandlyon/imagerie/ortho2018/infrarouge/tif/1km_8cm_CC46/1832_5190_08_IR_CC46.tif;132
1832_5191_08_IR_CC46.tif;1832000;5191000;1833000;5192000;https://download.data.grandlyon.com/files/grandlyon/imagerie/ortho2018/infrarouge/GeoTiff_YcBcR/1km_8cm_CC46/1832_5191_08_IR_CC46.tif;https://download.data.grandlyon.com/files/grandlyon/imagerie/ortho2018/infrarouge/tif/1km_8cm_CC46/1832_5191_08_IR_CC46.tif;133
1832_5192_08_IR_CC46.tif;1832000;5192000;1833000;5193000;https://download.data.grandlyon.com/files/grandlyon/imagerie/ortho2018/infrarouge/GeoTiff_YcBcR/1km_8cm_CC46/1832_5192_08_IR_CC46.tif;https://download.data.grandlyon.com/files/grandlyon/imagerie/ortho2018/infrarouge/tif/1km_8cm_CC46/1832_5192_08_IR_CC46.tif;134
1832_5193_08_IR_CC46.tif;1832000;5193000;1833000;5194000;https://download.data.grandlyon.com/files/grandlyon/imagerie/ortho2018/infrarouge/GeoTiff_YcBcR/1km_8cm_CC46/1832_5193_08_IR_CC46.tif;https://download.data.grandlyon.com/files/grandlyon/imagerie/ortho2018/infrarouge/tif/1km_8cm_CC46/1832_5193_08_IR_CC46.tif;135
1832_5194_08_IR_CC46.tif;1832000;5194000;1833000;5195000;https://download.data.grandlyon.com/files/grandlyon/imagerie/ortho2018/infrarouge/GeoTiff_YcBcR/1km_8cm_CC46/1832_5194_08_IR_CC46.tif;https://download.data.grandlyon.com/files/grandlyon/imagerie/ortho2018/infrarouge/tif/1km_8cm_CC46/1832_5194_08_IR_CC46.tif;136
1832_5195_08_IR_CC46.tif;1832000;5195000;1833000;5196000;https://download.data.grandlyon.com/files/grandlyon/imagerie/ortho2018/infrarouge/GeoTiff_YcBcR/1km_8cm_CC46/1832_5195_08_IR_CC46.tif;https://download.data.grandlyon.com/files/grandlyon/imagerie/ortho2018/infrarouge/tif/1km_8cm_CC46/1832_5195_08_IR_CC46.tif;137
1832_5196_08_IR_CC46.tif;1832000;5196000;1833000;5197000;https://download.data.grandlyon.com/files/grandlyon/imagerie/ortho2018/infrarouge/GeoTiff_YcBcR/1km_8cm_CC46/1832_5196_08_IR_CC46.tif;https://download.data.grandlyon.com/files/grandlyon/imagerie/ortho2018/infrarouge/tif/1km_8cm_CC46/1832_5196_08_IR_CC46.tif;138
1833_5151_08_IR_CC46.tif;1833000;5151000;1834000;5152000;https://download.data.grandlyon.com/files/grandlyon/imagerie/ortho2018/infrarouge/GeoTiff_YcBcR/1km_8cm_CC46/1833_5151_08_IR_CC46.tif;https://download.data.grandlyon.com/files/grandlyon/imagerie/ortho2018/infrarouge/tif/1km_8cm_CC46/1833_5151_08_IR_CC46.tif;139
1833_5152_08_IR_CC46.tif;1833000;5152000;1834000;5153000;https://download.data.grandlyon.com/files/grandlyon/imagerie/ortho2018/infrarouge/GeoTiff_YcBcR/1km_8cm_CC46/1833_5152_08_IR_CC46.tif;https://download.data.grandlyon.com/files/grandlyon/imagerie/ortho2018/infrarouge/tif/1km_8cm_CC46/1833_5152_08_IR_CC46.tif;140
1833_5153_08_IR_CC46.tif;1833000;5153000;1834000;5154000;https://download.data.grandlyon.com/files/grandlyon/imagerie/ortho2018/infrarouge/GeoTiff_YcBcR/1km_8cm_CC46/1833_5153_08_IR_CC46.tif;https://download.data.grandlyon.com/files/grandlyon/imagerie/ortho2018/infrarouge/tif/1km_8cm_CC46/1833_5153_08_IR_CC46.tif;141
1833_5154_08_IR_CC46.tif;1833000;5154000;1834000;5155000;https://download.data.grandlyon.com/files/grandlyon/imagerie/ortho2018/infrarouge/GeoTiff_YcBcR/1km_8cm_CC46/1833_5154_08_IR_CC46.tif;https://download.data.grandlyon.com/files/grandlyon/imagerie/ortho2018/infrarouge/tif/1km_8cm_CC46/1833_5154_08_IR_CC46.tif;142
1833_5155_08_IR_CC46.tif;1833000;5155000;1834000;5156000;https://download.data.grandlyon.com/files/grandlyon/imagerie/ortho2018/infrarouge/GeoTiff_YcBcR/1km_8cm_CC46/1833_5155_08_IR_CC46.tif;https://download.data.grandlyon.com/files/grandlyon/imagerie/ortho2018/infrarouge/tif/1km_8cm_CC46/1833_5155_08_IR_CC46.tif;143
1833_5156_08_IR_CC46.tif;1833000;5156000;1834000;5157000;https://download.data.grandlyon.com/files/grandlyon/imagerie/ortho2018/infrarouge/GeoTiff_YcBcR/1km_8cm_CC46/1833_5156_08_IR_CC46.tif;https://download.data.grandlyon.com/files/grandlyon/imagerie/ortho2018/infrarouge/tif/1km_8cm_CC46/1833_5156_08_IR_CC46.tif;144
1833_5157_08_IR_CC46.tif;1833000;5157000;1834000;5158000;https://download.data.grandlyon.com/files/grandlyon/imagerie/ortho2018/infrarouge/GeoTiff_YcBcR/1km_8cm_CC46/1833_5157_08_IR_CC46.tif;https://download.data.grandlyon.com/files/grandlyon/imagerie/ortho2018/infrarouge/tif/1km_8cm_CC46/1833_5157_08_IR_CC46.tif;145
1833_5158_08_IR_CC46.tif;1833000;5158000;1834000;5159000;https://download.data.grandlyon.com/files/grandlyon/imagerie/ortho2018/infrarouge/GeoTiff_YcBcR/1km_8cm_CC46/1833_5158_08_IR_CC46.tif;https://download.data.grandlyon.com/files/grandlyon/imagerie/ortho2018/infrarouge/tif/1km_8cm_CC46/1833_5158_08_IR_CC46.tif;146
1833_5159_08_IR_CC46.tif;1833000;5159000;1834000;5160000;https://download.data.grandlyon.com/files/grandlyon/imagerie/ortho2018/infrarouge/GeoTiff_YcBcR/1km_8cm_CC46/1833_5159_08_IR_CC46.tif;https://download.data.grandlyon.com/files/grandlyon/imagerie/ortho2018/infrarouge/tif/1km_8cm_CC46/1833_5159_08_IR_CC46.tif;147
1833_5160_08_IR_CC46.tif;1833000;5160000;1834000;5161000;https://download.data.grandlyon.com/files/grandlyon/imagerie/ortho2018/infrarouge/GeoTiff_YcBcR/1km_8cm_CC46/1833_5160_08_IR_CC46.tif;https://download.data.grandlyon.com/files/grandlyon/imagerie/ortho2018/infrarouge/tif/1km_8cm_CC46/1833_5160_08_IR_CC46.tif;148
1833_5161_08_IR_CC46.tif;1833000;5161000;1834000;5162000;https://download.data.grandlyon.com/files/grandlyon/imagerie/ortho2018/infrarouge/GeoTiff_YcBcR/1km_8cm_CC46/1833_5161_08_IR_CC46.tif;https://download.data.grandlyon.com/files/grandlyon/imagerie/ortho2018/infrarouge/tif/1km_8cm_CC46/1833_5161_08_IR_CC46.tif;149
1833_5162_08_IR_CC46.tif;1833000;5162000;1834000;5163000;https://download.data.grandlyon.com/files/grandlyon/imagerie/ortho2018/infrarouge/GeoTiff_YcBcR/1km_8cm_CC46/1833_5162_08_IR_CC46.tif;https://download.data.grandlyon.com/files/grandlyon/imagerie/ortho2018/infrarouge/tif/1km_8cm_CC46/1833_5162_08_IR_CC46.tif;150
1833_5163_08_IR_CC46.tif;1833000;5163000;1834000;5164000;https://download.data.grandlyon.com/files/grandlyon/imagerie/ortho2018/infrarouge/GeoTiff_YcBcR/1km_8cm_CC46/1833_5163_08_IR_CC46.tif;https://download.data.grandlyon.com/files/grandlyon/imagerie/ortho2018/infrarouge/tif/1km_8cm_CC46/1833_5163_08_IR_CC46.tif;151
1833_5164_08_IR_CC46.tif;1833000;5164000;1834000;5165000;https://download.data.grandlyon.com/files/grandlyon/imagerie/ortho2018/infrarouge/GeoTiff_YcBcR/1km_8cm_CC46/1833_5164_08_IR_CC46.tif;https://download.data.grandlyon.com/files/grandlyon/imagerie/ortho2018/infrarouge/tif/1km_8cm_CC46/1833_5164_08_IR_CC46.tif;152
1833_5165_08_IR_CC46.tif;1833000;5165000;1834000;5166000;https://download.data.grandlyon.com/files/grandlyon/imagerie/ortho2018/infrarouge/GeoTiff_YcBcR/1km_8cm_CC46/1833_5165_08_IR_CC46.tif;https://download.data.grandlyon.com/files/grandlyon/imagerie/ortho2018/infrarouge/tif/1km_8cm_CC46/1833_5165_08_IR_CC46.tif;153
1833_5166_08_IR_CC46.tif;1833000;5166000;1834000;5167000;https://download.data.grandlyon.com/files/grandlyon/imagerie/ortho2018/infrarouge/GeoTiff_YcBcR/1km_8cm_CC46/1833_5166_08_IR_CC46.tif;https://download.data.grandlyon.com/files/grandlyon/imagerie/ortho2018/infrarouge/tif/1km_8cm_CC46/1833_5166_08_IR_CC46.tif;154
1833_5167_08_IR_CC46.tif;1833000;5167000;1834000;5168000;https://download.data.grandlyon.com/files/grandlyon/imagerie/ortho2018/infrarouge/GeoTiff_YcBcR/1km_8cm_CC46/1833_5167_08_IR_CC46.tif;https://download.data.grandlyon.com/files/grandlyon/imagerie/ortho2018/infrarouge/tif/1km_8cm_CC46/1833_5167_08_IR_CC46.tif;155
1833_5168_08_IR_CC46.tif;1833000;5168000;1834000;5169000;https://download.data.grandlyon.com/files/grandlyon/imagerie/ortho2018/infrarouge/GeoTiff_YcBcR/1km_8cm_CC46/1833_5168_08_IR_CC46.tif;https://download.data.grandlyon.com/files/grandlyon/imagerie/ortho2018/infrarouge/tif/1km_8cm_CC46/1833_5168_08_IR_CC46.tif;156
1833_5169_08_IR_CC46.tif;1833000;5169000;1834000;5170000;https://download.data.grandlyon.com/files/grandlyon/imagerie/ortho2018/infrarouge/GeoTiff_YcBcR/1km_8cm_CC46/1833_5169_08_IR_CC46.tif;https://download.data.grandlyon.com/files/grandlyon/imagerie/ortho2018/infrarouge/tif/1km_8cm_CC46/1833_5169_08_IR_CC46.tif;157
1833_5170_08_IR_CC46.tif;1833000;5170000;1834000;5171000;https://download.data.grandlyon.com/files/grandlyon/imagerie/ortho2018/infrarouge/GeoTiff_YcBcR/1km_8cm_CC46/1833_5170_08_IR_CC46.tif;https://download.data.grandlyon.com/files/grandlyon/imagerie/ortho2018/infrarouge/tif/1km_8cm_CC46/1833_5170_08_IR_CC46.tif;158
1833_5171_08_IR_CC46.tif;1833000;5171000;1834000;5172000;https://download.data.grandlyon.com/files/grandlyon/imagerie/ortho2018/infrarouge/GeoTiff_YcBcR/1km_8cm_CC46/1833_5171_08_IR_CC46.tif;https://download.data.grandlyon.com/files/grandlyon/imagerie/ortho2018/infrarouge/tif/1km_8cm_CC46/1833_5171_08_IR_CC46.tif;159
1833_5172_08_IR_CC46.tif;1833000;5172000;1834000;5173000;https://download.data.grandlyon.com/files/grandlyon/imagerie/ortho2018/infrarouge/GeoTiff_YcBcR/1km_8cm_CC46/1833_5172_08_IR_CC46.tif;https://download.data.grandlyon.com/files/grandlyon/imagerie/ortho2018/infrarouge/tif/1km_8cm_CC46/1833_5172_08_IR_CC46.tif;160
1833_5173_08_IR_CC46.tif;1833000;5173000;1834000;5174000;https://download.data.grandlyon.com/files/grandlyon/imagerie/ortho2018/infrarouge/GeoTiff_YcBcR/1km_8cm_CC46/1833_5173_08_IR_CC46.tif;https://download.data.grandlyon.com/files/grandlyon/imagerie/ortho2018/infrarouge/tif/1km_8cm_CC46/1833_5173_08_IR_CC46.tif;161
1833_5174_08_IR_CC46.tif;1833000;5174000;1834000;5175000;https://download.data.grandlyon.com/files/grandlyon/imagerie/ortho2018/infrarouge/GeoTiff_YcBcR/1km_8cm_CC46/1833_5174_08_IR_CC46.tif;https://download.data.grandlyon.com/files/grandlyon/imagerie/ortho2018/infrarouge/tif/1km_8cm_CC46/1833_5174_08_IR_CC46.tif;162
1833_5175_08_IR_CC46.tif;1833000;5175000;1834000;5176000;https://download.data.grandlyon.com/files/grandlyon/imagerie/ortho2018/infrarouge/GeoTiff_YcBcR/1km_8cm_CC46/1833_5175_08_IR_CC46.tif;https://download.data.grandlyon.com/files/grandlyon/imagerie/ortho2018/infrarouge/tif/1km_8cm_CC46/1833_5175_08_IR_CC46.tif;163
1833_5176_08_IR_CC46.tif;1833000;5176000;1834000;5177000;https://download.data.grandlyon.com/files/grandlyon/imagerie/ortho2018/infrarouge/GeoTiff_YcBcR/1km_8cm_CC46/1833_5176_08_IR_CC46.tif;https://download.data.grandlyon.com/files/grandlyon/imagerie/ortho2018/infrarouge/tif/1km_8cm_CC46/1833_5176_08_IR_CC46.tif;164
1833_5177_08_IR_CC46.tif;1833000;5177000;1834000;5178000;https://download.data.grandlyon.com/files/grandlyon/imagerie/ortho2018/infrarouge/GeoTiff_YcBcR/1km_8cm_CC46/1833_5177_08_IR_CC46.tif;https://download.data.grandlyon.com/files/grandlyon/imagerie/ortho2018/infrarouge/tif/1km_8cm_CC46/1833_5177_08_IR_CC46.tif;165
1833_5178_08_IR_CC46.tif;1833000;5178000;1834000;5179000;https://download.data.grandlyon.com/files/grandlyon/imagerie/ortho2018/infrarouge/GeoTiff_YcBcR/1km_8cm_CC46/1833_5178_08_IR_CC46.tif;https://download.data.grandlyon.com/files/grandlyon/imagerie/ortho2018/infrarouge/tif/1km_8cm_CC46/1833_5178_08_IR_CC46.tif;166
1833_5179_08_IR_CC46.tif;1833000;5179000;1834000;5180000;https://download.data.grandlyon.com/files/grandlyon/imagerie/ortho2018/infrarouge/GeoTiff_YcBcR/1km_8cm_CC46/1833_5179_08_IR_CC46.tif;https://download.data.grandlyon.com/files/grandlyon/imagerie/ortho2018/infrarouge/tif/1km_8cm_CC46/1833_5179_08_IR_CC46.tif;167
1833_5180_08_IR_CC46.tif;1833000;5180000;1834000;5181000;https://download.data.grandlyon.com/files/grandlyon/imagerie/ortho2018/infrarouge/GeoTiff_YcBcR/1km_8cm_CC46/1833_5180_08_IR_CC46.tif;https://download.data.grandlyon.com/files/grandlyon/imagerie/ortho2018/infrarouge/tif/1km_8cm_CC46/1833_5180_08_IR_CC46.tif;168
1833_5181_08_IR_CC46.tif;1833000;5181000;1834000;5182000;https://download.data.grandlyon.com/files/grandlyon/imagerie/ortho2018/infrarouge/GeoTiff_YcBcR/1km_8cm_CC46/1833_5181_08_IR_CC46.tif;https://download.data.grandlyon.com/files/grandlyon/imagerie/ortho2018/infrarouge/tif/1km_8cm_CC46/1833_5181_08_IR_CC46.tif;169
1833_5182_08_IR_CC46.tif;1833000;5182000;1834000;5183000;https://download.data.grandlyon.com/files/grandlyon/imagerie/ortho2018/infrarouge/GeoTiff_YcBcR/1km_8cm_CC46/1833_5182_08_IR_CC46.tif;https://download.data.grandlyon.com/files/grandlyon/imagerie/ortho2018/infrarouge/tif/1km_8cm_CC46/1833_5182_08_IR_CC46.tif;170
1833_5183_08_IR_CC46.tif;1833000;5183000;1834000;5184000;https://download.data.grandlyon.com/files/grandlyon/imagerie/ortho2018/infrarouge/GeoTiff_YcBcR/1km_8cm_CC46/1833_5183_08_IR_CC46.tif;https://download.data.grandlyon.com/files/grandlyon/imagerie/ortho2018/infrarouge/tif/1km_8cm_CC46/1833_5183_08_IR_CC46.tif;171
1833_5184_08_IR_CC46.tif;1833000;5184000;1834000;5185000;https://download.data.grandlyon.com/files/grandlyon/imagerie/ortho2018/infrarouge/GeoTiff_YcBcR/1km_8cm_CC46/1833_5184_08_IR_CC46.tif;https://download.data.grandlyon.com/files/grandlyon/imagerie/ortho2018/infrarouge/tif/1km_8cm_CC46/1833_5184_08_IR_CC46.tif;172
1833_5185_08_IR_CC46.tif;1833000;5185000;1834000;5186000;https://download.data.grandlyon.com/files/grandlyon/imagerie/ortho2018/infrarouge/GeoTiff_YcBcR/1km_8cm_CC46/1833_5185_08_IR_CC46.tif;https://download.data.grandlyon.com/files/grandlyon/imagerie/ortho2018/infrarouge/tif/1km_8cm_CC46/1833_5185_08_IR_CC46.tif;173
1833_5186_08_IR_CC46.tif;1833000;5186000;1834000;5187000;https://download.data.grandlyon.com/files/grandlyon/imagerie/ortho2018/infrarouge/GeoTiff_YcBcR/1km_8cm_CC46/1833_5186_08_IR_CC46.tif;https://download.data.grandlyon.com/files/grandlyon/imagerie/ortho2018/infrarouge/tif/1km_8cm_CC46/1833_5186_08_IR_CC46.tif;174
1833_5187_08_IR_CC46.tif;1833000;5187000;1834000;5188000;https://download.data.grandlyon.com/files/grandlyon/imagerie/ortho2018/infrarouge/GeoTiff_YcBcR/1km_8cm_CC46/1833_5187_08_IR_CC46.tif;https://download.data.grandlyon.com/files/grandlyon/imagerie/ortho2018/infrarouge/tif/1km_8cm_CC46/1833_5187_08_IR_CC46.tif;175
1833_5188_08_IR_CC46.tif;1833000;5188000;1834000;5189000;https://download.data.grandlyon.com/files/grandlyon/imagerie/ortho2018/infrarouge/GeoTiff_YcBcR/1km_8cm_CC46/1833_5188_08_IR_CC46.tif;https://download.data.grandlyon.com/files/grandlyon/imagerie/ortho2018/infrarouge/tif/1km_8cm_CC46/1833_5188_08_IR_CC46.tif;176
1833_5189_08_IR_CC46.tif;1833000;5189000;1834000;5190000;https://download.data.grandlyon.com/files/grandlyon/imagerie/ortho2018/infrarouge/GeoTiff_YcBcR/1km_8cm_CC46/1833_5189_08_IR_CC46.tif;https://download.data.grandlyon.com/files/grandlyon/imagerie/ortho2018/infrarouge/tif/1km_8cm_CC46/1833_5189_08_IR_CC46.tif;177
1833_5190_08_IR_CC46.tif;1833000;5190000;1834000;5191000;https://download.data.grandlyon.com/files/grandlyon/imagerie/ortho2018/infrarouge/GeoTiff_YcBcR/1km_8cm_CC46/1833_5190_08_IR_CC46.tif;https://download.data.grandlyon.com/files/grandlyon/imagerie/ortho2018/infrarouge/tif/1km_8cm_CC46/1833_5190_08_IR_CC46.tif;178
1833_5191_08_IR_CC46.tif;1833000;5191000;1834000;5192000;https://download.data.grandlyon.com/files/grandlyon/imagerie/ortho2018/infrarouge/GeoTiff_YcBcR/1km_8cm_CC46/1833_5191_08_IR_CC46.tif;https://download.data.grandlyon.com/files/grandlyon/imagerie/ortho2018/infrarouge/tif/1km_8cm_CC46/1833_5191_08_IR_CC46.tif;179
1833_5192_08_IR_CC46.tif;1833000;5192000;1834000;5193000;https://download.data.grandlyon.com/files/grandlyon/imagerie/ortho2018/infrarouge/GeoTiff_YcBcR/1km_8cm_CC46/1833_5192_08_IR_CC46.tif;https://download.data.grandlyon.com/files/grandlyon/imagerie/ortho2018/infrarouge/tif/1km_8cm_CC46/1833_5192_08_IR_CC46.tif;180
1833_5193_08_IR_CC46.tif;1833000;5193000;1834000;5194000;https://download.data.grandlyon.com/files/grandlyon/imagerie/ortho2018/infrarouge/GeoTiff_YcBcR/1km_8cm_CC46/1833_5193_08_IR_CC46.tif;https://download.data.grandlyon.com/files/grandlyon/imagerie/ortho2018/infrarouge/tif/1km_8cm_CC46/1833_5193_08_IR_CC46.tif;181
1833_5194_08_IR_CC46.tif;1833000;5194000;1834000;5195000;https://download.data.grandlyon.com/files/grandlyon/imagerie/ortho2018/infrarouge/GeoTiff_YcBcR/1km_8cm_CC46/1833_5194_08_IR_CC46.tif;https://download.data.grandlyon.com/files/grandlyon/imagerie/ortho2018/infrarouge/tif/1km_8cm_CC46/1833_5194_08_IR_CC46.tif;182
1833_5195_08_IR_CC46.tif;1833000;5195000;1834000;5196000;https://download.data.grandlyon.com/files/grandlyon/imagerie/ortho2018/infrarouge/GeoTiff_YcBcR/1km_8cm_CC46/1833_5195_08_IR_CC46.tif;https://download.data.grandlyon.com/files/grandlyon/imagerie/ortho2018/infrarouge/tif/1km_8cm_CC46/1833_5195_08_IR_CC46.tif;183
1833_5196_08_IR_CC46.tif;1833000;5196000;1834000;5197000;https://download.data.grandlyon.com/files/grandlyon/imagerie/ortho2018/infrarouge/GeoTiff_YcBcR/1km_8cm_CC46/1833_5196_08_IR_CC46.tif;https://download.data.grandlyon.com/files/grandlyon/imagerie/ortho2018/infrarouge/tif/1km_8cm_CC46/1833_5196_08_IR_CC46.tif;184
1834_5151_08_IR_CC46.tif;1834000;5151000;1835000;5152000;https://download.data.grandlyon.com/files/grandlyon/imagerie/ortho2018/infrarouge/GeoTiff_YcBcR/1km_8cm_CC46/1834_5151_08_IR_CC46.tif;https://download.data.grandlyon.com/files/grandlyon/imagerie/ortho2018/infrarouge/tif/1km_8cm_CC46/1834_5151_08_IR_CC46.tif;185
1834_5152_08_IR_CC46.tif;1834000;5152000;1835000;5153000;https://download.data.grandlyon.com/files/grandlyon/imagerie/ortho2018/infrarouge/GeoTiff_YcBcR/1km_8cm_CC46/1834_5152_08_IR_CC46.tif;https://download.data.grandlyon.com/files/grandlyon/imagerie/ortho2018/infrarouge/tif/1km_8cm_CC46/1834_5152_08_IR_CC46.tif;186
1834_5153_08_IR_CC46.tif;1834000;5153000;1835000;5154000;https://download.data.grandlyon.com/files/grandlyon/imagerie/ortho2018/infrarouge/GeoTiff_YcBcR/1km_8cm_CC46/1834_5153_08_IR_CC46.tif;https://download.data.grandlyon.com/files/grandlyon/imagerie/ortho2018/infrarouge/tif/1km_8cm_CC46/1834_5153_08_IR_CC46.tif;187
1834_5154_08_IR_CC46.tif;1834000;5154000;1835000;5155000;https://download.data.grandlyon.com/files/grandlyon/imagerie/ortho2018/infrarouge/GeoTiff_YcBcR/1km_8cm_CC46/1834_5154_08_IR_CC46.tif;https://download.data.grandlyon.com/files/grandlyon/imagerie/ortho2018/infrarouge/tif/1km_8cm_CC46/1834_5154_08_IR_CC46.tif;188
1834_5155_08_IR_CC46.tif;1834000;5155000;1835000;5156000;https://download.data.grandlyon.com/files/grandlyon/imagerie/ortho2018/infrarouge/GeoTiff_YcBcR/1km_8cm_CC46/1834_5155_08_IR_CC46.tif;https://download.data.grandlyon.com/files/grandlyon/imagerie/ortho2018/infrarouge/tif/1km_8cm_CC46/1834_5155_08_IR_CC46.tif;189
1834_5156_08_IR_CC46.tif;1834000;5156000;1835000;5157000;https://download.data.grandlyon.com/files/grandlyon/imagerie/ortho2018/infrarouge/GeoTiff_YcBcR/1km_8cm_CC46/1834_5156_08_IR_CC46.tif;https://download.data.grandlyon.com/files/grandlyon/imagerie/ortho2018/infrarouge/tif/1km_8cm_CC46/1834_5156_08_IR_CC46.tif;190
1834_5157_08_IR_CC46.tif;1834000;5157000;1835000;5158000;https://download.data.grandlyon.com/files/grandlyon/imagerie/ortho2018/infrarouge/GeoTiff_YcBcR/1km_8cm_CC46/1834_5157_08_IR_CC46.tif;https://download.data.grandlyon.com/files/grandlyon/imagerie/ortho2018/infrarouge/tif/1km_8cm_CC46/1834_5157_08_IR_CC46.tif;191
1834_5158_08_IR_CC46.tif;1834000;5158000;1835000;5159000;https://download.data.grandlyon.com/files/grandlyon/imagerie/ortho2018/infrarouge/GeoTiff_YcBcR/1km_8cm_CC46/1834_5158_08_IR_CC46.tif;https://download.data.grandlyon.com/files/grandlyon/imagerie/ortho2018/infrarouge/tif/1km_8cm_CC46/1834_5158_08_IR_CC46.tif;192
1834_5159_08_IR_CC46.tif;1834000;5159000;1835000;5160000;https://download.data.grandlyon.com/files/grandlyon/imagerie/ortho2018/infrarouge/GeoTiff_YcBcR/1km_8cm_CC46/1834_5159_08_IR_CC46.tif;https://download.data.grandlyon.com/files/grandlyon/imagerie/ortho2018/infrarouge/tif/1km_8cm_CC46/1834_5159_08_IR_CC46.tif;193
1834_5160_08_IR_CC46.tif;1834000;5160000;1835000;5161000;https://download.data.grandlyon.com/files/grandlyon/imagerie/ortho2018/infrarouge/GeoTiff_YcBcR/1km_8cm_CC46/1834_5160_08_IR_CC46.tif;https://download.data.grandlyon.com/files/grandlyon/imagerie/ortho2018/infrarouge/tif/1km_8cm_CC46/1834_5160_08_IR_CC46.tif;194
1834_5161_08_IR_CC46.tif;1834000;5161000;1835000;5162000;https://download.data.grandlyon.com/files/grandlyon/imagerie/ortho2018/infrarouge/GeoTiff_YcBcR/1km_8cm_CC46/1834_5161_08_IR_CC46.tif;https://download.data.grandlyon.com/files/grandlyon/imagerie/ortho2018/infrarouge/tif/1km_8cm_CC46/1834_5161_08_IR_CC46.tif;195
1834_5162_08_IR_CC46.tif;1834000;5162000;1835000;5163000;https://download.data.grandlyon.com/files/grandlyon/imagerie/ortho2018/infrarouge/GeoTiff_YcBcR/1km_8cm_CC46/1834_5162_08_IR_CC46.tif;https://download.data.grandlyon.com/files/grandlyon/imagerie/ortho2018/infrarouge/tif/1km_8cm_CC46/1834_5162_08_IR_CC46.tif;196
1834_5163_08_IR_CC46.tif;1834000;5163000;1835000;5164000;https://download.data.grandlyon.com/files/grandlyon/imagerie/ortho2018/infrarouge/GeoTiff_YcBcR/1km_8cm_CC46/1834_5163_08_IR_CC46.tif;https://download.data.grandlyon.com/files/grandlyon/imagerie/ortho2018/infrarouge/tif/1km_8cm_CC46/1834_5163_08_IR_CC46.tif;197
1834_5164_08_IR_CC46.tif;1834000;5164000;1835000;5165000;https://download.data.grandlyon.com/files/grandlyon/imagerie/ortho2018/infrarouge/GeoTiff_YcBcR/1km_8cm_CC46/1834_5164_08_IR_CC46.tif;https://download.data.grandlyon.com/files/grandlyon/imagerie/ortho2018/infrarouge/tif/1km_8cm_CC46/1834_5164_08_IR_CC46.tif;198
1834_5165_08_IR_CC46.tif;1834000;5165000;1835000;5166000;https://download.data.grandlyon.com/files/grandlyon/imagerie/ortho2018/infrarouge/GeoTiff_YcBcR/1km_8cm_CC46/1834_5165_08_IR_CC46.tif;https://download.data.grandlyon.com/files/grandlyon/imagerie/ortho2018/infrarouge/tif/1km_8cm_CC46/1834_5165_08_IR_CC46.tif;199
1834_5166_08_IR_CC46.tif;1834000;5166000;1835000;5167000;https://download.data.grandlyon.com/files/grandlyon/imagerie/ortho2018/infrarouge/GeoTiff_YcBcR/1km_8cm_CC46/1834_5166_08_IR_CC46.tif;https://download.data.grandlyon.com/files/grandlyon/imagerie/ortho2018/infrarouge/tif/1km_8cm_CC46/1834_5166_08_IR_CC46.tif;200
1834_5167_08_IR_CC46.tif;1834000;5167000;1835000;5168000;https://download.data.grandlyon.com/files/grandlyon/imagerie/ortho2018/infrarouge/GeoTiff_YcBcR/1km_8cm_CC46/1834_5167_08_IR_CC46.tif;https://download.data.grandlyon.com/files/grandlyon/imagerie/ortho2018/infrarouge/tif/1km_8cm_CC46/1834_5167_08_IR_CC46.tif;201
1834_5168_08_IR_CC46.tif;1834000;5168000;1835000;5169000;https://download.data.grandlyon.com/files/grandlyon/imagerie/ortho2018/infrarouge/GeoTiff_YcBcR/1km_8cm_CC46/1834_5168_08_IR_CC46.tif;https://download.data.grandlyon.com/files/grandlyon/imagerie/ortho2018/infrarouge/tif/1km_8cm_CC46/1834_5168_08_IR_CC46.tif;202
1834_5169_08_IR_CC46.tif;1834000;5169000;1835000;5170000;https://download.data.grandlyon.com/files/grandlyon/imagerie/ortho2018/infrarouge/GeoTiff_YcBcR/1km_8cm_CC46/1834_5169_08_IR_CC46.tif;https://download.data.grandlyon.com/files/grandlyon/imagerie/ortho2018/infrarouge/tif/1km_8cm_CC46/1834_5169_08_IR_CC46.tif;203
1834_5170_08_IR_CC46.tif;1834000;5170000;1835000;5171000;https://download.data.grandlyon.com/files/grandlyon/imagerie/ortho2018/infrarouge/GeoTiff_YcBcR/1km_8cm_CC46/1834_5170_08_IR_CC46.tif;https://download.data.grandlyon.com/files/grandlyon/imagerie/ortho2018/infrarouge/tif/1km_8cm_CC46/1834_5170_08_IR_CC46.tif;204
1834_5171_08_IR_CC46.tif;1834000;5171000;1835000;5172000;https://download.data.grandlyon.com/files/grandlyon/imagerie/ortho2018/infrarouge/GeoTiff_YcBcR/1km_8cm_CC46/1834_5171_08_IR_CC46.tif;https://download.data.grandlyon.com/files/grandlyon/imagerie/ortho2018/infrarouge/tif/1km_8cm_CC46/1834_5171_08_IR_CC46.tif;205
1834_5172_08_IR_CC46.tif;1834000;5172000;1835000;5173000;https://download.data.grandlyon.com/files/grandlyon/imagerie/ortho2018/infrarouge/GeoTiff_YcBcR/1km_8cm_CC46/1834_5172_08_IR_CC46.tif;https://download.data.grandlyon.com/files/grandlyon/imagerie/ortho2018/infrarouge/tif/1km_8cm_CC46/1834_5172_08_IR_CC46.tif;206
1834_5173_08_IR_CC46.tif;1834000;5173000;1835000;5174000;https://download.data.grandlyon.com/files/grandlyon/imagerie/ortho2018/infrarouge/GeoTiff_YcBcR/1km_8cm_CC46/1834_5173_08_IR_CC46.tif;https://download.data.grandlyon.com/files/grandlyon/imagerie/ortho2018/infrarouge/tif/1km_8cm_CC46/1834_5173_08_IR_CC46.tif;207
1834_5174_08_IR_CC46.tif;1834000;5174000;1835000;5175000;https://download.data.grandlyon.com/files/grandlyon/imagerie/ortho2018/infrarouge/GeoTiff_YcBcR/1km_8cm_CC46/1834_5174_08_IR_CC46.tif;https://download.data.grandlyon.com/files/grandlyon/imagerie/ortho2018/infrarouge/tif/1km_8cm_CC46/1834_5174_08_IR_CC46.tif;208
1834_5175_08_IR_CC46.tif;1834000;5175000;1835000;5176000;https://download.data.grandlyon.com/files/grandlyon/imagerie/ortho2018/infrarouge/GeoTiff_YcBcR/1km_8cm_CC46/1834_5175_08_IR_CC46.tif;https://download.data.grandlyon.com/files/grandlyon/imagerie/ortho2018/infrarouge/tif/1km_8cm_CC46/1834_5175_08_IR_CC46.tif;209
1834_5176_08_IR_CC46.tif;1834000;5176000;1835000;5177000;https://download.data.grandlyon.com/files/grandlyon/imagerie/ortho2018/infrarouge/GeoTiff_YcBcR/1km_8cm_CC46/1834_5176_08_IR_CC46.tif;https://download.data.grandlyon.com/files/grandlyon/imagerie/ortho2018/infrarouge/tif/1km_8cm_CC46/1834_5176_08_IR_CC46.tif;210
1834_5177_08_IR_CC46.tif;1834000;5177000;1835000;5178000;https://download.data.grandlyon.com/files/grandlyon/imagerie/ortho2018/infrarouge/GeoTiff_YcBcR/1km_8cm_CC46/1834_5177_08_IR_CC46.tif;https://download.data.grandlyon.com/files/grandlyon/imagerie/ortho2018/infrarouge/tif/1km_8cm_CC46/1834_5177_08_IR_CC46.tif;211
1834_5178_08_IR_CC46.tif;1834000;5178000;1835000;5179000;https://download.data.grandlyon.com/files/grandlyon/imagerie/ortho2018/infrarouge/GeoTiff_YcBcR/1km_8cm_CC46/1834_5178_08_IR_CC46.tif;https://download.data.grandlyon.com/files/grandlyon/imagerie/ortho2018/infrarouge/tif/1km_8cm_CC46/1834_5178_08_IR_CC46.tif;212
1834_5179_08_IR_CC46.tif;1834000;5179000;1835000;5180000;https://download.data.grandlyon.com/files/grandlyon/imagerie/ortho2018/infrarouge/GeoTiff_YcBcR/1km_8cm_CC46/1834_5179_08_IR_CC46.tif;https://download.data.grandlyon.com/files/grandlyon/imagerie/ortho2018/infrarouge/tif/1km_8cm_CC46/1834_5179_08_IR_CC46.tif;213
1834_5180_08_IR_CC46.tif;1834000;5180000;1835000;5181000;https://download.data.grandlyon.com/files/grandlyon/imagerie/ortho2018/infrarouge/GeoTiff_YcBcR/1km_8cm_CC46/1834_5180_08_IR_CC46.tif;https://download.data.grandlyon.com/files/grandlyon/imagerie/ortho2018/infrarouge/tif/1km_8cm_CC46/1834_5180_08_IR_CC46.tif;214
1834_5181_08_IR_CC46.tif;1834000;5181000;1835000;5182000;https://download.data.grandlyon.com/files/grandlyon/imagerie/ortho2018/infrarouge/GeoTiff_YcBcR/1km_8cm_CC46/1834_5181_08_IR_CC46.tif;https://download.data.grandlyon.com/files/grandlyon/imagerie/ortho2018/infrarouge/tif/1km_8cm_CC46/1834_5181_08_IR_CC46.tif;215
1834_5182_08_IR_CC46.tif;1834000;5182000;1835000;5183000;https://download.data.grandlyon.com/files/grandlyon/imagerie/ortho2018/infrarouge/GeoTiff_YcBcR/1km_8cm_CC46/1834_5182_08_IR_CC46.tif;https://download.data.grandlyon.com/files/grandlyon/imagerie/ortho2018/infrarouge/tif/1km_8cm_CC46/1834_5182_08_IR_CC46.tif;216
1834_5183_08_IR_CC46.tif;1834000;5183000;1835000;5184000;https://download.data.grandlyon.com/files/grandlyon/imagerie/ortho2018/infrarouge/GeoTiff_YcBcR/1km_8cm_CC46/1834_5183_08_IR_CC46.tif;https://download.data.grandlyon.com/files/grandlyon/imagerie/ortho2018/infrarouge/tif/1km_8cm_CC46/1834_5183_08_IR_CC46.tif;217
1834_5184_08_IR_CC46.tif;1834000;5184000;1835000;5185000;https://download.data.grandlyon.com/files/grandlyon/imagerie/ortho2018/infrarouge/GeoTiff_YcBcR/1km_8cm_CC46/1834_5184_08_IR_CC46.tif;https://download.data.grandlyon.com/files/grandlyon/imagerie/ortho2018/infrarouge/tif/1km_8cm_CC46/1834_5184_08_IR_CC46.tif;218
1834_5185_08_IR_CC46.tif;1834000;5185000;1835000;5186000;https://download.data.grandlyon.com/files/grandlyon/imagerie/ortho2018/infrarouge/GeoTiff_YcBcR/1km_8cm_CC46/1834_5185_08_IR_CC46.tif;https://download.data.grandlyon.com/files/grandlyon/imagerie/ortho2018/infrarouge/tif/1km_8cm_CC46/1834_5185_08_IR_CC46.tif;219
1834_5186_08_IR_CC46.tif;1834000;5186000;1835000;5187000;https://download.data.grandlyon.com/files/grandlyon/imagerie/ortho2018/infrarouge/GeoTiff_YcBcR/1km_8cm_CC46/1834_5186_08_IR_CC46.tif;https://download.data.grandlyon.com/files/grandlyon/imagerie/ortho2018/infrarouge/tif/1km_8cm_CC46/1834_5186_08_IR_CC46.tif;220
1834_5187_08_IR_CC46.tif;1834000;5187000;1835000;5188000;https://download.data.grandlyon.com/files/grandlyon/imagerie/ortho2018/infrarouge/GeoTiff_YcBcR/1km_8cm_CC46/1834_5187_08_IR_CC46.tif;https://download.data.grandlyon.com/files/grandlyon/imagerie/ortho2018/infrarouge/tif/1km_8cm_CC46/1834_5187_08_IR_CC46.tif;221
1834_5188_08_IR_CC46.tif;1834000;5188000;1835000;5189000;https://download.data.grandlyon.com/files/grandlyon/imagerie/ortho2018/infrarouge/GeoTiff_YcBcR/1km_8cm_CC46/1834_5188_08_IR_CC46.tif;https://download.data.grandlyon.com/files/grandlyon/imagerie/ortho2018/infrarouge/tif/1km_8cm_CC46/1834_5188_08_IR_CC46.tif;222
1834_5189_08_IR_CC46.tif;1834000;5189000;1835000;5190000;https://download.data.grandlyon.com/files/grandlyon/imagerie/ortho2018/infrarouge/GeoTiff_YcBcR/1km_8cm_CC46/1834_5189_08_IR_CC46.tif;https://download.data.grandlyon.com/files/grandlyon/imagerie/ortho2018/infrarouge/tif/1km_8cm_CC46/1834_5189_08_IR_CC46.tif;223
1834_5190_08_IR_CC46.tif;1834000;5190000;1835000;5191000;https://download.data.grandlyon.com/files/grandlyon/imagerie/ortho2018/infrarouge/GeoTiff_YcBcR/1km_8cm_CC46/1834_5190_08_IR_CC46.tif;https://download.data.grandlyon.com/files/grandlyon/imagerie/ortho2018/infrarouge/tif/1km_8cm_CC46/1834_5190_08_IR_CC46.tif;224
1834_5191_08_IR_CC46.tif;1834000;5191000;1835000;5192000;https://download.data.grandlyon.com/files/grandlyon/imagerie/ortho2018/infrarouge/GeoTiff_YcBcR/1km_8cm_CC46/1834_5191_08_IR_CC46.tif;https://download.data.grandlyon.com/files/grandlyon/imagerie/ortho2018/infrarouge/tif/1km_8cm_CC46/1834_5191_08_IR_CC46.tif;225
1834_5192_08_IR_CC46.tif;1834000;5192000;1835000;5193000;https://download.data.grandlyon.com/files/grandlyon/imagerie/ortho2018/infrarouge/GeoTiff_YcBcR/1km_8cm_CC46/1834_5192_08_IR_CC46.tif;https://download.data.grandlyon.com/files/grandlyon/imagerie/ortho2018/infrarouge/tif/1km_8cm_CC46/1834_5192_08_IR_CC46.tif;226
1834_5193_08_IR_CC46.tif;1834000;5193000;1835000;5194000;https://download.data.grandlyon.com/files/grandlyon/imagerie/ortho2018/infrarouge/GeoTiff_YcBcR/1km_8cm_CC46/1834_5193_08_IR_CC46.tif;https://download.data.grandlyon.com/files/grandlyon/imagerie/ortho2018/infrarouge/tif/1km_8cm_CC46/1834_5193_08_IR_CC46.tif;227
1834_5194_08_IR_CC46.tif;1834000;5194000;1835000;5195000;https://download.data.grandlyon.com/files/grandlyon/imagerie/ortho2018/infrarouge/GeoTiff_YcBcR/1km_8cm_CC46/1834_5194_08_IR_CC46.tif;https://download.data.grandlyon.com/files/grandlyon/imagerie/ortho2018/infrarouge/tif/1km_8cm_CC46/1834_5194_08_IR_CC46.tif;228
1834_5195_08_IR_CC46.tif;1834000;5195000;1835000;5196000;https://download.data.grandlyon.com/files/grandlyon/imagerie/ortho2018/infrarouge/GeoTiff_YcBcR/1km_8cm_CC46/1834_5195_08_IR_CC46.tif;https://download.data.grandlyon.com/files/grandlyon/imagerie/ortho2018/infrarouge/tif/1km_8cm_CC46/1834_5195_08_IR_CC46.tif;229
1834_5196_08_IR_CC46.tif;1834000;5196000;1835000;5197000;https://download.data.grandlyon.com/files/grandlyon/imagerie/ortho2018/infrarouge/GeoTiff_YcBcR/1km_8cm_CC46/1834_5196_08_IR_CC46.tif;https://download.data.grandlyon.com/files/grandlyon/imagerie/ortho2018/infrarouge/tif/1km_8cm_CC46/1834_5196_08_IR_CC46.tif;230
1835_5151_08_IR_CC46.tif;1835000;5151000;1836000;5152000;https://download.data.grandlyon.com/files/grandlyon/imagerie/ortho2018/infrarouge/GeoTiff_YcBcR/1km_8cm_CC46/1835_5151_08_IR_CC46.tif;https://download.data.grandlyon.com/files/grandlyon/imagerie/ortho2018/infrarouge/tif/1km_8cm_CC46/1835_5151_08_IR_CC46.tif;231
1835_5152_08_IR_CC46.tif;1835000;5152000;1836000;5153000;https://download.data.grandlyon.com/files/grandlyon/imagerie/ortho2018/infrarouge/GeoTiff_YcBcR/1km_8cm_CC46/1835_5152_08_IR_CC46.tif;https://download.data.grandlyon.com/files/grandlyon/imagerie/ortho2018/infrarouge/tif/1km_8cm_CC46/1835_5152_08_IR_CC46.tif;232
1835_5153_08_IR_CC46.tif;1835000;5153000;1836000;5154000;https://download.data.grandlyon.com/files/grandlyon/imagerie/ortho2018/infrarouge/GeoTiff_YcBcR/1km_8cm_CC46/1835_5153_08_IR_CC46.tif;https://download.data.grandlyon.com/files/grandlyon/imagerie/ortho2018/infrarouge/tif/1km_8cm_CC46/1835_5153_08_IR_CC46.tif;233
1835_5154_08_IR_CC46.tif;1835000;5154000;1836000;5155000;https://download.data.grandlyon.com/files/grandlyon/imagerie/ortho2018/infrarouge/GeoTiff_YcBcR/1km_8cm_CC46/1835_5154_08_IR_CC46.tif;https://download.data.grandlyon.com/files/grandlyon/imagerie/ortho2018/infrarouge/tif/1km_8cm_CC46/1835_5154_08_IR_CC46.tif;234
1835_5155_08_IR_CC46.tif;1835000;5155000;1836000;5156000;https://download.data.grandlyon.com/files/grandlyon/imagerie/ortho2018/infrarouge/GeoTiff_YcBcR/1km_8cm_CC46/1835_5155_08_IR_CC46.tif;https://download.data.grandlyon.com/files/grandlyon/imagerie/ortho2018/infrarouge/tif/1km_8cm_CC46/1835_5155_08_IR_CC46.tif;235
1835_5156_08_IR_CC46.tif;1835000;5156000;1836000;5157000;https://download.data.grandlyon.com/files/grandlyon/imagerie/ortho2018/infrarouge/GeoTiff_YcBcR/1km_8cm_CC46/1835_5156_08_IR_CC46.tif;https://download.data.grandlyon.com/files/grandlyon/imagerie/ortho2018/infrarouge/tif/1km_8cm_CC46/1835_5156_08_IR_CC46.tif;236
1835_5157_08_IR_CC46.tif;1835000;5157000;1836000;5158000;https://download.data.grandlyon.com/files/grandlyon/imagerie/ortho2018/infrarouge/GeoTiff_YcBcR/1km_8cm_CC46/1835_5157_08_IR_CC46.tif;https://download.data.grandlyon.com/files/grandlyon/imagerie/ortho2018/infrarouge/tif/1km_8cm_CC46/1835_5157_08_IR_CC46.tif;237
1835_5158_08_IR_CC46.tif;1835000;5158000;1836000;5159000;https://download.data.grandlyon.com/files/grandlyon/imagerie/ortho2018/infrarouge/GeoTiff_YcBcR/1km_8cm_CC46/1835_5158_08_IR_CC46.tif;https://download.data.grandlyon.com/files/grandlyon/imagerie/ortho2018/infrarouge/tif/1km_8cm_CC46/1835_5158_08_IR_CC46.tif;238
1835_5159_08_IR_CC46.tif;1835000;5159000;1836000;5160000;https://download.data.grandlyon.com/files/grandlyon/imagerie/ortho2018/infrarouge/GeoTiff_YcBcR/1km_8cm_CC46/1835_5159_08_IR_CC46.tif;https://download.data.grandlyon.com/files/grandlyon/imagerie/ortho2018/infrarouge/tif/1km_8cm_CC46/1835_5159_08_IR_CC46.tif;239
1835_5160_08_IR_CC46.tif;1835000;5160000;1836000;5161000;https://download.data.grandlyon.com/files/grandlyon/imagerie/ortho2018/infrarouge/GeoTiff_YcBcR/1km_8cm_CC46/1835_5160_08_IR_CC46.tif;https://download.data.grandlyon.com/files/grandlyon/imagerie/ortho2018/infrarouge/tif/1km_8cm_CC46/1835_5160_08_IR_CC46.tif;240
1835_5161_08_IR_CC46.tif;1835000;5161000;1836000;5162000;https://download.data.grandlyon.com/files/grandlyon/imagerie/ortho2018/infrarouge/GeoTiff_YcBcR/1km_8cm_CC46/1835_5161_08_IR_CC46.tif;https://download.data.grandlyon.com/files/grandlyon/imagerie/ortho2018/infrarouge/tif/1km_8cm_CC46/1835_5161_08_IR_CC46.tif;241
1835_5162_08_IR_CC46.tif;1835000;5162000;1836000;5163000;https://download.data.grandlyon.com/files/grandlyon/imagerie/ortho2018/infrarouge/GeoTiff_YcBcR/1km_8cm_CC46/1835_5162_08_IR_CC46.tif;https://download.data.grandlyon.com/files/grandlyon/imagerie/ortho2018/infrarouge/tif/1km_8cm_CC46/1835_5162_08_IR_CC46.tif;242
1835_5163_08_IR_CC46.tif;1835000;5163000;1836000;5164000;https://download.data.grandlyon.com/files/grandlyon/imagerie/ortho2018/infrarouge/GeoTiff_YcBcR/1km_8cm_CC46/1835_5163_08_IR_CC46.tif;https://download.data.grandlyon.com/files/grandlyon/imagerie/ortho2018/infrarouge/tif/1km_8cm_CC46/1835_5163_08_IR_CC46.tif;243
1835_5164_08_IR_CC46.tif;1835000;5164000;1836000;5165000;https://download.data.grandlyon.com/files/grandlyon/imagerie/ortho2018/infrarouge/GeoTiff_YcBcR/1km_8cm_CC46/1835_5164_08_IR_CC46.tif;https://download.data.grandlyon.com/files/grandlyon/imagerie/ortho2018/infrarouge/tif/1km_8cm_CC46/1835_5164_08_IR_CC46.tif;244
1835_5165_08_IR_CC46.tif;1835000;5165000;1836000;5166000;https://download.data.grandlyon.com/files/grandlyon/imagerie/ortho2018/infrarouge/GeoTiff_YcBcR/1km_8cm_CC46/1835_5165_08_IR_CC46.tif;https://download.data.grandlyon.com/files/grandlyon/imagerie/ortho2018/infrarouge/tif/1km_8cm_CC46/1835_5165_08_IR_CC46.tif;245
1835_5166_08_IR_CC46.tif;1835000;5166000;1836000;5167000;https://download.data.grandlyon.com/files/grandlyon/imagerie/ortho2018/infrarouge/GeoTiff_YcBcR/1km_8cm_CC46/1835_5166_08_IR_CC46.tif;https://download.data.grandlyon.com/files/grandlyon/imagerie/ortho2018/infrarouge/tif/1km_8cm_CC46/1835_5166_08_IR_CC46.tif;246
1835_5167_08_IR_CC46.tif;1835000;5167000;1836000;5168000;https://download.data.grandlyon.com/files/grandlyon/imagerie/ortho2018/infrarouge/GeoTiff_YcBcR/1km_8cm_CC46/1835_5167_08_IR_CC46.tif;https://download.data.grandlyon.com/files/grandlyon/imagerie/ortho2018/infrarouge/tif/1km_8cm_CC46/1835_5167_08_IR_CC46.tif;247
1835_5168_08_IR_CC46.tif;1835000;5168000;1836000;5169000;https://download.data.grandlyon.com/files/grandlyon/imagerie/ortho2018/infrarouge/GeoTiff_YcBcR/1km_8cm_CC46/1835_5168_08_IR_CC46.tif;https://download.data.grandlyon.com/files/grandlyon/imagerie/ortho2018/infrarouge/tif/1km_8cm_CC46/1835_5168_08_IR_CC46.tif;248
1835_5169_08_IR_CC46.tif;1835000;5169000;1836000;5170000;https://download.data.grandlyon.com/files/grandlyon/imagerie/ortho2018/infrarouge/GeoTiff_YcBcR/1km_8cm_CC46/1835_5169_08_IR_CC46.tif;https://download.data.grandlyon.com/files/grandlyon/imagerie/ortho2018/infrarouge/tif/1km_8cm_CC46/1835_5169_08_IR_CC46.tif;249
1835_5170_08_IR_CC46.tif;1835000;5170000;1836000;5171000;https://download.data.grandlyon.com/files/grandlyon/imagerie/ortho2018/infrarouge/GeoTiff_YcBcR/1km_8cm_CC46/1835_5170_08_IR_CC46.tif;https://download.data.grandlyon.com/files/grandlyon/imagerie/ortho2018/infrarouge/tif/1km_8cm_CC46/1835_5170_08_IR_CC46.tif;250
1835_5171_08_IR_CC46.tif;1835000;5171000;1836000;5172000;https://download.data.grandlyon.com/files/grandlyon/imagerie/ortho2018/infrarouge/GeoTiff_YcBcR/1km_8cm_CC46/1835_5171_08_IR_CC46.tif;https://download.data.grandlyon.com/files/grandlyon/imagerie/ortho2018/infrarouge/tif/1km_8cm_CC46/1835_5171_08_IR_CC46.tif;251
1835_5172_08_IR_CC46.tif;1835000;5172000;1836000;5173000;https://download.data.grandlyon.com/files/grandlyon/imagerie/ortho2018/infrarouge/GeoTiff_YcBcR/1km_8cm_CC46/1835_5172_08_IR_CC46.tif;https://download.data.grandlyon.com/files/grandlyon/imagerie/ortho2018/infrarouge/tif/1km_8cm_CC46/1835_5172_08_IR_CC46.tif;252
1835_5173_08_IR_CC46.tif;1835000;5173000;1836000;5174000;https://download.data.grandlyon.com/files/grandlyon/imagerie/ortho2018/infrarouge/GeoTiff_YcBcR/1km_8cm_CC46/1835_5173_08_IR_CC46.tif;https://download.data.grandlyon.com/files/grandlyon/imagerie/ortho2018/infrarouge/tif/1km_8cm_CC46/1835_5173_08_IR_CC46.tif;253
1835_5174_08_IR_CC46.tif;1835000;5174000;1836000;5175000;https://download.data.grandlyon.com/files/grandlyon/imagerie/ortho2018/infrarouge/GeoTiff_YcBcR/1km_8cm_CC46/1835_5174_08_IR_CC46.tif;https://download.data.grandlyon.com/files/grandlyon/imagerie/ortho2018/infrarouge/tif/1km_8cm_CC46/1835_5174_08_IR_CC46.tif;254
1835_5175_08_IR_CC46.tif;1835000;5175000;1836000;5176000;https://download.data.grandlyon.com/files/grandlyon/imagerie/ortho2018/infrarouge/GeoTiff_YcBcR/1km_8cm_CC46/1835_5175_08_IR_CC46.tif;https://download.data.grandlyon.com/files/grandlyon/imagerie/ortho2018/infrarouge/tif/1km_8cm_CC46/1835_5175_08_IR_CC46.tif;255
1835_5176_08_IR_CC46.tif;1835000;5176000;1836000;5177000;https://download.data.grandlyon.com/files/grandlyon/imagerie/ortho2018/infrarouge/GeoTiff_YcBcR/1km_8cm_CC46/1835_5176_08_IR_CC46.tif;https://download.data.grandlyon.com/files/grandlyon/imagerie/ortho2018/infrarouge/tif/1km_8cm_CC46/1835_5176_08_IR_CC46.tif;256
1835_5177_08_IR_CC46.tif;1835000;5177000;1836000;5178000;https://download.data.grandlyon.com/files/grandlyon/imagerie/ortho2018/infrarouge/GeoTiff_YcBcR/1km_8cm_CC46/1835_5177_08_IR_CC46.tif;https://download.data.grandlyon.com/files/grandlyon/imagerie/ortho2018/infrarouge/tif/1km_8cm_CC46/1835_5177_08_IR_CC46.tif;257
1835_5178_08_IR_CC46.tif;1835000;5178000;1836000;5179000;https://download.data.grandlyon.com/files/grandlyon/imagerie/ortho2018/infrarouge/GeoTiff_YcBcR/1km_8cm_CC46/1835_5178_08_IR_CC46.tif;https://download.data.grandlyon.com/files/grandlyon/imagerie/ortho2018/infrarouge/tif/1km_8cm_CC46/1835_5178_08_IR_CC46.tif;258
1835_5179_08_IR_CC46.tif;1835000;5179000;1836000;5180000;https://download.data.grandlyon.com/files/grandlyon/imagerie/ortho2018/infrarouge/GeoTiff_YcBcR/1km_8cm_CC46/1835_5179_08_IR_CC46.tif;https://download.data.grandlyon.com/files/grandlyon/imagerie/ortho2018/infrarouge/tif/1km_8cm_CC46/1835_5179_08_IR_CC46.tif;259
1835_5180_08_IR_CC46.tif;1835000;5180000;1836000;5181000;https://download.data.grandlyon.com/files/grandlyon/imagerie/ortho2018/infrarouge/GeoTiff_YcBcR/1km_8cm_CC46/1835_5180_08_IR_CC46.tif;https://download.data.grandlyon.com/files/grandlyon/imagerie/ortho2018/infrarouge/tif/1km_8cm_CC46/1835_5180_08_IR_CC46.tif;260
1835_5181_08_IR_CC46.tif;1835000;5181000;1836000;5182000;https://download.data.grandlyon.com/files/grandlyon/imagerie/ortho2018/infrarouge/GeoTiff_YcBcR/1km_8cm_CC46/1835_5181_08_IR_CC46.tif;https://download.data.grandlyon.com/files/grandlyon/imagerie/ortho2018/infrarouge/tif/1km_8cm_CC46/1835_5181_08_IR_CC46.tif;261
1835_5182_08_IR_CC46.tif;1835000;5182000;1836000;5183000;https://download.data.grandlyon.com/files/grandlyon/imagerie/ortho2018/infrarouge/GeoTiff_YcBcR/1km_8cm_CC46/1835_5182_08_IR_CC46.tif;https://download.data.grandlyon.com/files/grandlyon/imagerie/ortho2018/infrarouge/tif/1km_8cm_CC46/1835_5182_08_IR_CC46.tif;262
1835_5183_08_IR_CC46.tif;1835000;5183000;1836000;5184000;https://download.data.grandlyon.com/files/grandlyon/imagerie/ortho2018/infrarouge/GeoTiff_YcBcR/1km_8cm_CC46/1835_5183_08_IR_CC46.tif;https://download.data.grandlyon.com/files/grandlyon/imagerie/ortho2018/infrarouge/tif/1km_8cm_CC46/1835_5183_08_IR_CC46.tif;263
1835_5184_08_IR_CC46.tif;1835000;5184000;1836000;5185000;https://download.data.grandlyon.com/files/grandlyon/imagerie/ortho2018/infrarouge/GeoTiff_YcBcR/1km_8cm_CC46/1835_5184_08_IR_CC46.tif;https://download.data.grandlyon.com/files/grandlyon/imagerie/ortho2018/infrarouge/tif/1km_8cm_CC46/1835_5184_08_IR_CC46.tif;264
1835_5185_08_IR_CC46.tif;1835000;5185000;1836000;5186000;https://download.data.grandlyon.com/files/grandlyon/imagerie/ortho2018/infrarouge/GeoTiff_YcBcR/1km_8cm_CC46/1835_5185_08_IR_CC46.tif;https://download.data.grandlyon.com/files/grandlyon/imagerie/ortho2018/infrarouge/tif/1km_8cm_CC46/1835_5185_08_IR_CC46.tif;265
1835_5186_08_IR_CC46.tif;1835000;5186000;1836000;5187000;https://download.data.grandlyon.com/files/grandlyon/imagerie/ortho2018/infrarouge/GeoTiff_YcBcR/1km_8cm_CC46/1835_5186_08_IR_CC46.tif;https://download.data.grandlyon.com/files/grandlyon/imagerie/ortho2018/infrarouge/tif/1km_8cm_CC46/1835_5186_08_IR_CC46.tif;266
1835_5187_08_IR_CC46.tif;1835000;5187000;1836000;5188000;https://download.data.grandlyon.com/files/grandlyon/imagerie/ortho2018/infrarouge/GeoTiff_YcBcR/1km_8cm_CC46/1835_5187_08_IR_CC46.tif;https://download.data.grandlyon.com/files/grandlyon/imagerie/ortho2018/infrarouge/tif/1km_8cm_CC46/1835_5187_08_IR_CC46.tif;267
1835_5188_08_IR_CC46.tif;1835000;5188000;1836000;5189000;https://download.data.grandlyon.com/files/grandlyon/imagerie/ortho2018/infrarouge/GeoTiff_YcBcR/1km_8cm_CC46/1835_5188_08_IR_CC46.tif;https://download.data.grandlyon.com/files/grandlyon/imagerie/ortho2018/infrarouge/tif/1km_8cm_CC46/1835_5188_08_IR_CC46.tif;268
1835_5189_08_IR_CC46.tif;1835000;5189000;1836000;5190000;https://download.data.grandlyon.com/files/grandlyon/imagerie/ortho2018/infrarouge/GeoTiff_YcBcR/1km_8cm_CC46/1835_5189_08_IR_CC46.tif;https://download.data.grandlyon.com/files/grandlyon/imagerie/ortho2018/infrarouge/tif/1km_8cm_CC46/1835_5189_08_IR_CC46.tif;269
1835_5190_08_IR_CC46.tif;1835000;5190000;1836000;5191000;https://download.data.grandlyon.com/files/grandlyon/imagerie/ortho2018/infrarouge/GeoTiff_YcBcR/1km_8cm_CC46/1835_5190_08_IR_CC46.tif;https://download.data.grandlyon.com/files/grandlyon/imagerie/ortho2018/infrarouge/tif/1km_8cm_CC46/1835_5190_08_IR_CC46.tif;270
1835_5191_08_IR_CC46.tif;1835000;5191000;1836000;5192000;https://download.data.grandlyon.com/files/grandlyon/imagerie/ortho2018/infrarouge/GeoTiff_YcBcR/1km_8cm_CC46/1835_5191_08_IR_CC46.tif;https://download.data.grandlyon.com/files/grandlyon/imagerie/ortho2018/infrarouge/tif/1km_8cm_CC46/1835_5191_08_IR_CC46.tif;271
1835_5192_08_IR_CC46.tif;1835000;5192000;1836000;5193000;https://download.data.grandlyon.com/files/grandlyon/imagerie/ortho2018/infrarouge/GeoTiff_YcBcR/1km_8cm_CC46/1835_5192_08_IR_CC46.tif;https://download.data.grandlyon.com/files/grandlyon/imagerie/ortho2018/infrarouge/tif/1km_8cm_CC46/1835_5192_08_IR_CC46.tif;272
1835_5193_08_IR_CC46.tif;1835000;5193000;1836000;5194000;https://download.data.grandlyon.com/files/grandlyon/imagerie/ortho2018/infrarouge/GeoTiff_YcBcR/1km_8cm_CC46/1835_5193_08_IR_CC46.tif;https://download.data.grandlyon.com/files/grandlyon/imagerie/ortho2018/infrarouge/tif/1km_8cm_CC46/1835_5193_08_IR_CC46.tif;273
1835_5194_08_IR_CC46.tif;1835000;5194000;1836000;5195000;https://download.data.grandlyon.com/files/grandlyon/imagerie/ortho2018/infrarouge/GeoTiff_YcBcR/1km_8cm_CC46/1835_5194_08_IR_CC46.tif;https://download.data.grandlyon.com/files/grandlyon/imagerie/ortho2018/infrarouge/tif/1km_8cm_CC46/1835_5194_08_IR_CC46.tif;274
1835_5195_08_IR_CC46.tif;1835000;5195000;1836000;5196000;https://download.data.grandlyon.com/files/grandlyon/imagerie/ortho2018/infrarouge/GeoTiff_YcBcR/1km_8cm_CC46/1835_5195_08_IR_CC46.tif;https://download.data.grandlyon.com/files/grandlyon/imagerie/ortho2018/infrarouge/tif/1km_8cm_CC46/1835_5195_08_IR_CC46.tif;275
1835_5196_08_IR_CC46.tif;1835000;5196000;1836000;5197000;https://download.data.grandlyon.com/files/grandlyon/imagerie/ortho2018/infrarouge/GeoTiff_YcBcR/1km_8cm_CC46/1835_5196_08_IR_CC46.tif;https://download.data.grandlyon.com/files/grandlyon/imagerie/ortho2018/infrarouge/tif/1km_8cm_CC46/1835_5196_08_IR_CC46.tif;276
1836_5151_08_IR_CC46.tif;1836000;5151000;1837000;5152000;https://download.data.grandlyon.com/files/grandlyon/imagerie/ortho2018/infrarouge/GeoTiff_YcBcR/1km_8cm_CC46/1836_5151_08_IR_CC46.tif;https://download.data.grandlyon.com/files/grandlyon/imagerie/ortho2018/infrarouge/tif/1km_8cm_CC46/1836_5151_08_IR_CC46.tif;277
1836_5152_08_IR_CC46.tif;1836000;5152000;1837000;5153000;https://download.data.grandlyon.com/files/grandlyon/imagerie/ortho2018/infrarouge/GeoTiff_YcBcR/1km_8cm_CC46/1836_5152_08_IR_CC46.tif;https://download.data.grandlyon.com/files/grandlyon/imagerie/ortho2018/infrarouge/tif/1km_8cm_CC46/1836_5152_08_IR_CC46.tif;278
1836_5153_08_IR_CC46.tif;1836000;5153000;1837000;5154000;https://download.data.grandlyon.com/files/grandlyon/imagerie/ortho2018/infrarouge/GeoTiff_YcBcR/1km_8cm_CC46/1836_5153_08_IR_CC46.tif;https://download.data.grandlyon.com/files/grandlyon/imagerie/ortho2018/infrarouge/tif/1km_8cm_CC46/1836_5153_08_IR_CC46.tif;279
1836_5154_08_IR_CC46.tif;1836000;5154000;1837000;5155000;https://download.data.grandlyon.com/files/grandlyon/imagerie/ortho2018/infrarouge/GeoTiff_YcBcR/1km_8cm_CC46/1836_5154_08_IR_CC46.tif;https://download.data.grandlyon.com/files/grandlyon/imagerie/ortho2018/infrarouge/tif/1km_8cm_CC46/1836_5154_08_IR_CC46.tif;280
1836_5155_08_IR_CC46.tif;1836000;5155000;1837000;5156000;https://download.data.grandlyon.com/files/grandlyon/imagerie/ortho2018/infrarouge/GeoTiff_YcBcR/1km_8cm_CC46/1836_5155_08_IR_CC46.tif;https://download.data.grandlyon.com/files/grandlyon/imagerie/ortho2018/infrarouge/tif/1km_8cm_CC46/1836_5155_08_IR_CC46.tif;281
1836_5156_08_IR_CC46.tif;1836000;5156000;1837000;5157000;https://download.data.grandlyon.com/files/grandlyon/imagerie/ortho2018/infrarouge/GeoTiff_YcBcR/1km_8cm_CC46/1836_5156_08_IR_CC46.tif;https://download.data.grandlyon.com/files/grandlyon/imagerie/ortho2018/infrarouge/tif/1km_8cm_CC46/1836_5156_08_IR_CC46.tif;282
1836_5157_08_IR_CC46.tif;1836000;5157000;1837000;5158000;https://download.data.grandlyon.com/files/grandlyon/imagerie/ortho2018/infrarouge/GeoTiff_YcBcR/1km_8cm_CC46/1836_5157_08_IR_CC46.tif;https://download.data.grandlyon.com/files/grandlyon/imagerie/ortho2018/infrarouge/tif/1km_8cm_CC46/1836_5157_08_IR_CC46.tif;283
1836_5158_08_IR_CC46.tif;1836000;5158000;1837000;5159000;https://download.data.grandlyon.com/files/grandlyon/imagerie/ortho2018/infrarouge/GeoTiff_YcBcR/1km_8cm_CC46/1836_5158_08_IR_CC46.tif;https://download.data.grandlyon.com/files/grandlyon/imagerie/ortho2018/infrarouge/tif/1km_8cm_CC46/1836_5158_08_IR_CC46.tif;284
1836_5159_08_IR_CC46.tif;1836000;5159000;1837000;5160000;https://download.data.grandlyon.com/files/grandlyon/imagerie/ortho2018/infrarouge/GeoTiff_YcBcR/1km_8cm_CC46/1836_5159_08_IR_CC46.tif;https://download.data.grandlyon.com/files/grandlyon/imagerie/ortho2018/infrarouge/tif/1km_8cm_CC46/1836_5159_08_IR_CC46.tif;285
1836_5160_08_IR_CC46.tif;1836000;5160000;1837000;5161000;https://download.data.grandlyon.com/files/grandlyon/imagerie/ortho2018/infrarouge/GeoTiff_YcBcR/1km_8cm_CC46/1836_5160_08_IR_CC46.tif;https://download.data.grandlyon.com/files/grandlyon/imagerie/ortho2018/infrarouge/tif/1km_8cm_CC46/1836_5160_08_IR_CC46.tif;286
1836_5161_08_IR_CC46.tif;1836000;5161000;1837000;5162000;https://download.data.grandlyon.com/files/grandlyon/imagerie/ortho2018/infrarouge/GeoTiff_YcBcR/1km_8cm_CC46/1836_5161_08_IR_CC46.tif;https://download.data.grandlyon.com/files/grandlyon/imagerie/ortho2018/infrarouge/tif/1km_8cm_CC46/1836_5161_08_IR_CC46.tif;287
1836_5162_08_IR_CC46.tif;1836000;5162000;1837000;5163000;https://download.data.grandlyon.com/files/grandlyon/imagerie/ortho2018/infrarouge/GeoTiff_YcBcR/1km_8cm_CC46/1836_5162_08_IR_CC46.tif;https://download.data.grandlyon.com/files/grandlyon/imagerie/ortho2018/infrarouge/tif/1km_8cm_CC46/1836_5162_08_IR_CC46.tif;288
1836_5163_08_IR_CC46.tif;1836000;5163000;1837000;5164000;https://download.data.grandlyon.com/files/grandlyon/imagerie/ortho2018/infrarouge/GeoTiff_YcBcR/1km_8cm_CC46/1836_5163_08_IR_CC46.tif;https://download.data.grandlyon.com/files/grandlyon/imagerie/ortho2018/infrarouge/tif/1km_8cm_CC46/1836_5163_08_IR_CC46.tif;289
1836_5164_08_IR_CC46.tif;1836000;5164000;1837000;5165000;https://download.data.grandlyon.com/files/grandlyon/imagerie/ortho2018/infrarouge/GeoTiff_YcBcR/1km_8cm_CC46/1836_5164_08_IR_CC46.tif;https://download.data.grandlyon.com/files/grandlyon/imagerie/ortho2018/infrarouge/tif/1km_8cm_CC46/1836_5164_08_IR_CC46.tif;290
1836_5165_08_IR_CC46.tif;1836000;5165000;1837000;5166000;https://download.data.grandlyon.com/files/grandlyon/imagerie/ortho2018/infrarouge/GeoTiff_YcBcR/1km_8cm_CC46/1836_5165_08_IR_CC46.tif;https://download.data.grandlyon.com/files/grandlyon/imagerie/ortho2018/infrarouge/tif/1km_8cm_CC46/1836_5165_08_IR_CC46.tif;291
1836_5166_08_IR_CC46.tif;1836000;5166000;1837000;5167000;https://download.data.grandlyon.com/files/grandlyon/imagerie/ortho2018/infrarouge/GeoTiff_YcBcR/1km_8cm_CC46/1836_5166_08_IR_CC46.tif;https://download.data.grandlyon.com/files/grandlyon/imagerie/ortho2018/infrarouge/tif/1km_8cm_CC46/1836_5166_08_IR_CC46.tif;292
1836_5167_08_IR_CC46.tif;1836000;5167000;1837000;5168000;https://download.data.grandlyon.com/files/grandlyon/imagerie/ortho2018/infrarouge/GeoTiff_YcBcR/1km_8cm_CC46/1836_5167_08_IR_CC46.tif;https://download.data.grandlyon.com/files/grandlyon/imagerie/ortho2018/infrarouge/tif/1km_8cm_CC46/1836_5167_08_IR_CC46.tif;293
1836_5168_08_IR_CC46.tif;1836000;5168000;1837000;5169000;https://download.data.grandlyon.com/files/grandlyon/imagerie/ortho2018/infrarouge/GeoTiff_YcBcR/1km_8cm_CC46/1836_5168_08_IR_CC46.tif;https://download.data.grandlyon.com/files/grandlyon/imagerie/ortho2018/infrarouge/tif/1km_8cm_CC46/1836_5168_08_IR_CC46.tif;294
1836_5169_08_IR_CC46.tif;1836000;5169000;1837000;5170000;https://download.data.grandlyon.com/files/grandlyon/imagerie/ortho2018/infrarouge/GeoTiff_YcBcR/1km_8cm_CC46/1836_5169_08_IR_CC46.tif;https://download.data.grandlyon.com/files/grandlyon/imagerie/ortho2018/infrarouge/tif/1km_8cm_CC46/1836_5169_08_IR_CC46.tif;295
1836_5170_08_IR_CC46.tif;1836000;5170000;1837000;5171000;https://download.data.grandlyon.com/files/grandlyon/imagerie/ortho2018/infrarouge/GeoTiff_YcBcR/1km_8cm_CC46/1836_5170_08_IR_CC46.tif;https://download.data.grandlyon.com/files/grandlyon/imagerie/ortho2018/infrarouge/tif/1km_8cm_CC46/1836_5170_08_IR_CC46.tif;296
1836_5171_08_IR_CC46.tif;1836000;5171000;1837000;5172000;https://download.data.grandlyon.com/files/grandlyon/imagerie/ortho2018/infrarouge/GeoTiff_YcBcR/1km_8cm_CC46/1836_5171_08_IR_CC46.tif;https://download.data.grandlyon.com/files/grandlyon/imagerie/ortho2018/infrarouge/tif/1km_8cm_CC46/1836_5171_08_IR_CC46.tif;297
1836_5172_08_IR_CC46.tif;1836000;5172000;1837000;5173000;https://download.data.grandlyon.com/files/grandlyon/imagerie/ortho2018/infrarouge/GeoTiff_YcBcR/1km_8cm_CC46/1836_5172_08_IR_CC46.tif;https://download.data.grandlyon.com/files/grandlyon/imagerie/ortho2018/infrarouge/tif/1km_8cm_CC46/1836_5172_08_IR_CC46.tif;298
1836_5173_08_IR_CC46.tif;1836000;5173000;1837000;5174000;https://download.data.grandlyon.com/files/grandlyon/imagerie/ortho2018/infrarouge/GeoTiff_YcBcR/1km_8cm_CC46/1836_5173_08_IR_CC46.tif;https://download.data.grandlyon.com/files/grandlyon/imagerie/ortho2018/infrarouge/tif/1km_8cm_CC46/1836_5173_08_IR_CC46.tif;299
1836_5174_08_IR_CC46.tif;1836000;5174000;1837000;5175000;https://download.data.grandlyon.com/files/grandlyon/imagerie/ortho2018/infrarouge/GeoTiff_YcBcR/1km_8cm_CC46/1836_5174_08_IR_CC46.tif;https://download.data.grandlyon.com/files/grandlyon/imagerie/ortho2018/infrarouge/tif/1km_8cm_CC46/1836_5174_08_IR_CC46.tif;300
1836_5175_08_IR_CC46.tif;1836000;5175000;1837000;5176000;https://download.data.grandlyon.com/files/grandlyon/imagerie/ortho2018/infrarouge/GeoTiff_YcBcR/1km_8cm_CC46/1836_5175_08_IR_CC46.tif;https://download.data.grandlyon.com/files/grandlyon/imagerie/ortho2018/infrarouge/tif/1km_8cm_CC46/1836_5175_08_IR_CC46.tif;301
1836_5176_08_IR_CC46.tif;1836000;5176000;1837000;5177000;https://download.data.grandlyon.com/files/grandlyon/imagerie/ortho2018/infrarouge/GeoTiff_YcBcR/1km_8cm_CC46/1836_5176_08_IR_CC46.tif;https://download.data.grandlyon.com/files/grandlyon/imagerie/ortho2018/infrarouge/tif/1km_8cm_CC46/1836_5176_08_IR_CC46.tif;302
1836_5177_08_IR_CC46.tif;1836000;5177000;1837000;5178000;https://download.data.grandlyon.com/files/grandlyon/imagerie/ortho2018/infrarouge/GeoTiff_YcBcR/1km_8cm_CC46/1836_5177_08_IR_CC46.tif;https://download.data.grandlyon.com/files/grandlyon/imagerie/ortho2018/infrarouge/tif/1km_8cm_CC46/1836_5177_08_IR_CC46.tif;303
1836_5178_08_IR_CC46.tif;1836000;5178000;1837000;5179000;https://download.data.grandlyon.com/files/grandlyon/imagerie/ortho2018/infrarouge/GeoTiff_YcBcR/1km_8cm_CC46/1836_5178_08_IR_CC46.tif;https://download.data.grandlyon.com/files/grandlyon/imagerie/ortho2018/infrarouge/tif/1km_8cm_CC46/1836_5178_08_IR_CC46.tif;304
1836_5179_08_IR_CC46.tif;1836000;5179000;1837000;5180000;https://download.data.grandlyon.com/files/grandlyon/imagerie/ortho2018/infrarouge/GeoTiff_YcBcR/1km_8cm_CC46/1836_5179_08_IR_CC46.tif;https://download.data.grandlyon.com/files/grandlyon/imagerie/ortho2018/infrarouge/tif/1km_8cm_CC46/1836_5179_08_IR_CC46.tif;305
1836_5180_08_IR_CC46.tif;1836000;5180000;1837000;5181000;https://download.data.grandlyon.com/files/grandlyon/imagerie/ortho2018/infrarouge/GeoTiff_YcBcR/1km_8cm_CC46/1836_5180_08_IR_CC46.tif;https://download.data.grandlyon.com/files/grandlyon/imagerie/ortho2018/infrarouge/tif/1km_8cm_CC46/1836_5180_08_IR_CC46.tif;306
1836_5181_08_IR_CC46.tif;1836000;5181000;1837000;5182000;https://download.data.grandlyon.com/files/grandlyon/imagerie/ortho2018/infrarouge/GeoTiff_YcBcR/1km_8cm_CC46/1836_5181_08_IR_CC46.tif;https://download.data.grandlyon.com/files/grandlyon/imagerie/ortho2018/infrarouge/tif/1km_8cm_CC46/1836_5181_08_IR_CC46.tif;307
1836_5182_08_IR_CC46.tif;1836000;5182000;1837000;5183000;https://download.data.grandlyon.com/files/grandlyon/imagerie/ortho2018/infrarouge/GeoTiff_YcBcR/1km_8cm_CC46/1836_5182_08_IR_CC46.tif;https://download.data.grandlyon.com/files/grandlyon/imagerie/ortho2018/infrarouge/tif/1km_8cm_CC46/1836_5182_08_IR_CC46.tif;308
1836_5183_08_IR_CC46.tif;1836000;5183000;1837000;5184000;https://download.data.grandlyon.com/files/grandlyon/imagerie/ortho2018/infrarouge/GeoTiff_YcBcR/1km_8cm_CC46/1836_5183_08_IR_CC46.tif;https://download.data.grandlyon.com/files/grandlyon/imagerie/ortho2018/infrarouge/tif/1km_8cm_CC46/1836_5183_08_IR_CC46.tif;309
1836_5184_08_IR_CC46.tif;1836000;5184000;1837000;5185000;https://download.data.grandlyon.com/files/grandlyon/imagerie/ortho2018/infrarouge/GeoTiff_YcBcR/1km_8cm_CC46/1836_5184_08_IR_CC46.tif;https://download.data.grandlyon.com/files/grandlyon/imagerie/ortho2018/infrarouge/tif/1km_8cm_CC46/1836_5184_08_IR_CC46.tif;310
1836_5185_08_IR_CC46.tif;1836000;5185000;1837000;5186000;https://download.data.grandlyon.com/files/grandlyon/imagerie/ortho2018/infrarouge/GeoTiff_YcBcR/1km_8cm_CC46/1836_5185_08_IR_CC46.tif;https://download.data.grandlyon.com/files/grandlyon/imagerie/ortho2018/infrarouge/tif/1km_8cm_CC46/1836_5185_08_IR_CC46.tif;311
1836_5186_08_IR_CC46.tif;1836000;5186000;1837000;5187000;https://download.data.grandlyon.com/files/grandlyon/imagerie/ortho2018/infrarouge/GeoTiff_YcBcR/1km_8cm_CC46/1836_5186_08_IR_CC46.tif;https://download.data.grandlyon.com/files/grandlyon/imagerie/ortho2018/infrarouge/tif/1km_8cm_CC46/1836_5186_08_IR_CC46.tif;312
1836_5187_08_IR_CC46.tif;1836000;5187000;1837000;5188000;https://download.data.grandlyon.com/files/grandlyon/imagerie/ortho2018/infrarouge/GeoTiff_YcBcR/1km_8cm_CC46/1836_5187_08_IR_CC46.tif;https://download.data.grandlyon.com/files/grandlyon/imagerie/ortho2018/infrarouge/tif/1km_8cm_CC46/1836_5187_08_IR_CC46.tif;313
1836_5188_08_IR_CC46.tif;1836000;5188000;1837000;5189000;https://download.data.grandlyon.com/files/grandlyon/imagerie/ortho2018/infrarouge/GeoTiff_YcBcR/1km_8cm_CC46/1836_5188_08_IR_CC46.tif;https://download.data.grandlyon.com/files/grandlyon/imagerie/ortho2018/infrarouge/tif/1km_8cm_CC46/1836_5188_08_IR_CC46.tif;314
1836_5189_08_IR_CC46.tif;1836000;5189000;1837000;5190000;https://download.data.grandlyon.com/files/grandlyon/imagerie/ortho2018/infrarouge/GeoTiff_YcBcR/1km_8cm_CC46/1836_5189_08_IR_CC46.tif;https://download.data.grandlyon.com/files/grandlyon/imagerie/ortho2018/infrarouge/tif/1km_8cm_CC46/1836_5189_08_IR_CC46.tif;315
1836_5190_08_IR_CC46.tif;1836000;5190000;1837000;5191000;https://download.data.grandlyon.com/files/grandlyon/imagerie/ortho2018/infrarouge/GeoTiff_YcBcR/1km_8cm_CC46/1836_5190_08_IR_CC46.tif;https://download.data.grandlyon.com/files/grandlyon/imagerie/ortho2018/infrarouge/tif/1km_8cm_CC46/1836_5190_08_IR_CC46.tif;316
1836_5191_08_IR_CC46.tif;1836000;5191000;1837000;5192000;https://download.data.grandlyon.com/files/grandlyon/imagerie/ortho2018/infrarouge/GeoTiff_YcBcR/1km_8cm_CC46/1836_5191_08_IR_CC46.tif;https://download.data.grandlyon.com/files/grandlyon/imagerie/ortho2018/infrarouge/tif/1km_8cm_CC46/1836_5191_08_IR_CC46.tif;317
1836_5192_08_IR_CC46.tif;1836000;5192000;1837000;5193000;https://download.data.grandlyon.com/files/grandlyon/imagerie/ortho2018/infrarouge/GeoTiff_YcBcR/1km_8cm_CC46/1836_5192_08_IR_CC46.tif;https://download.data.grandlyon.com/files/grandlyon/imagerie/ortho2018/infrarouge/tif/1km_8cm_CC46/1836_5192_08_IR_CC46.tif;318
1836_5193_08_IR_CC46.tif;1836000;5193000;1837000;5194000;https://download.data.grandlyon.com/files/grandlyon/imagerie/ortho2018/infrarouge/GeoTiff_YcBcR/1km_8cm_CC46/1836_5193_08_IR_CC46.tif;https://download.data.grandlyon.com/files/grandlyon/imagerie/ortho2018/infrarouge/tif/1km_8cm_CC46/1836_5193_08_IR_CC46.tif;319
1836_5194_08_IR_CC46.tif;1836000;5194000;1837000;5195000;https://download.data.grandlyon.com/files/grandlyon/imagerie/ortho2018/infrarouge/GeoTiff_YcBcR/1km_8cm_CC46/1836_5194_08_IR_CC46.tif;https://download.data.grandlyon.com/files/grandlyon/imagerie/ortho2018/infrarouge/tif/1km_8cm_CC46/1836_5194_08_IR_CC46.tif;320
1836_5195_08_IR_CC46.tif;1836000;5195000;1837000;5196000;https://download.data.grandlyon.com/files/grandlyon/imagerie/ortho2018/infrarouge/GeoTiff_YcBcR/1km_8cm_CC46/1836_5195_08_IR_CC46.tif;https://download.data.grandlyon.com/files/grandlyon/imagerie/ortho2018/infrarouge/tif/1km_8cm_CC46/1836_5195_08_IR_CC46.tif;321
1836_5196_08_IR_CC46.tif;1836000;5196000;1837000;5197000;https://download.data.grandlyon.com/files/grandlyon/imagerie/ortho2018/infrarouge/GeoTiff_YcBcR/1km_8cm_CC46/1836_5196_08_IR_CC46.tif;https://download.data.grandlyon.com/files/grandlyon/imagerie/ortho2018/infrarouge/tif/1km_8cm_CC46/1836_5196_08_IR_CC46.tif;322
1837_5151_08_IR_CC46.tif;1837000;5151000;1838000;5152000;https://download.data.grandlyon.com/files/grandlyon/imagerie/ortho2018/infrarouge/GeoTiff_YcBcR/1km_8cm_CC46/1837_5151_08_IR_CC46.tif;https://download.data.grandlyon.com/files/grandlyon/imagerie/ortho2018/infrarouge/tif/1km_8cm_CC46/1837_5151_08_IR_CC46.tif;323
1837_5152_08_IR_CC46.tif;1837000;5152000;1838000;5153000;https://download.data.grandlyon.com/files/grandlyon/imagerie/ortho2018/infrarouge/GeoTiff_YcBcR/1km_8cm_CC46/1837_5152_08_IR_CC46.tif;https://download.data.grandlyon.com/files/grandlyon/imagerie/ortho2018/infrarouge/tif/1km_8cm_CC46/1837_5152_08_IR_CC46.tif;324
1837_5153_08_IR_CC46.tif;1837000;5153000;1838000;5154000;https://download.data.grandlyon.com/files/grandlyon/imagerie/ortho2018/infrarouge/GeoTiff_YcBcR/1km_8cm_CC46/1837_5153_08_IR_CC46.tif;https://download.data.grandlyon.com/files/grandlyon/imagerie/ortho2018/infrarouge/tif/1km_8cm_CC46/1837_5153_08_IR_CC46.tif;325
1837_5154_08_IR_CC46.tif;1837000;5154000;1838000;5155000;https://download.data.grandlyon.com/files/grandlyon/imagerie/ortho2018/infrarouge/GeoTiff_YcBcR/1km_8cm_CC46/1837_5154_08_IR_CC46.tif;https://download.data.grandlyon.com/files/grandlyon/imagerie/ortho2018/infrarouge/tif/1km_8cm_CC46/1837_5154_08_IR_CC46.tif;326
1837_5155_08_IR_CC46.tif;1837000;5155000;1838000;5156000;https://download.data.grandlyon.com/files/grandlyon/imagerie/ortho2018/infrarouge/GeoTiff_YcBcR/1km_8cm_CC46/1837_5155_08_IR_CC46.tif;https://download.data.grandlyon.com/files/grandlyon/imagerie/ortho2018/infrarouge/tif/1km_8cm_CC46/1837_5155_08_IR_CC46.tif;327
1837_5156_08_IR_CC46.tif;1837000;5156000;1838000;5157000;https://download.data.grandlyon.com/files/grandlyon/imagerie/ortho2018/infrarouge/GeoTiff_YcBcR/1km_8cm_CC46/1837_5156_08_IR_CC46.tif;https://download.data.grandlyon.com/files/grandlyon/imagerie/ortho2018/infrarouge/tif/1km_8cm_CC46/1837_5156_08_IR_CC46.tif;328
1837_5157_08_IR_CC46.tif;1837000;5157000;1838000;5158000;https://download.data.grandlyon.com/files/grandlyon/imagerie/ortho2018/infrarouge/GeoTiff_YcBcR/1km_8cm_CC46/1837_5157_08_IR_CC46.tif;https://download.data.grandlyon.com/files/grandlyon/imagerie/ortho2018/infrarouge/tif/1km_8cm_CC46/1837_5157_08_IR_CC46.tif;329
1837_5158_08_IR_CC46.tif;1837000;5158000;1838000;5159000;https://download.data.grandlyon.com/files/grandlyon/imagerie/ortho2018/infrarouge/GeoTiff_YcBcR/1km_8cm_CC46/1837_5158_08_IR_CC46.tif;https://download.data.grandlyon.com/files/grandlyon/imagerie/ortho2018/infrarouge/tif/1km_8cm_CC46/1837_5158_08_IR_CC46.tif;330
1837_5159_08_IR_CC46.tif;1837000;5159000;1838000;5160000;https://download.data.grandlyon.com/files/grandlyon/imagerie/ortho2018/infrarouge/GeoTiff_YcBcR/1km_8cm_CC46/1837_5159_08_IR_CC46.tif;https://download.data.grandlyon.com/files/grandlyon/imagerie/ortho2018/infrarouge/tif/1km_8cm_CC46/1837_5159_08_IR_CC46.tif;331
1837_5160_08_IR_CC46.tif;1837000;5160000;1838000;5161000;https://download.data.grandlyon.com/files/grandlyon/imagerie/ortho2018/infrarouge/GeoTiff_YcBcR/1km_8cm_CC46/1837_5160_08_IR_CC46.tif;https://download.data.grandlyon.com/files/grandlyon/imagerie/ortho2018/infrarouge/tif/1km_8cm_CC46/1837_5160_08_IR_CC46.tif;332
1837_5161_08_IR_CC46.tif;1837000;5161000;1838000;5162000;https://download.data.grandlyon.com/files/grandlyon/imagerie/ortho2018/infrarouge/GeoTiff_YcBcR/1km_8cm_CC46/1837_5161_08_IR_CC46.tif;https://download.data.grandlyon.com/files/grandlyon/imagerie/ortho2018/infrarouge/tif/1km_8cm_CC46/1837_5161_08_IR_CC46.tif;333
1837_5162_08_IR_CC46.tif;1837000;5162000;1838000;5163000;https://download.data.grandlyon.com/files/grandlyon/imagerie/ortho2018/infrarouge/GeoTiff_YcBcR/1km_8cm_CC46/1837_5162_08_IR_CC46.tif;https://download.data.grandlyon.com/files/grandlyon/imagerie/ortho2018/infrarouge/tif/1km_8cm_CC46/1837_5162_08_IR_CC46.tif;334
1837_5163_08_IR_CC46.tif;1837000;5163000;1838000;5164000;https://download.data.grandlyon.com/files/grandlyon/imagerie/ortho2018/infrarouge/GeoTiff_YcBcR/1km_8cm_CC46/1837_5163_08_IR_CC46.tif;https://download.data.grandlyon.com/files/grandlyon/imagerie/ortho2018/infrarouge/tif/1km_8cm_CC46/1837_5163_08_IR_CC46.tif;335
1837_5164_08_IR_CC46.tif;1837000;5164000;1838000;5165000;https://download.data.grandlyon.com/files/grandlyon/imagerie/ortho2018/infrarouge/GeoTiff_YcBcR/1km_8cm_CC46/1837_5164_08_IR_CC46.tif;https://download.data.grandlyon.com/files/grandlyon/imagerie/ortho2018/infrarouge/tif/1km_8cm_CC46/1837_5164_08_IR_CC46.tif;336
1837_5165_08_IR_CC46.tif;1837000;5165000;1838000;5166000;https://download.data.grandlyon.com/files/grandlyon/imagerie/ortho2018/infrarouge/GeoTiff_YcBcR/1km_8cm_CC46/1837_5165_08_IR_CC46.tif;https://download.data.grandlyon.com/files/grandlyon/imagerie/ortho2018/infrarouge/tif/1km_8cm_CC46/1837_5165_08_IR_CC46.tif;337
1837_5166_08_IR_CC46.tif;1837000;5166000;1838000;5167000;https://download.data.grandlyon.com/files/grandlyon/imagerie/ortho2018/infrarouge/GeoTiff_YcBcR/1km_8cm_CC46/1837_5166_08_IR_CC46.tif;https://download.data.grandlyon.com/files/grandlyon/imagerie/ortho2018/infrarouge/tif/1km_8cm_CC46/1837_5166_08_IR_CC46.tif;338
1837_5167_08_IR_CC46.tif;1837000;5167000;1838000;5168000;https://download.data.grandlyon.com/files/grandlyon/imagerie/ortho2018/infrarouge/GeoTiff_YcBcR/1km_8cm_CC46/1837_5167_08_IR_CC46.tif;https://download.data.grandlyon.com/files/grandlyon/imagerie/ortho2018/infrarouge/tif/1km_8cm_CC46/1837_5167_08_IR_CC46.tif;339
1837_5168_08_IR_CC46.tif;1837000;5168000;1838000;5169000;https://download.data.grandlyon.com/files/grandlyon/imagerie/ortho2018/infrarouge/GeoTiff_YcBcR/1km_8cm_CC46/1837_5168_08_IR_CC46.tif;https://download.data.grandlyon.com/files/grandlyon/imagerie/ortho2018/infrarouge/tif/1km_8cm_CC46/1837_5168_08_IR_CC46.tif;340
1837_5169_08_IR_CC46.tif;1837000;5169000;1838000;5170000;https://download.data.grandlyon.com/files/grandlyon/imagerie/ortho2018/infrarouge/GeoTiff_YcBcR/1km_8cm_CC46/1837_5169_08_IR_CC46.tif;https://download.data.grandlyon.com/files/grandlyon/imagerie/ortho2018/infrarouge/tif/1km_8cm_CC46/1837_5169_08_IR_CC46.tif;341
1837_5170_08_IR_CC46.tif;1837000;5170000;1838000;5171000;https://download.data.grandlyon.com/files/grandlyon/imagerie/ortho2018/infrarouge/GeoTiff_YcBcR/1km_8cm_CC46/1837_5170_08_IR_CC46.tif;https://download.data.grandlyon.com/files/grandlyon/imagerie/ortho2018/infrarouge/tif/1km_8cm_CC46/1837_5170_08_IR_CC46.tif;342
1837_5171_08_IR_CC46.tif;1837000;5171000;1838000;5172000;https://download.data.grandlyon.com/files/grandlyon/imagerie/ortho2018/infrarouge/GeoTiff_YcBcR/1km_8cm_CC46/1837_5171_08_IR_CC46.tif;https://download.data.grandlyon.com/files/grandlyon/imagerie/ortho2018/infrarouge/tif/1km_8cm_CC46/1837_5171_08_IR_CC46.tif;343
1837_5172_08_IR_CC46.tif;1837000;5172000;1838000;5173000;https://download.data.grandlyon.com/files/grandlyon/imagerie/ortho2018/infrarouge/GeoTiff_YcBcR/1km_8cm_CC46/1837_5172_08_IR_CC46.tif;https://download.data.grandlyon.com/files/grandlyon/imagerie/ortho2018/infrarouge/tif/1km_8cm_CC46/1837_5172_08_IR_CC46.tif;344
1837_5173_08_IR_CC46.tif;1837000;5173000;1838000;5174000;https://download.data.grandlyon.com/files/grandlyon/imagerie/ortho2018/infrarouge/GeoTiff_YcBcR/1km_8cm_CC46/1837_5173_08_IR_CC46.tif;https://download.data.grandlyon.com/files/grandlyon/imagerie/ortho2018/infrarouge/tif/1km_8cm_CC46/1837_5173_08_IR_CC46.tif;345
1837_5174_08_IR_CC46.tif;1837000;5174000;1838000;5175000;https://download.data.grandlyon.com/files/grandlyon/imagerie/ortho2018/infrarouge/GeoTiff_YcBcR/1km_8cm_CC46/1837_5174_08_IR_CC46.tif;https://download.data.grandlyon.com/files/grandlyon/imagerie/ortho2018/infrarouge/tif/1km_8cm_CC46/1837_5174_08_IR_CC46.tif;346
1837_5175_08_IR_CC46.tif;1837000;5175000;1838000;5176000;https://download.data.grandlyon.com/files/grandlyon/imagerie/ortho2018/infrarouge/GeoTiff_YcBcR/1km_8cm_CC46/1837_5175_08_IR_CC46.tif;https://download.data.grandlyon.com/files/grandlyon/imagerie/ortho2018/infrarouge/tif/1km_8cm_CC46/1837_5175_08_IR_CC46.tif;347
1837_5176_08_IR_CC46.tif;1837000;5176000;1838000;5177000;https://download.data.grandlyon.com/files/grandlyon/imagerie/ortho2018/infrarouge/GeoTiff_YcBcR/1km_8cm_CC46/1837_5176_08_IR_CC46.tif;https://download.data.grandlyon.com/files/grandlyon/imagerie/ortho2018/infrarouge/tif/1km_8cm_CC46/1837_5176_08_IR_CC46.tif;348
1837_5177_08_IR_CC46.tif;1837000;5177000;1838000;5178000;https://download.data.grandlyon.com/files/grandlyon/imagerie/ortho2018/infrarouge/GeoTiff_YcBcR/1km_8cm_CC46/1837_5177_08_IR_CC46.tif;https://download.data.grandlyon.com/files/grandlyon/imagerie/ortho2018/infrarouge/tif/1km_8cm_CC46/1837_5177_08_IR_CC46.tif;349
1837_5178_08_IR_CC46.tif;1837000;5178000;1838000;5179000;https://download.data.grandlyon.com/files/grandlyon/imagerie/ortho2018/infrarouge/GeoTiff_YcBcR/1km_8cm_CC46/1837_5178_08_IR_CC46.tif;https://download.data.grandlyon.com/files/grandlyon/imagerie/ortho2018/infrarouge/tif/1km_8cm_CC46/1837_5178_08_IR_CC46.tif;350
1837_5179_08_IR_CC46.tif;1837000;5179000;1838000;5180000;https://download.data.grandlyon.com/files/grandlyon/imagerie/ortho2018/infrarouge/GeoTiff_YcBcR/1km_8cm_CC46/1837_5179_08_IR_CC46.tif;https://download.data.grandlyon.com/files/grandlyon/imagerie/ortho2018/infrarouge/tif/1km_8cm_CC46/1837_5179_08_IR_CC46.tif;351
1837_5180_08_IR_CC46.tif;1837000;5180000;1838000;5181000;https://download.data.grandlyon.com/files/grandlyon/imagerie/ortho2018/infrarouge/GeoTiff_YcBcR/1km_8cm_CC46/1837_5180_08_IR_CC46.tif;https://download.data.grandlyon.com/files/grandlyon/imagerie/ortho2018/infrarouge/tif/1km_8cm_CC46/1837_5180_08_IR_CC46.tif;352
1837_5181_08_IR_CC46.tif;1837000;5181000;1838000;5182000;https://download.data.grandlyon.com/files/grandlyon/imagerie/ortho2018/infrarouge/GeoTiff_YcBcR/1km_8cm_CC46/1837_5181_08_IR_CC46.tif;https://download.data.grandlyon.com/files/grandlyon/imagerie/ortho2018/infrarouge/tif/1km_8cm_CC46/1837_5181_08_IR_CC46.tif;353
1837_5182_08_IR_CC46.tif;1837000;5182000;1838000;5183000;https://download.data.grandlyon.com/files/grandlyon/imagerie/ortho2018/infrarouge/GeoTiff_YcBcR/1km_8cm_CC46/1837_5182_08_IR_CC46.tif;https://download.data.grandlyon.com/files/grandlyon/imagerie/ortho2018/infrarouge/tif/1km_8cm_CC46/1837_5182_08_IR_CC46.tif;354
1837_5183_08_IR_CC46.tif;1837000;5183000;1838000;5184000;https://download.data.grandlyon.com/files/grandlyon/imagerie/ortho2018/infrarouge/GeoTiff_YcBcR/1km_8cm_CC46/1837_5183_08_IR_CC46.tif;https://download.data.grandlyon.com/files/grandlyon/imagerie/ortho2018/infrarouge/tif/1km_8cm_CC46/1837_5183_08_IR_CC46.tif;355
1837_5184_08_IR_CC46.tif;1837000;5184000;1838000;5185000;https://download.data.grandlyon.com/files/grandlyon/imagerie/ortho2018/infrarouge/GeoTiff_YcBcR/1km_8cm_CC46/1837_5184_08_IR_CC46.tif;https://download.data.grandlyon.com/files/grandlyon/imagerie/ortho2018/infrarouge/tif/1km_8cm_CC46/1837_5184_08_IR_CC46.tif;356
1837_5185_08_IR_CC46.tif;1837000;5185000;1838000;5186000;https://download.data.grandlyon.com/files/grandlyon/imagerie/ortho2018/infrarouge/GeoTiff_YcBcR/1km_8cm_CC46/1837_5185_08_IR_CC46.tif;https://download.data.grandlyon.com/files/grandlyon/imagerie/ortho2018/infrarouge/tif/1km_8cm_CC46/1837_5185_08_IR_CC46.tif;357
1837_5186_08_IR_CC46.tif;1837000;5186000;1838000;5187000;https://download.data.grandlyon.com/files/grandlyon/imagerie/ortho2018/infrarouge/GeoTiff_YcBcR/1km_8cm_CC46/1837_5186_08_IR_CC46.tif;https://download.data.grandlyon.com/files/grandlyon/imagerie/ortho2018/infrarouge/tif/1km_8cm_CC46/1837_5186_08_IR_CC46.tif;358
1837_5187_08_IR_CC46.tif;1837000;5187000;1838000;5188000;https://download.data.grandlyon.com/files/grandlyon/imagerie/ortho2018/infrarouge/GeoTiff_YcBcR/1km_8cm_CC46/1837_5187_08_IR_CC46.tif;https://download.data.grandlyon.com/files/grandlyon/imagerie/ortho2018/infrarouge/tif/1km_8cm_CC46/1837_5187_08_IR_CC46.tif;359
1837_5188_08_IR_CC46.tif;1837000;5188000;1838000;5189000;https://download.data.grandlyon.com/files/grandlyon/imagerie/ortho2018/infrarouge/GeoTiff_YcBcR/1km_8cm_CC46/1837_5188_08_IR_CC46.tif;https://download.data.grandlyon.com/files/grandlyon/imagerie/ortho2018/infrarouge/tif/1km_8cm_CC46/1837_5188_08_IR_CC46.tif;360
1837_5189_08_IR_CC46.tif;1837000;5189000;1838000;5190000;https://download.data.grandlyon.com/files/grandlyon/imagerie/ortho2018/infrarouge/GeoTiff_YcBcR/1km_8cm_CC46/1837_5189_08_IR_CC46.tif;https://download.data.grandlyon.com/files/grandlyon/imagerie/ortho2018/infrarouge/tif/1km_8cm_CC46/1837_5189_08_IR_CC46.tif;361
1837_5190_08_IR_CC46.tif;1837000;5190000;1838000;5191000;https://download.data.grandlyon.com/files/grandlyon/imagerie/ortho2018/infrarouge/GeoTiff_YcBcR/1km_8cm_CC46/1837_5190_08_IR_CC46.tif;https://download.data.grandlyon.com/files/grandlyon/imagerie/ortho2018/infrarouge/tif/1km_8cm_CC46/1837_5190_08_IR_CC46.tif;362
1837_5191_08_IR_CC46.tif;1837000;5191000;1838000;5192000;https://download.data.grandlyon.com/files/grandlyon/imagerie/ortho2018/infrarouge/GeoTiff_YcBcR/1km_8cm_CC46/1837_5191_08_IR_CC46.tif;https://download.data.grandlyon.com/files/grandlyon/imagerie/ortho2018/infrarouge/tif/1km_8cm_CC46/1837_5191_08_IR_CC46.tif;363
1837_5192_08_IR_CC46.tif;1837000;5192000;1838000;5193000;https://download.data.grandlyon.com/files/grandlyon/imagerie/ortho2018/infrarouge/GeoTiff_YcBcR/1km_8cm_CC46/1837_5192_08_IR_CC46.tif;https://download.data.grandlyon.com/files/grandlyon/imagerie/ortho2018/infrarouge/tif/1km_8cm_CC46/1837_5192_08_IR_CC46.tif;364
1837_5193_08_IR_CC46.tif;1837000;5193000;1838000;5194000;https://download.data.grandlyon.com/files/grandlyon/imagerie/ortho2018/infrarouge/GeoTiff_YcBcR/1km_8cm_CC46/1837_5193_08_IR_CC46.tif;https://download.data.grandlyon.com/files/grandlyon/imagerie/ortho2018/infrarouge/tif/1km_8cm_CC46/1837_5193_08_IR_CC46.tif;365
1837_5194_08_IR_CC46.tif;1837000;5194000;1838000;5195000;https://download.data.grandlyon.com/files/grandlyon/imagerie/ortho2018/infrarouge/GeoTiff_YcBcR/1km_8cm_CC46/1837_5194_08_IR_CC46.tif;https://download.data.grandlyon.com/files/grandlyon/imagerie/ortho2018/infrarouge/tif/1km_8cm_CC46/1837_5194_08_IR_CC46.tif;366
1837_5195_08_IR_CC46.tif;1837000;5195000;1838000;5196000;https://download.data.grandlyon.com/files/grandlyon/imagerie/ortho2018/infrarouge/GeoTiff_YcBcR/1km_8cm_CC46/1837_5195_08_IR_CC46.tif;https://download.data.grandlyon.com/files/grandlyon/imagerie/ortho2018/infrarouge/tif/1km_8cm_CC46/1837_5195_08_IR_CC46.tif;367
1837_5196_08_IR_CC46.tif;1837000;5196000;1838000;5197000;https://download.data.grandlyon.com/files/grandlyon/imagerie/ortho2018/infrarouge/GeoTiff_YcBcR/1km_8cm_CC46/1837_5196_08_IR_CC46.tif;https://download.data.grandlyon.com/files/grandlyon/imagerie/ortho2018/infrarouge/tif/1km_8cm_CC46/1837_5196_08_IR_CC46.tif;368
1838_5151_08_IR_CC46.tif;1838000;5151000;1839000;5152000;https://download.data.grandlyon.com/files/grandlyon/imagerie/ortho2018/infrarouge/GeoTiff_YcBcR/1km_8cm_CC46/1838_5151_08_IR_CC46.tif;https://download.data.grandlyon.com/files/grandlyon/imagerie/ortho2018/infrarouge/tif/1km_8cm_CC46/1838_5151_08_IR_CC46.tif;369
1838_5152_08_IR_CC46.tif;1838000;5152000;1839000;5153000;https://download.data.grandlyon.com/files/grandlyon/imagerie/ortho2018/infrarouge/GeoTiff_YcBcR/1km_8cm_CC46/1838_5152_08_IR_CC46.tif;https://download.data.grandlyon.com/files/grandlyon/imagerie/ortho2018/infrarouge/tif/1km_8cm_CC46/1838_5152_08_IR_CC46.tif;370
1838_5153_08_IR_CC46.tif;1838000;5153000;1839000;5154000;https://download.data.grandlyon.com/files/grandlyon/imagerie/ortho2018/infrarouge/GeoTiff_YcBcR/1km_8cm_CC46/1838_5153_08_IR_CC46.tif;https://download.data.grandlyon.com/files/grandlyon/imagerie/ortho2018/infrarouge/tif/1km_8cm_CC46/1838_5153_08_IR_CC46.tif;371
1838_5154_08_IR_CC46.tif;1838000;5154000;1839000;5155000;https://download.data.grandlyon.com/files/grandlyon/imagerie/ortho2018/infrarouge/GeoTiff_YcBcR/1km_8cm_CC46/1838_5154_08_IR_CC46.tif;https://download.data.grandlyon.com/files/grandlyon/imagerie/ortho2018/infrarouge/tif/1km_8cm_CC46/1838_5154_08_IR_CC46.tif;372
1838_5155_08_IR_CC46.tif;1838000;5155000;1839000;5156000;https://download.data.grandlyon.com/files/grandlyon/imagerie/ortho2018/infrarouge/GeoTiff_YcBcR/1km_8cm_CC46/1838_5155_08_IR_CC46.tif;https://download.data.grandlyon.com/files/grandlyon/imagerie/ortho2018/infrarouge/tif/1km_8cm_CC46/1838_5155_08_IR_CC46.tif;373
1838_5156_08_IR_CC46.tif;1838000;5156000;1839000;5157000;https://download.data.grandlyon.com/files/grandlyon/imagerie/ortho2018/infrarouge/GeoTiff_YcBcR/1km_8cm_CC46/1838_5156_08_IR_CC46.tif;https://download.data.grandlyon.com/files/grandlyon/imagerie/ortho2018/infrarouge/tif/1km_8cm_CC46/1838_5156_08_IR_CC46.tif;374
1838_5157_08_IR_CC46.tif;1838000;5157000;1839000;5158000;https://download.data.grandlyon.com/files/grandlyon/imagerie/ortho2018/infrarouge/GeoTiff_YcBcR/1km_8cm_CC46/1838_5157_08_IR_CC46.tif;https://download.data.grandlyon.com/files/grandlyon/imagerie/ortho2018/infrarouge/tif/1km_8cm_CC46/1838_5157_08_IR_CC46.tif;375
1838_5158_08_IR_CC46.tif;1838000;5158000;1839000;5159000;https://download.data.grandlyon.com/files/grandlyon/imagerie/ortho2018/infrarouge/GeoTiff_YcBcR/1km_8cm_CC46/1838_5158_08_IR_CC46.tif;https://download.data.grandlyon.com/files/grandlyon/imagerie/ortho2018/infrarouge/tif/1km_8cm_CC46/1838_5158_08_IR_CC46.tif;376
1838_5159_08_IR_CC46.tif;1838000;5159000;1839000;5160000;https://download.data.grandlyon.com/files/grandlyon/imagerie/ortho2018/infrarouge/GeoTiff_YcBcR/1km_8cm_CC46/1838_5159_08_IR_CC46.tif;https://download.data.grandlyon.com/files/grandlyon/imagerie/ortho2018/infrarouge/tif/1km_8cm_CC46/1838_5159_08_IR_CC46.tif;377
1838_5160_08_IR_CC46.tif;1838000;5160000;1839000;5161000;https://download.data.grandlyon.com/files/grandlyon/imagerie/ortho2018/infrarouge/GeoTiff_YcBcR/1km_8cm_CC46/1838_5160_08_IR_CC46.tif;https://download.data.grandlyon.com/files/grandlyon/imagerie/ortho2018/infrarouge/tif/1km_8cm_CC46/1838_5160_08_IR_CC46.tif;378
1838_5161_08_IR_CC46.tif;1838000;5161000;1839000;5162000;https://download.data.grandlyon.com/files/grandlyon/imagerie/ortho2018/infrarouge/GeoTiff_YcBcR/1km_8cm_CC46/1838_5161_08_IR_CC46.tif;https://download.data.grandlyon.com/files/grandlyon/imagerie/ortho2018/infrarouge/tif/1km_8cm_CC46/1838_5161_08_IR_CC46.tif;379
1838_5162_08_IR_CC46.tif;1838000;5162000;1839000;5163000;https://download.data.grandlyon.com/files/grandlyon/imagerie/ortho2018/infrarouge/GeoTiff_YcBcR/1km_8cm_CC46/1838_5162_08_IR_CC46.tif;https://download.data.grandlyon.com/files/grandlyon/imagerie/ortho2018/infrarouge/tif/1km_8cm_CC46/1838_5162_08_IR_CC46.tif;380
1838_5163_08_IR_CC46.tif;1838000;5163000;1839000;5164000;https://download.data.grandlyon.com/files/grandlyon/imagerie/ortho2018/infrarouge/GeoTiff_YcBcR/1km_8cm_CC46/1838_5163_08_IR_CC46.tif;https://download.data.grandlyon.com/files/grandlyon/imagerie/ortho2018/infrarouge/tif/1km_8cm_CC46/1838_5163_08_IR_CC46.tif;381
1838_5164_08_IR_CC46.tif;1838000;5164000;1839000;5165000;https://download.data.grandlyon.com/files/grandlyon/imagerie/ortho2018/infrarouge/GeoTiff_YcBcR/1km_8cm_CC46/1838_5164_08_IR_CC46.tif;https://download.data.grandlyon.com/files/grandlyon/imagerie/ortho2018/infrarouge/tif/1km_8cm_CC46/1838_5164_08_IR_CC46.tif;382
1838_5165_08_IR_CC46.tif;1838000;5165000;1839000;5166000;https://download.data.grandlyon.com/files/grandlyon/imagerie/ortho2018/infrarouge/GeoTiff_YcBcR/1km_8cm_CC46/1838_5165_08_IR_CC46.tif;https://download.data.grandlyon.com/files/grandlyon/imagerie/ortho2018/infrarouge/tif/1km_8cm_CC46/1838_5165_08_IR_CC46.tif;383
1838_5166_08_IR_CC46.tif;1838000;5166000;1839000;5167000;https://download.data.grandlyon.com/files/grandlyon/imagerie/ortho2018/infrarouge/GeoTiff_YcBcR/1km_8cm_CC46/1838_5166_08_IR_CC46.tif;https://download.data.grandlyon.com/files/grandlyon/imagerie/ortho2018/infrarouge/tif/1km_8cm_CC46/1838_5166_08_IR_CC46.tif;384
1838_5167_08_IR_CC46.tif;1838000;5167000;1839000;5168000;https://download.data.grandlyon.com/files/grandlyon/imagerie/ortho2018/infrarouge/GeoTiff_YcBcR/1km_8cm_CC46/1838_5167_08_IR_CC46.tif;https://download.data.grandlyon.com/files/grandlyon/imagerie/ortho2018/infrarouge/tif/1km_8cm_CC46/1838_5167_08_IR_CC46.tif;385
1838_5168_08_IR_CC46.tif;1838000;5168000;1839000;5169000;https://download.data.grandlyon.com/files/grandlyon/imagerie/ortho2018/infrarouge/GeoTiff_YcBcR/1km_8cm_CC46/1838_5168_08_IR_CC46.tif;https://download.data.grandlyon.com/files/grandlyon/imagerie/ortho2018/infrarouge/tif/1km_8cm_CC46/1838_5168_08_IR_CC46.tif;386
1838_5169_08_IR_CC46.tif;1838000;5169000;1839000;5170000;https://download.data.grandlyon.com/files/grandlyon/imagerie/ortho2018/infrarouge/GeoTiff_YcBcR/1km_8cm_CC46/1838_5169_08_IR_CC46.tif;https://download.data.grandlyon.com/files/grandlyon/imagerie/ortho2018/infrarouge/tif/1km_8cm_CC46/1838_5169_08_IR_CC46.tif;387
1838_5170_08_IR_CC46.tif;1838000;5170000;1839000;5171000;https://download.data.grandlyon.com/files/grandlyon/imagerie/ortho2018/infrarouge/GeoTiff_YcBcR/1km_8cm_CC46/1838_5170_08_IR_CC46.tif;https://download.data.grandlyon.com/files/grandlyon/imagerie/ortho2018/infrarouge/tif/1km_8cm_CC46/1838_5170_08_IR_CC46.tif;388
1838_5171_08_IR_CC46.tif;1838000;5171000;1839000;5172000;https://download.data.grandlyon.com/files/grandlyon/imagerie/ortho2018/infrarouge/GeoTiff_YcBcR/1km_8cm_CC46/1838_5171_08_IR_CC46.tif;https://download.data.grandlyon.com/files/grandlyon/imagerie/ortho2018/infrarouge/tif/1km_8cm_CC46/1838_5171_08_IR_CC46.tif;389
1838_5172_08_IR_CC46.tif;1838000;5172000;1839000;5173000;https://download.data.grandlyon.com/files/grandlyon/imagerie/ortho2018/infrarouge/GeoTiff_YcBcR/1km_8cm_CC46/1838_5172_08_IR_CC46.tif;https://download.data.grandlyon.com/files/grandlyon/imagerie/ortho2018/infrarouge/tif/1km_8cm_CC46/1838_5172_08_IR_CC46.tif;390
1838_5173_08_IR_CC46.tif;1838000;5173000;1839000;5174000;https://download.data.grandlyon.com/files/grandlyon/imagerie/ortho2018/infrarouge/GeoTiff_YcBcR/1km_8cm_CC46/1838_5173_08_IR_CC46.tif;https://download.data.grandlyon.com/files/grandlyon/imagerie/ortho2018/infrarouge/tif/1km_8cm_CC46/1838_5173_08_IR_CC46.tif;391
1838_5174_08_IR_CC46.tif;1838000;5174000;1839000;5175000;https://download.data.grandlyon.com/files/grandlyon/imagerie/ortho2018/infrarouge/GeoTiff_YcBcR/1km_8cm_CC46/1838_5174_08_IR_CC46.tif;https://download.data.grandlyon.com/files/grandlyon/imagerie/ortho2018/infrarouge/tif/1km_8cm_CC46/1838_5174_08_IR_CC46.tif;392
1838_5175_08_IR_CC46.tif;1838000;5175000;1839000;5176000;https://download.data.grandlyon.com/files/grandlyon/imagerie/ortho2018/infrarouge/GeoTiff_YcBcR/1km_8cm_CC46/1838_5175_08_IR_CC46.tif;https://download.data.grandlyon.com/files/grandlyon/imagerie/ortho2018/infrarouge/tif/1km_8cm_CC46/1838_5175_08_IR_CC46.tif;393
1838_5176_08_IR_CC46.tif;1838000;5176000;1839000;5177000;https://download.data.grandlyon.com/files/grandlyon/imagerie/ortho2018/infrarouge/GeoTiff_YcBcR/1km_8cm_CC46/1838_5176_08_IR_CC46.tif;https://download.data.grandlyon.com/files/grandlyon/imagerie/ortho2018/infrarouge/tif/1km_8cm_CC46/1838_5176_08_IR_CC46.tif;394
1838_5177_08_IR_CC46.tif;1838000;5177000;1839000;5178000;https://download.data.grandlyon.com/files/grandlyon/imagerie/ortho2018/infrarouge/GeoTiff_YcBcR/1km_8cm_CC46/1838_5177_08_IR_CC46.tif;https://download.data.grandlyon.com/files/grandlyon/imagerie/ortho2018/infrarouge/tif/1km_8cm_CC46/1838_5177_08_IR_CC46.tif;395
1838_5178_08_IR_CC46.tif;1838000;5178000;1839000;5179000;https://download.data.grandlyon.com/files/grandlyon/imagerie/ortho2018/infrarouge/GeoTiff_YcBcR/1km_8cm_CC46/1838_5178_08_IR_CC46.tif;https://download.data.grandlyon.com/files/grandlyon/imagerie/ortho2018/infrarouge/tif/1km_8cm_CC46/1838_5178_08_IR_CC46.tif;396
1838_5179_08_IR_CC46.tif;1838000;5179000;1839000;5180000;https://download.data.grandlyon.com/files/grandlyon/imagerie/ortho2018/infrarouge/GeoTiff_YcBcR/1km_8cm_CC46/1838_5179_08_IR_CC46.tif;https://download.data.grandlyon.com/files/grandlyon/imagerie/ortho2018/infrarouge/tif/1km_8cm_CC46/1838_5179_08_IR_CC46.tif;397
1838_5180_08_IR_CC46.tif;1838000;5180000;1839000;5181000;https://download.data.grandlyon.com/files/grandlyon/imagerie/ortho2018/infrarouge/GeoTiff_YcBcR/1km_8cm_CC46/1838_5180_08_IR_CC46.tif;https://download.data.grandlyon.com/files/grandlyon/imagerie/ortho2018/infrarouge/tif/1km_8cm_CC46/1838_5180_08_IR_CC46.tif;398
1838_5181_08_IR_CC46.tif;1838000;5181000;1839000;5182000;https://download.data.grandlyon.com/files/grandlyon/imagerie/ortho2018/infrarouge/GeoTiff_YcBcR/1km_8cm_CC46/1838_5181_08_IR_CC46.tif;https://download.data.grandlyon.com/files/grandlyon/imagerie/ortho2018/infrarouge/tif/1km_8cm_CC46/1838_5181_08_IR_CC46.tif;399
1838_5182_08_IR_CC46.tif;1838000;5182000;1839000;5183000;https://download.data.grandlyon.com/files/grandlyon/imagerie/ortho2018/infrarouge/GeoTiff_YcBcR/1km_8cm_CC46/1838_5182_08_IR_CC46.tif;https://download.data.grandlyon.com/files/grandlyon/imagerie/ortho2018/infrarouge/tif/1km_8cm_CC46/1838_5182_08_IR_CC46.tif;400
1838_5183_08_IR_CC46.tif;1838000;5183000;1839000;5184000;https://download.data.grandlyon.com/files/grandlyon/imagerie/ortho2018/infrarouge/GeoTiff_YcBcR/1km_8cm_CC46/1838_5183_08_IR_CC46.tif;https://download.data.grandlyon.com/files/grandlyon/imagerie/ortho2018/infrarouge/tif/1km_8cm_CC46/1838_5183_08_IR_CC46.tif;401
1838_5184_08_IR_CC46.tif;1838000;5184000;1839000;5185000;https://download.data.grandlyon.com/files/grandlyon/imagerie/ortho2018/infrarouge/GeoTiff_YcBcR/1km_8cm_CC46/1838_5184_08_IR_CC46.tif;https://download.data.grandlyon.com/files/grandlyon/imagerie/ortho2018/infrarouge/tif/1km_8cm_CC46/1838_5184_08_IR_CC46.tif;402
1838_5185_08_IR_CC46.tif;1838000;5185000;1839000;5186000;https://download.data.grandlyon.com/files/grandlyon/imagerie/ortho2018/infrarouge/GeoTiff_YcBcR/1km_8cm_CC46/1838_5185_08_IR_CC46.tif;https://download.data.grandlyon.com/files/grandlyon/imagerie/ortho2018/infrarouge/tif/1km_8cm_CC46/1838_5185_08_IR_CC46.tif;403
1838_5186_08_IR_CC46.tif;1838000;5186000;1839000;5187000;https://download.data.grandlyon.com/files/grandlyon/imagerie/ortho2018/infrarouge/GeoTiff_YcBcR/1km_8cm_CC46/1838_5186_08_IR_CC46.tif;https://download.data.grandlyon.com/files/grandlyon/imagerie/ortho2018/infrarouge/tif/1km_8cm_CC46/1838_5186_08_IR_CC46.tif;404
1838_5187_08_IR_CC46.tif;1838000;5187000;1839000;5188000;https://download.data.grandlyon.com/files/grandlyon/imagerie/ortho2018/infrarouge/GeoTiff_YcBcR/1km_8cm_CC46/1838_5187_08_IR_CC46.tif;https://download.data.grandlyon.com/files/grandlyon/imagerie/ortho2018/infrarouge/tif/1km_8cm_CC46/1838_5187_08_IR_CC46.tif;405
1838_5188_08_IR_CC46.tif;1838000;5188000;1839000;5189000;https://download.data.grandlyon.com/files/grandlyon/imagerie/ortho2018/infrarouge/GeoTiff_YcBcR/1km_8cm_CC46/1838_5188_08_IR_CC46.tif;https://download.data.grandlyon.com/files/grandlyon/imagerie/ortho2018/infrarouge/tif/1km_8cm_CC46/1838_5188_08_IR_CC46.tif;406
1838_5189_08_IR_CC46.tif;1838000;5189000;1839000;5190000;https://download.data.grandlyon.com/files/grandlyon/imagerie/ortho2018/infrarouge/GeoTiff_YcBcR/1km_8cm_CC46/1838_5189_08_IR_CC46.tif;https://download.data.grandlyon.com/files/grandlyon/imagerie/ortho2018/infrarouge/tif/1km_8cm_CC46/1838_5189_08_IR_CC46.tif;407
1838_5190_08_IR_CC46.tif;1838000;5190000;1839000;5191000;https://download.data.grandlyon.com/files/grandlyon/imagerie/ortho2018/infrarouge/GeoTiff_YcBcR/1km_8cm_CC46/1838_5190_08_IR_CC46.tif;https://download.data.grandlyon.com/files/grandlyon/imagerie/ortho2018/infrarouge/tif/1km_8cm_CC46/1838_5190_08_IR_CC46.tif;408
1838_5191_08_IR_CC46.tif;1838000;5191000;1839000;5192000;https://download.data.grandlyon.com/files/grandlyon/imagerie/ortho2018/infrarouge/GeoTiff_YcBcR/1km_8cm_CC46/1838_5191_08_IR_CC46.tif;https://download.data.grandlyon.com/files/grandlyon/imagerie/ortho2018/infrarouge/tif/1km_8cm_CC46/1838_5191_08_IR_CC46.tif;409
1838_5192_08_IR_CC46.tif;1838000;5192000;1839000;5193000;https://download.data.grandlyon.com/files/grandlyon/imagerie/ortho2018/infrarouge/GeoTiff_YcBcR/1km_8cm_CC46/1838_5192_08_IR_CC46.tif;https://download.data.grandlyon.com/files/grandlyon/imagerie/ortho2018/infrarouge/tif/1km_8cm_CC46/1838_5192_08_IR_CC46.tif;410
1838_5193_08_IR_CC46.tif;1838000;5193000;1839000;5194000;https://download.data.grandlyon.com/files/grandlyon/imagerie/ortho2018/infrarouge/GeoTiff_YcBcR/1km_8cm_CC46/1838_5193_08_IR_CC46.tif;https://download.data.grandlyon.com/files/grandlyon/imagerie/ortho2018/infrarouge/tif/1km_8cm_CC46/1838_5193_08_IR_CC46.tif;411
1838_5194_08_IR_CC46.tif;1838000;5194000;1839000;5195000;https://download.data.grandlyon.com/files/grandlyon/imagerie/ortho2018/infrarouge/GeoTiff_YcBcR/1km_8cm_CC46/1838_5194_08_IR_CC46.tif;https://download.data.grandlyon.com/files/grandlyon/imagerie/ortho2018/infrarouge/tif/1km_8cm_CC46/1838_5194_08_IR_CC46.tif;412
1838_5195_08_IR_CC46.tif;1838000;5195000;1839000;5196000;https://download.data.grandlyon.com/files/grandlyon/imagerie/ortho2018/infrarouge/GeoTiff_YcBcR/1km_8cm_CC46/1838_5195_08_IR_CC46.tif;https://download.data.grandlyon.com/files/grandlyon/imagerie/ortho2018/infrarouge/tif/1km_8cm_CC46/1838_5195_08_IR_CC46.tif;413
1838_5196_08_IR_CC46.tif;1838000;5196000;1839000;5197000;https://download.data.grandlyon.com/files/grandlyon/imagerie/ortho2018/infrarouge/GeoTiff_YcBcR/1km_8cm_CC46/1838_5196_08_IR_CC46.tif;https://download.data.grandlyon.com/files/grandlyon/imagerie/ortho2018/infrarouge/tif/1km_8cm_CC46/1838_5196_08_IR_CC46.tif;414
1839_5151_08_IR_CC46.tif;1839000;5151000;1840000;5152000;https://download.data.grandlyon.com/files/grandlyon/imagerie/ortho2018/infrarouge/GeoTiff_YcBcR/1km_8cm_CC46/1839_5151_08_IR_CC46.tif;https://download.data.grandlyon.com/files/grandlyon/imagerie/ortho2018/infrarouge/tif/1km_8cm_CC46/1839_5151_08_IR_CC46.tif;415
1839_5152_08_IR_CC46.tif;1839000;5152000;1840000;5153000;https://download.data.grandlyon.com/files/grandlyon/imagerie/ortho2018/infrarouge/GeoTiff_YcBcR/1km_8cm_CC46/1839_5152_08_IR_CC46.tif;https://download.data.grandlyon.com/files/grandlyon/imagerie/ortho2018/infrarouge/tif/1km_8cm_CC46/1839_5152_08_IR_CC46.tif;416
1839_5153_08_IR_CC46.tif;1839000;5153000;1840000;5154000;https://download.data.grandlyon.com/files/grandlyon/imagerie/ortho2018/infrarouge/GeoTiff_YcBcR/1km_8cm_CC46/1839_5153_08_IR_CC46.tif;https://download.data.grandlyon.com/files/grandlyon/imagerie/ortho2018/infrarouge/tif/1km_8cm_CC46/1839_5153_08_IR_CC46.tif;417
1839_5154_08_IR_CC46.tif;1839000;5154000;1840000;5155000;https://download.data.grandlyon.com/files/grandlyon/imagerie/ortho2018/infrarouge/GeoTiff_YcBcR/1km_8cm_CC46/1839_5154_08_IR_CC46.tif;https://download.data.grandlyon.com/files/grandlyon/imagerie/ortho2018/infrarouge/tif/1km_8cm_CC46/1839_5154_08_IR_CC46.tif;418
1839_5155_08_IR_CC46.tif;1839000;5155000;1840000;5156000;https://download.data.grandlyon.com/files/grandlyon/imagerie/ortho2018/infrarouge/GeoTiff_YcBcR/1km_8cm_CC46/1839_5155_08_IR_CC46.tif;https://download.data.grandlyon.com/files/grandlyon/imagerie/ortho2018/infrarouge/tif/1km_8cm_CC46/1839_5155_08_IR_CC46.tif;419
1839_5156_08_IR_CC46.tif;1839000;5156000;1840000;5157000;https://download.data.grandlyon.com/files/grandlyon/imagerie/ortho2018/infrarouge/GeoTiff_YcBcR/1km_8cm_CC46/1839_5156_08_IR_CC46.tif;https://download.data.grandlyon.com/files/grandlyon/imagerie/ortho2018/infrarouge/tif/1km_8cm_CC46/1839_5156_08_IR_CC46.tif;420
1839_5157_08_IR_CC46.tif;1839000;5157000;1840000;5158000;https://download.data.grandlyon.com/files/grandlyon/imagerie/ortho2018/infrarouge/GeoTiff_YcBcR/1km_8cm_CC46/1839_5157_08_IR_CC46.tif;https://download.data.grandlyon.com/files/grandlyon/imagerie/ortho2018/infrarouge/tif/1km_8cm_CC46/1839_5157_08_IR_CC46.tif;421
1839_5158_08_IR_CC46.tif;1839000;5158000;1840000;5159000;https://download.data.grandlyon.com/files/grandlyon/imagerie/ortho2018/infrarouge/GeoTiff_YcBcR/1km_8cm_CC46/1839_5158_08_IR_CC46.tif;https://download.data.grandlyon.com/files/grandlyon/imagerie/ortho2018/infrarouge/tif/1km_8cm_CC46/1839_5158_08_IR_CC46.tif;422
1839_5159_08_IR_CC46.tif;1839000;5159000;1840000;5160000;https://download.data.grandlyon.com/files/grandlyon/imagerie/ortho2018/infrarouge/GeoTiff_YcBcR/1km_8cm_CC46/1839_5159_08_IR_CC46.tif;https://download.data.grandlyon.com/files/grandlyon/imagerie/ortho2018/infrarouge/tif/1km_8cm_CC46/1839_5159_08_IR_CC46.tif;423
1839_5160_08_IR_CC46.tif;1839000;5160000;1840000;5161000;https://download.data.grandlyon.com/files/grandlyon/imagerie/ortho2018/infrarouge/GeoTiff_YcBcR/1km_8cm_CC46/1839_5160_08_IR_CC46.tif;https://download.data.grandlyon.com/files/grandlyon/imagerie/ortho2018/infrarouge/tif/1km_8cm_CC46/1839_5160_08_IR_CC46.tif;424
1839_5161_08_IR_CC46.tif;1839000;5161000;1840000;5162000;https://download.data.grandlyon.com/files/grandlyon/imagerie/ortho2018/infrarouge/GeoTiff_YcBcR/1km_8cm_CC46/1839_5161_08_IR_CC46.tif;https://download.data.grandlyon.com/files/grandlyon/imagerie/ortho2018/infrarouge/tif/1km_8cm_CC46/1839_5161_08_IR_CC46.tif;425
1839_5162_08_IR_CC46.tif;1839000;5162000;1840000;5163000;https://download.data.grandlyon.com/files/grandlyon/imagerie/ortho2018/infrarouge/GeoTiff_YcBcR/1km_8cm_CC46/1839_5162_08_IR_CC46.tif;https://download.data.grandlyon.com/files/grandlyon/imagerie/ortho2018/infrarouge/tif/1km_8cm_CC46/1839_5162_08_IR_CC46.tif;426
1839_5163_08_IR_CC46.tif;1839000;5163000;1840000;5164000;https://download.data.grandlyon.com/files/grandlyon/imagerie/ortho2018/infrarouge/GeoTiff_YcBcR/1km_8cm_CC46/1839_5163_08_IR_CC46.tif;https://download.data.grandlyon.com/files/grandlyon/imagerie/ortho2018/infrarouge/tif/1km_8cm_CC46/1839_5163_08_IR_CC46.tif;427
1839_5164_08_IR_CC46.tif;1839000;5164000;1840000;5165000;https://download.data.grandlyon.com/files/grandlyon/imagerie/ortho2018/infrarouge/GeoTiff_YcBcR/1km_8cm_CC46/1839_5164_08_IR_CC46.tif;https://download.data.grandlyon.com/files/grandlyon/imagerie/ortho2018/infrarouge/tif/1km_8cm_CC46/1839_5164_08_IR_CC46.tif;428
1839_5165_08_IR_CC46.tif;1839000;5165000;1840000;5166000;https://download.data.grandlyon.com/files/grandlyon/imagerie/ortho2018/infrarouge/GeoTiff_YcBcR/1km_8cm_CC46/1839_5165_08_IR_CC46.tif;https://download.data.grandlyon.com/files/grandlyon/imagerie/ortho2018/infrarouge/tif/1km_8cm_CC46/1839_5165_08_IR_CC46.tif;429
1839_5166_08_IR_CC46.tif;1839000;5166000;1840000;5167000;https://download.data.grandlyon.com/files/grandlyon/imagerie/ortho2018/infrarouge/GeoTiff_YcBcR/1km_8cm_CC46/1839_5166_08_IR_CC46.tif;https://download.data.grandlyon.com/files/grandlyon/imagerie/ortho2018/infrarouge/tif/1km_8cm_CC46/1839_5166_08_IR_CC46.tif;430
1839_5167_08_IR_CC46.tif;1839000;5167000;1840000;5168000;https://download.data.grandlyon.com/files/grandlyon/imagerie/ortho2018/infrarouge/GeoTiff_YcBcR/1km_8cm_CC46/1839_5167_08_IR_CC46.tif;https://download.data.grandlyon.com/files/grandlyon/imagerie/ortho2018/infrarouge/tif/1km_8cm_CC46/1839_5167_08_IR_CC46.tif;431
1839_5168_08_IR_CC46.tif;1839000;5168000;1840000;5169000;https://download.data.grandlyon.com/files/grandlyon/imagerie/ortho2018/infrarouge/GeoTiff_YcBcR/1km_8cm_CC46/1839_5168_08_IR_CC46.tif;https://download.data.grandlyon.com/files/grandlyon/imagerie/ortho2018/infrarouge/tif/1km_8cm_CC46/1839_5168_08_IR_CC46.tif;432
1839_5169_08_IR_CC46.tif;1839000;5169000;1840000;5170000;https://download.data.grandlyon.com/files/grandlyon/imagerie/ortho2018/infrarouge/GeoTiff_YcBcR/1km_8cm_CC46/1839_5169_08_IR_CC46.tif;https://download.data.grandlyon.com/files/grandlyon/imagerie/ortho2018/infrarouge/tif/1km_8cm_CC46/1839_5169_08_IR_CC46.tif;433
1839_5170_08_IR_CC46.tif;1839000;5170000;1840000;5171000;https://download.data.grandlyon.com/files/grandlyon/imagerie/ortho2018/infrarouge/GeoTiff_YcBcR/1km_8cm_CC46/1839_5170_08_IR_CC46.tif;https://download.data.grandlyon.com/files/grandlyon/imagerie/ortho2018/infrarouge/tif/1km_8cm_CC46/1839_5170_08_IR_CC46.tif;434
1839_5171_08_IR_CC46.tif;1839000;5171000;1840000;5172000;https://download.data.grandlyon.com/files/grandlyon/imagerie/ortho2018/infrarouge/GeoTiff_YcBcR/1km_8cm_CC46/1839_5171_08_IR_CC46.tif;https://download.data.grandlyon.com/files/grandlyon/imagerie/ortho2018/infrarouge/tif/1km_8cm_CC46/1839_5171_08_IR_CC46.tif;435
1839_5172_08_IR_CC46.tif;1839000;5172000;1840000;5173000;https://download.data.grandlyon.com/files/grandlyon/imagerie/ortho2018/infrarouge/GeoTiff_YcBcR/1km_8cm_CC46/1839_5172_08_IR_CC46.tif;https://download.data.grandlyon.com/files/grandlyon/imagerie/ortho2018/infrarouge/tif/1km_8cm_CC46/1839_5172_08_IR_CC46.tif;436
1839_5173_08_IR_CC46.tif;1839000;5173000;1840000;5174000;https://download.data.grandlyon.com/files/grandlyon/imagerie/ortho2018/infrarouge/GeoTiff_YcBcR/1km_8cm_CC46/1839_5173_08_IR_CC46.tif;https://download.data.grandlyon.com/files/grandlyon/imagerie/ortho2018/infrarouge/tif/1km_8cm_CC46/1839_5173_08_IR_CC46.tif;437
1839_5174_08_IR_CC46.tif;1839000;5174000;1840000;5175000;https://download.data.grandlyon.com/files/grandlyon/imagerie/ortho2018/infrarouge/GeoTiff_YcBcR/1km_8cm_CC46/1839_5174_08_IR_CC46.tif;https://download.data.grandlyon.com/files/grandlyon/imagerie/ortho2018/infrarouge/tif/1km_8cm_CC46/1839_5174_08_IR_CC46.tif;438
1839_5175_08_IR_CC46.tif;1839000;5175000;1840000;5176000;https://download.data.grandlyon.com/files/grandlyon/imagerie/ortho2018/infrarouge/GeoTiff_YcBcR/1km_8cm_CC46/1839_5175_08_IR_CC46.tif;https://download.data.grandlyon.com/files/grandlyon/imagerie/ortho2018/infrarouge/tif/1km_8cm_CC46/1839_5175_08_IR_CC46.tif;439
1839_5176_08_IR_CC46.tif;1839000;5176000;1840000;5177000;https://download.data.grandlyon.com/files/grandlyon/imagerie/ortho2018/infrarouge/GeoTiff_YcBcR/1km_8cm_CC46/1839_5176_08_IR_CC46.tif;https://download.data.grandlyon.com/files/grandlyon/imagerie/ortho2018/infrarouge/tif/1km_8cm_CC46/1839_5176_08_IR_CC46.tif;440
1839_5177_08_IR_CC46.tif;1839000;5177000;1840000;5178000;https://download.data.grandlyon.com/files/grandlyon/imagerie/ortho2018/infrarouge/GeoTiff_YcBcR/1km_8cm_CC46/1839_5177_08_IR_CC46.tif;https://download.data.grandlyon.com/files/grandlyon/imagerie/ortho2018/infrarouge/tif/1km_8cm_CC46/1839_5177_08_IR_CC46.tif;441
1839_5178_08_IR_CC46.tif;1839000;5178000;1840000;5179000;https://download.data.grandlyon.com/files/grandlyon/imagerie/ortho2018/infrarouge/GeoTiff_YcBcR/1km_8cm_CC46/1839_5178_08_IR_CC46.tif;https://download.data.grandlyon.com/files/grandlyon/imagerie/ortho2018/infrarouge/tif/1km_8cm_CC46/1839_5178_08_IR_CC46.tif;442
1839_5179_08_IR_CC46.tif;1839000;5179000;1840000;5180000;https://download.data.grandlyon.com/files/grandlyon/imagerie/ortho2018/infrarouge/GeoTiff_YcBcR/1km_8cm_CC46/1839_5179_08_IR_CC46.tif;https://download.data.grandlyon.com/files/grandlyon/imagerie/ortho2018/infrarouge/tif/1km_8cm_CC46/1839_5179_08_IR_CC46.tif;443
1839_5180_08_IR_CC46.tif;1839000;5180000;1840000;5181000;https://download.data.grandlyon.com/files/grandlyon/imagerie/ortho2018/infrarouge/GeoTiff_YcBcR/1km_8cm_CC46/1839_5180_08_IR_CC46.tif;https://download.data.grandlyon.com/files/grandlyon/imagerie/ortho2018/infrarouge/tif/1km_8cm_CC46/1839_5180_08_IR_CC46.tif;444
1839_5181_08_IR_CC46.tif;1839000;5181000;1840000;5182000;https://download.data.grandlyon.com/files/grandlyon/imagerie/ortho2018/infrarouge/GeoTiff_YcBcR/1km_8cm_CC46/1839_5181_08_IR_CC46.tif;https://download.data.grandlyon.com/files/grandlyon/imagerie/ortho2018/infrarouge/tif/1km_8cm_CC46/1839_5181_08_IR_CC46.tif;445
1839_5182_08_IR_CC46.tif;1839000;5182000;1840000;5183000;https://download.data.grandlyon.com/files/grandlyon/imagerie/ortho2018/infrarouge/GeoTiff_YcBcR/1km_8cm_CC46/1839_5182_08_IR_CC46.tif;https://download.data.grandlyon.com/files/grandlyon/imagerie/ortho2018/infrarouge/tif/1km_8cm_CC46/1839_5182_08_IR_CC46.tif;446
1839_5183_08_IR_CC46.tif;1839000;5183000;1840000;5184000;https://download.data.grandlyon.com/files/grandlyon/imagerie/ortho2018/infrarouge/GeoTiff_YcBcR/1km_8cm_CC46/1839_5183_08_IR_CC46.tif;https://download.data.grandlyon.com/files/grandlyon/imagerie/ortho2018/infrarouge/tif/1km_8cm_CC46/1839_5183_08_IR_CC46.tif;447
1839_5184_08_IR_CC46.tif;1839000;5184000;1840000;5185000;https://download.data.grandlyon.com/files/grandlyon/imagerie/ortho2018/infrarouge/GeoTiff_YcBcR/1km_8cm_CC46/1839_5184_08_IR_CC46.tif;https://download.data.grandlyon.com/files/grandlyon/imagerie/ortho2018/infrarouge/tif/1km_8cm_CC46/1839_5184_08_IR_CC46.tif;448
1839_5185_08_IR_CC46.tif;1839000;5185000;1840000;5186000;https://download.data.grandlyon.com/files/grandlyon/imagerie/ortho2018/infrarouge/GeoTiff_YcBcR/1km_8cm_CC46/1839_5185_08_IR_CC46.tif;https://download.data.grandlyon.com/files/grandlyon/imagerie/ortho2018/infrarouge/tif/1km_8cm_CC46/1839_5185_08_IR_CC46.tif;449
1839_5186_08_IR_CC46.tif;1839000;5186000;1840000;5187000;https://download.data.grandlyon.com/files/grandlyon/imagerie/ortho2018/infrarouge/GeoTiff_YcBcR/1km_8cm_CC46/1839_5186_08_IR_CC46.tif;https://download.data.grandlyon.com/files/grandlyon/imagerie/ortho2018/infrarouge/tif/1km_8cm_CC46/1839_5186_08_IR_CC46.tif;450
1839_5187_08_IR_CC46.tif;1839000;5187000;1840000;5188000;https://download.data.grandlyon.com/files/grandlyon/imagerie/ortho2018/infrarouge/GeoTiff_YcBcR/1km_8cm_CC46/1839_5187_08_IR_CC46.tif;https://download.data.grandlyon.com/files/grandlyon/imagerie/ortho2018/infrarouge/tif/1km_8cm_CC46/1839_5187_08_IR_CC46.tif;451
1839_5188_08_IR_CC46.tif;1839000;5188000;1840000;5189000;https://download.data.grandlyon.com/files/grandlyon/imagerie/ortho2018/infrarouge/GeoTiff_YcBcR/1km_8cm_CC46/1839_5188_08_IR_CC46.tif;https://download.data.grandlyon.com/files/grandlyon/imagerie/ortho2018/infrarouge/tif/1km_8cm_CC46/1839_5188_08_IR_CC46.tif;452
1839_5189_08_IR_CC46.tif;1839000;5189000;1840000;5190000;https://download.data.grandlyon.com/files/grandlyon/imagerie/ortho2018/infrarouge/GeoTiff_YcBcR/1km_8cm_CC46/1839_5189_08_IR_CC46.tif;https://download.data.grandlyon.com/files/grandlyon/imagerie/ortho2018/infrarouge/tif/1km_8cm_CC46/1839_5189_08_IR_CC46.tif;453
1839_5190_08_IR_CC46.tif;1839000;5190000;1840000;5191000;https://download.data.grandlyon.com/files/grandlyon/imagerie/ortho2018/infrarouge/GeoTiff_YcBcR/1km_8cm_CC46/1839_5190_08_IR_CC46.tif;https://download.data.grandlyon.com/files/grandlyon/imagerie/ortho2018/infrarouge/tif/1km_8cm_CC46/1839_5190_08_IR_CC46.tif;454
1839_5191_08_IR_CC46.tif;1839000;5191000;1840000;5192000;https://download.data.grandlyon.com/files/grandlyon/imagerie/ortho2018/infrarouge/GeoTiff_YcBcR/1km_8cm_CC46/1839_5191_08_IR_CC46.tif;https://download.data.grandlyon.com/files/grandlyon/imagerie/ortho2018/infrarouge/tif/1km_8cm_CC46/1839_5191_08_IR_CC46.tif;455
1839_5192_08_IR_CC46.tif;1839000;5192000;1840000;5193000;https://download.data.grandlyon.com/files/grandlyon/imagerie/ortho2018/infrarouge/GeoTiff_YcBcR/1km_8cm_CC46/1839_5192_08_IR_CC46.tif;https://download.data.grandlyon.com/files/grandlyon/imagerie/ortho2018/infrarouge/tif/1km_8cm_CC46/1839_5192_08_IR_CC46.tif;456
1839_5193_08_IR_CC46.tif;1839000;5193000;1840000;5194000;https://download.data.grandlyon.com/files/grandlyon/imagerie/ortho2018/infrarouge/GeoTiff_YcBcR/1km_8cm_CC46/1839_5193_08_IR_CC46.tif;https://download.data.grandlyon.com/files/grandlyon/imagerie/ortho2018/infrarouge/tif/1km_8cm_CC46/1839_5193_08_IR_CC46.tif;457
1839_5194_08_IR_CC46.tif;1839000;5194000;1840000;5195000;https://download.data.grandlyon.com/files/grandlyon/imagerie/ortho2018/infrarouge/GeoTiff_YcBcR/1km_8cm_CC46/1839_5194_08_IR_CC46.tif;https://download.data.grandlyon.com/files/grandlyon/imagerie/ortho2018/infrarouge/tif/1km_8cm_CC46/1839_5194_08_IR_CC46.tif;458
1839_5195_08_IR_CC46.tif;1839000;5195000;1840000;5196000;https://download.data.grandlyon.com/files/grandlyon/imagerie/ortho2018/infrarouge/GeoTiff_YcBcR/1km_8cm_CC46/1839_5195_08_IR_CC46.tif;https://download.data.grandlyon.com/files/grandlyon/imagerie/ortho2018/infrarouge/tif/1km_8cm_CC46/1839_5195_08_IR_CC46.tif;459
1839_5196_08_IR_CC46.tif;1839000;5196000;1840000;5197000;https://download.data.grandlyon.com/files/grandlyon/imagerie/ortho2018/infrarouge/GeoTiff_YcBcR/1km_8cm_CC46/1839_5196_08_IR_CC46.tif;https://download.data.grandlyon.com/files/grandlyon/imagerie/ortho2018/infrarouge/tif/1km_8cm_CC46/1839_5196_08_IR_CC46.tif;460
1840_5151_08_IR_CC46.tif;1840000;5151000;1841000;5152000;https://download.data.grandlyon.com/files/grandlyon/imagerie/ortho2018/infrarouge/GeoTiff_YcBcR/1km_8cm_CC46/1840_5151_08_IR_CC46.tif;https://download.data.grandlyon.com/files/grandlyon/imagerie/ortho2018/infrarouge/tif/1km_8cm_CC46/1840_5151_08_IR_CC46.tif;461
1840_5152_08_IR_CC46.tif;1840000;5152000;1841000;5153000;https://download.data.grandlyon.com/files/grandlyon/imagerie/ortho2018/infrarouge/GeoTiff_YcBcR/1km_8cm_CC46/1840_5152_08_IR_CC46.tif;https://download.data.grandlyon.com/files/grandlyon/imagerie/ortho2018/infrarouge/tif/1km_8cm_CC46/1840_5152_08_IR_CC46.tif;462
1840_5153_08_IR_CC46.tif;1840000;5153000;1841000;5154000;https://download.data.grandlyon.com/files/grandlyon/imagerie/ortho2018/infrarouge/GeoTiff_YcBcR/1km_8cm_CC46/1840_5153_08_IR_CC46.tif;https://download.data.grandlyon.com/files/grandlyon/imagerie/ortho2018/infrarouge/tif/1km_8cm_CC46/1840_5153_08_IR_CC46.tif;463
1840_5154_08_IR_CC46.tif;1840000;5154000;1841000;5155000;https://download.data.grandlyon.com/files/grandlyon/imagerie/ortho2018/infrarouge/GeoTiff_YcBcR/1km_8cm_CC46/1840_5154_08_IR_CC46.tif;https://download.data.grandlyon.com/files/grandlyon/imagerie/ortho2018/infrarouge/tif/1km_8cm_CC46/1840_5154_08_IR_CC46.tif;464
1840_5155_08_IR_CC46.tif;1840000;5155000;1841000;5156000;https://download.data.grandlyon.com/files/grandlyon/imagerie/ortho2018/infrarouge/GeoTiff_YcBcR/1km_8cm_CC46/1840_5155_08_IR_CC46.tif;https://download.data.grandlyon.com/files/grandlyon/imagerie/ortho2018/infrarouge/tif/1km_8cm_CC46/1840_5155_08_IR_CC46.tif;465
1840_5156_08_IR_CC46.tif;1840000;5156000;1841000;5157000;https://download.data.grandlyon.com/files/grandlyon/imagerie/ortho2018/infrarouge/GeoTiff_YcBcR/1km_8cm_CC46/1840_5156_08_IR_CC46.tif;https://download.data.grandlyon.com/files/grandlyon/imagerie/ortho2018/infrarouge/tif/1km_8cm_CC46/1840_5156_08_IR_CC46.tif;466
1840_5157_08_IR_CC46.tif;1840000;5157000;1841000;5158000;https://download.data.grandlyon.com/files/grandlyon/imagerie/ortho2018/infrarouge/GeoTiff_YcBcR/1km_8cm_CC46/1840_5157_08_IR_CC46.tif;https://download.data.grandlyon.com/files/grandlyon/imagerie/ortho2018/infrarouge/tif/1km_8cm_CC46/1840_5157_08_IR_CC46.tif;467
1840_5158_08_IR_CC46.tif;1840000;5158000;1841000;5159000;https://download.data.grandlyon.com/files/grandlyon/imagerie/ortho2018/infrarouge/GeoTiff_YcBcR/1km_8cm_CC46/1840_5158_08_IR_CC46.tif;https://download.data.grandlyon.com/files/grandlyon/imagerie/ortho2018/infrarouge/tif/1km_8cm_CC46/1840_5158_08_IR_CC46.tif;468
1840_5159_08_IR_CC46.tif;1840000;5159000;1841000;5160000;https://download.data.grandlyon.com/files/grandlyon/imagerie/ortho2018/infrarouge/GeoTiff_YcBcR/1km_8cm_CC46/1840_5159_08_IR_CC46.tif;https://download.data.grandlyon.com/files/grandlyon/imagerie/ortho2018/infrarouge/tif/1km_8cm_CC46/1840_5159_08_IR_CC46.tif;469
1840_5160_08_IR_CC46.tif;1840000;5160000;1841000;5161000;https://download.data.grandlyon.com/files/grandlyon/imagerie/ortho2018/infrarouge/GeoTiff_YcBcR/1km_8cm_CC46/1840_5160_08_IR_CC46.tif;https://download.data.grandlyon.com/files/grandlyon/imagerie/ortho2018/infrarouge/tif/1km_8cm_CC46/1840_5160_08_IR_CC46.tif;470
1840_5161_08_IR_CC46.tif;1840000;5161000;1841000;5162000;https://download.data.grandlyon.com/files/grandlyon/imagerie/ortho2018/infrarouge/GeoTiff_YcBcR/1km_8cm_CC46/1840_5161_08_IR_CC46.tif;https://download.data.grandlyon.com/files/grandlyon/imagerie/ortho2018/infrarouge/tif/1km_8cm_CC46/1840_5161_08_IR_CC46.tif;471
1840_5162_08_IR_CC46.tif;1840000;5162000;1841000;5163000;https://download.data.grandlyon.com/files/grandlyon/imagerie/ortho2018/infrarouge/GeoTiff_YcBcR/1km_8cm_CC46/1840_5162_08_IR_CC46.tif;https://download.data.grandlyon.com/files/grandlyon/imagerie/ortho2018/infrarouge/tif/1km_8cm_CC46/1840_5162_08_IR_CC46.tif;472
1840_5163_08_IR_CC46.tif;1840000;5163000;1841000;5164000;https://download.data.grandlyon.com/files/grandlyon/imagerie/ortho2018/infrarouge/GeoTiff_YcBcR/1km_8cm_CC46/1840_5163_08_IR_CC46.tif;https://download.data.grandlyon.com/files/grandlyon/imagerie/ortho2018/infrarouge/tif/1km_8cm_CC46/1840_5163_08_IR_CC46.tif;473
1840_5164_08_IR_CC46.tif;1840000;5164000;1841000;5165000;https://download.data.grandlyon.com/files/grandlyon/imagerie/ortho2018/infrarouge/GeoTiff_YcBcR/1km_8cm_CC46/1840_5164_08_IR_CC46.tif;https://download.data.grandlyon.com/files/grandlyon/imagerie/ortho2018/infrarouge/tif/1km_8cm_CC46/1840_5164_08_IR_CC46.tif;474
1840_5165_08_IR_CC46.tif;1840000;5165000;1841000;5166000;https://download.data.grandlyon.com/files/grandlyon/imagerie/ortho2018/infrarouge/GeoTiff_YcBcR/1km_8cm_CC46/1840_5165_08_IR_CC46.tif;https://download.data.grandlyon.com/files/grandlyon/imagerie/ortho2018/infrarouge/tif/1km_8cm_CC46/1840_5165_08_IR_CC46.tif;475
1840_5166_08_IR_CC46.tif;1840000;5166000;1841000;5167000;https://download.data.grandlyon.com/files/grandlyon/imagerie/ortho2018/infrarouge/GeoTiff_YcBcR/1km_8cm_CC46/1840_5166_08_IR_CC46.tif;https://download.data.grandlyon.com/files/grandlyon/imagerie/ortho2018/infrarouge/tif/1km_8cm_CC46/1840_5166_08_IR_CC46.tif;476
1840_5167_08_IR_CC46.tif;1840000;5167000;1841000;5168000;https://download.data.grandlyon.com/files/grandlyon/imagerie/ortho2018/infrarouge/GeoTiff_YcBcR/1km_8cm_CC46/1840_5167_08_IR_CC46.tif;https://download.data.grandlyon.com/files/grandlyon/imagerie/ortho2018/infrarouge/tif/1km_8cm_CC46/1840_5167_08_IR_CC46.tif;477
1840_5168_08_IR_CC46.tif;1840000;5168000;1841000;5169000;https://download.data.grandlyon.com/files/grandlyon/imagerie/ortho2018/infrarouge/GeoTiff_YcBcR/1km_8cm_CC46/1840_5168_08_IR_CC46.tif;https://download.data.grandlyon.com/files/grandlyon/imagerie/ortho2018/infrarouge/tif/1km_8cm_CC46/1840_5168_08_IR_CC46.tif;478
1840_5169_08_IR_CC46.tif;1840000;5169000;1841000;5170000;https://download.data.grandlyon.com/files/grandlyon/imagerie/ortho2018/infrarouge/GeoTiff_YcBcR/1km_8cm_CC46/1840_5169_08_IR_CC46.tif;https://download.data.grandlyon.com/files/grandlyon/imagerie/ortho2018/infrarouge/tif/1km_8cm_CC46/1840_5169_08_IR_CC46.tif;479
1840_5170_08_IR_CC46.tif;1840000;5170000;1841000;5171000;https://download.data.grandlyon.com/files/grandlyon/imagerie/ortho2018/infrarouge/GeoTiff_YcBcR/1km_8cm_CC46/1840_5170_08_IR_CC46.tif;https://download.data.grandlyon.com/files/grandlyon/imagerie/ortho2018/infrarouge/tif/1km_8cm_CC46/1840_5170_08_IR_CC46.tif;480
1840_5171_08_IR_CC46.tif;1840000;5171000;1841000;5172000;https://download.data.grandlyon.com/files/grandlyon/imagerie/ortho2018/infrarouge/GeoTiff_YcBcR/1km_8cm_CC46/1840_5171_08_IR_CC46.tif;https://download.data.grandlyon.com/files/grandlyon/imagerie/ortho2018/infrarouge/tif/1km_8cm_CC46/1840_5171_08_IR_CC46.tif;481
1840_5172_08_IR_CC46.tif;1840000;5172000;1841000;5173000;https://download.data.grandlyon.com/files/grandlyon/imagerie/ortho2018/infrarouge/GeoTiff_YcBcR/1km_8cm_CC46/1840_5172_08_IR_CC46.tif;https://download.data.grandlyon.com/files/grandlyon/imagerie/ortho2018/infrarouge/tif/1km_8cm_CC46/1840_5172_08_IR_CC46.tif;482
1840_5173_08_IR_CC46.tif;1840000;5173000;1841000;5174000;https://download.data.grandlyon.com/files/grandlyon/imagerie/ortho2018/infrarouge/GeoTiff_YcBcR/1km_8cm_CC46/1840_5173_08_IR_CC46.tif;https://download.data.grandlyon.com/files/grandlyon/imagerie/ortho2018/infrarouge/tif/1km_8cm_CC46/1840_5173_08_IR_CC46.tif;483
1840_5174_08_IR_CC46.tif;1840000;5174000;1841000;5175000;https://download.data.grandlyon.com/files/grandlyon/imagerie/ortho2018/infrarouge/GeoTiff_YcBcR/1km_8cm_CC46/1840_5174_08_IR_CC46.tif;https://download.data.grandlyon.com/files/grandlyon/imagerie/ortho2018/infrarouge/tif/1km_8cm_CC46/1840_5174_08_IR_CC46.tif;484
1840_5175_08_IR_CC46.tif;1840000;5175000;1841000;5176000;https://download.data.grandlyon.com/files/grandlyon/imagerie/ortho2018/infrarouge/GeoTiff_YcBcR/1km_8cm_CC46/1840_5175_08_IR_CC46.tif;https://download.data.grandlyon.com/files/grandlyon/imagerie/ortho2018/infrarouge/tif/1km_8cm_CC46/1840_5175_08_IR_CC46.tif;485
1840_5176_08_IR_CC46.tif;1840000;5176000;1841000;5177000;https://download.data.grandlyon.com/files/grandlyon/imagerie/ortho2018/infrarouge/GeoTiff_YcBcR/1km_8cm_CC46/1840_5176_08_IR_CC46.tif;https://download.data.grandlyon.com/files/grandlyon/imagerie/ortho2018/infrarouge/tif/1km_8cm_CC46/1840_5176_08_IR_CC46.tif;486
1840_5177_08_IR_CC46.tif;1840000;5177000;1841000;5178000;https://download.data.grandlyon.com/files/grandlyon/imagerie/ortho2018/infrarouge/GeoTiff_YcBcR/1km_8cm_CC46/1840_5177_08_IR_CC46.tif;https://download.data.grandlyon.com/files/grandlyon/imagerie/ortho2018/infrarouge/tif/1km_8cm_CC46/1840_5177_08_IR_CC46.tif;487
1840_5178_08_IR_CC46.tif;1840000;5178000;1841000;5179000;https://download.data.grandlyon.com/files/grandlyon/imagerie/ortho2018/infrarouge/GeoTiff_YcBcR/1km_8cm_CC46/1840_5178_08_IR_CC46.tif;https://download.data.grandlyon.com/files/grandlyon/imagerie/ortho2018/infrarouge/tif/1km_8cm_CC46/1840_5178_08_IR_CC46.tif;488
1840_5179_08_IR_CC46.tif;1840000;5179000;1841000;5180000;https://download.data.grandlyon.com/files/grandlyon/imagerie/ortho2018/infrarouge/GeoTiff_YcBcR/1km_8cm_CC46/1840_5179_08_IR_CC46.tif;https://download.data.grandlyon.com/files/grandlyon/imagerie/ortho2018/infrarouge/tif/1km_8cm_CC46/1840_5179_08_IR_CC46.tif;489
1840_5180_08_IR_CC46.tif;1840000;5180000;1841000;5181000;https://download.data.grandlyon.com/files/grandlyon/imagerie/ortho2018/infrarouge/GeoTiff_YcBcR/1km_8cm_CC46/1840_5180_08_IR_CC46.tif;https://download.data.grandlyon.com/files/grandlyon/imagerie/ortho2018/infrarouge/tif/1km_8cm_CC46/1840_5180_08_IR_CC46.tif;490
1840_5181_08_IR_CC46.tif;1840000;5181000;1841000;5182000;https://download.data.grandlyon.com/files/grandlyon/imagerie/ortho2018/infrarouge/GeoTiff_YcBcR/1km_8cm_CC46/1840_5181_08_IR_CC46.tif;https://download.data.grandlyon.com/files/grandlyon/imagerie/ortho2018/infrarouge/tif/1km_8cm_CC46/1840_5181_08_IR_CC46.tif;491
1840_5182_08_IR_CC46.tif;1840000;5182000;1841000;5183000;https://download.data.grandlyon.com/files/grandlyon/imagerie/ortho2018/infrarouge/GeoTiff_YcBcR/1km_8cm_CC46/1840_5182_08_IR_CC46.tif;https://download.data.grandlyon.com/files/grandlyon/imagerie/ortho2018/infrarouge/tif/1km_8cm_CC46/1840_5182_08_IR_CC46.tif;492
1840_5183_08_IR_CC46.tif;1840000;5183000;1841000;5184000;https://download.data.grandlyon.com/files/grandlyon/imagerie/ortho2018/infrarouge/GeoTiff_YcBcR/1km_8cm_CC46/1840_5183_08_IR_CC46.tif;https://download.data.grandlyon.com/files/grandlyon/imagerie/ortho2018/infrarouge/tif/1km_8cm_CC46/1840_5183_08_IR_CC46.tif;493
1840_5184_08_IR_CC46.tif;1840000;5184000;1841000;5185000;https://download.data.grandlyon.com/files/grandlyon/imagerie/ortho2018/infrarouge/GeoTiff_YcBcR/1km_8cm_CC46/1840_5184_08_IR_CC46.tif;https://download.data.grandlyon.com/files/grandlyon/imagerie/ortho2018/infrarouge/tif/1km_8cm_CC46/1840_5184_08_IR_CC46.tif;494
1840_5185_08_IR_CC46.tif;1840000;5185000;1841000;5186000;https://download.data.grandlyon.com/files/grandlyon/imagerie/ortho2018/infrarouge/GeoTiff_YcBcR/1km_8cm_CC46/1840_5185_08_IR_CC46.tif;https://download.data.grandlyon.com/files/grandlyon/imagerie/ortho2018/infrarouge/tif/1km_8cm_CC46/1840_5185_08_IR_CC46.tif;495
1840_5186_08_IR_CC46.tif;1840000;5186000;1841000;5187000;https://download.data.grandlyon.com/files/grandlyon/imagerie/ortho2018/infrarouge/GeoTiff_YcBcR/1km_8cm_CC46/1840_5186_08_IR_CC46.tif;https://download.data.grandlyon.com/files/grandlyon/imagerie/ortho2018/infrarouge/tif/1km_8cm_CC46/1840_5186_08_IR_CC46.tif;496
1840_5187_08_IR_CC46.tif;1840000;5187000;1841000;5188000;https://download.data.grandlyon.com/files/grandlyon/imagerie/ortho2018/infrarouge/GeoTiff_YcBcR/1km_8cm_CC46/1840_5187_08_IR_CC46.tif;https://download.data.grandlyon.com/files/grandlyon/imagerie/ortho2018/infrarouge/tif/1km_8cm_CC46/1840_5187_08_IR_CC46.tif;497
1840_5188_08_IR_CC46.tif;1840000;5188000;1841000;5189000;https://download.data.grandlyon.com/files/grandlyon/imagerie/ortho2018/infrarouge/GeoTiff_YcBcR/1km_8cm_CC46/1840_5188_08_IR_CC46.tif;https://download.data.grandlyon.com/files/grandlyon/imagerie/ortho2018/infrarouge/tif/1km_8cm_CC46/1840_5188_08_IR_CC46.tif;498
1840_5189_08_IR_CC46.tif;1840000;5189000;1841000;5190000;https://download.data.grandlyon.com/files/grandlyon/imagerie/ortho2018/infrarouge/GeoTiff_YcBcR/1km_8cm_CC46/1840_5189_08_IR_CC46.tif;https://download.data.grandlyon.com/files/grandlyon/imagerie/ortho2018/infrarouge/tif/1km_8cm_CC46/1840_5189_08_IR_CC46.tif;499
1840_5190_08_IR_CC46.tif;1840000;5190000;1841000;5191000;https://download.data.grandlyon.com/files/grandlyon/imagerie/ortho2018/infrarouge/GeoTiff_YcBcR/1km_8cm_CC46/1840_5190_08_IR_CC46.tif;https://download.data.grandlyon.com/files/grandlyon/imagerie/ortho2018/infrarouge/tif/1km_8cm_CC46/1840_5190_08_IR_CC46.tif;500
1840_5191_08_IR_CC46.tif;1840000;5191000;1841000;5192000;https://download.data.grandlyon.com/files/grandlyon/imagerie/ortho2018/infrarouge/GeoTiff_YcBcR/1km_8cm_CC46/1840_5191_08_IR_CC46.tif;https://download.data.grandlyon.com/files/grandlyon/imagerie/ortho2018/infrarouge/tif/1km_8cm_CC46/1840_5191_08_IR_CC46.tif;501
1840_5192_08_IR_CC46.tif;1840000;5192000;1841000;5193000;https://download.data.grandlyon.com/files/grandlyon/imagerie/ortho2018/infrarouge/GeoTiff_YcBcR/1km_8cm_CC46/1840_5192_08_IR_CC46.tif;https://download.data.grandlyon.com/files/grandlyon/imagerie/ortho2018/infrarouge/tif/1km_8cm_CC46/1840_5192_08_IR_CC46.tif;502
1840_5193_08_IR_CC46.tif;1840000;5193000;1841000;5194000;https://download.data.grandlyon.com/files/grandlyon/imagerie/ortho2018/infrarouge/GeoTiff_YcBcR/1km_8cm_CC46/1840_5193_08_IR_CC46.tif;https://download.data.grandlyon.com/files/grandlyon/imagerie/ortho2018/infrarouge/tif/1km_8cm_CC46/1840_5193_08_IR_CC46.tif;503
1840_5194_08_IR_CC46.tif;1840000;5194000;1841000;5195000;https://download.data.grandlyon.com/files/grandlyon/imagerie/ortho2018/infrarouge/GeoTiff_YcBcR/1km_8cm_CC46/1840_5194_08_IR_CC46.tif;https://download.data.grandlyon.com/files/grandlyon/imagerie/ortho2018/infrarouge/tif/1km_8cm_CC46/1840_5194_08_IR_CC46.tif;504
1840_5195_08_IR_CC46.tif;1840000;5195000;1841000;5196000;https://download.data.grandlyon.com/files/grandlyon/imagerie/ortho2018/infrarouge/GeoTiff_YcBcR/1km_8cm_CC46/1840_5195_08_IR_CC46.tif;https://download.data.grandlyon.com/files/grandlyon/imagerie/ortho2018/infrarouge/tif/1km_8cm_CC46/1840_5195_08_IR_CC46.tif;505
1840_5196_08_IR_CC46.tif;1840000;5196000;1841000;5197000;https://download.data.grandlyon.com/files/grandlyon/imagerie/ortho2018/infrarouge/GeoTiff_YcBcR/1km_8cm_CC46/1840_5196_08_IR_CC46.tif;https://download.data.grandlyon.com/files/grandlyon/imagerie/ortho2018/infrarouge/tif/1km_8cm_CC46/1840_5196_08_IR_CC46.tif;506
1841_5151_08_IR_CC46.tif;1841000;5151000;1842000;5152000;https://download.data.grandlyon.com/files/grandlyon/imagerie/ortho2018/infrarouge/GeoTiff_YcBcR/1km_8cm_CC46/1841_5151_08_IR_CC46.tif;https://download.data.grandlyon.com/files/grandlyon/imagerie/ortho2018/infrarouge/tif/1km_8cm_CC46/1841_5151_08_IR_CC46.tif;507
1841_5152_08_IR_CC46.tif;1841000;5152000;1842000;5153000;https://download.data.grandlyon.com/files/grandlyon/imagerie/ortho2018/infrarouge/GeoTiff_YcBcR/1km_8cm_CC46/1841_5152_08_IR_CC46.tif;https://download.data.grandlyon.com/files/grandlyon/imagerie/ortho2018/infrarouge/tif/1km_8cm_CC46/1841_5152_08_IR_CC46.tif;508
1841_5153_08_IR_CC46.tif;1841000;5153000;1842000;5154000;https://download.data.grandlyon.com/files/grandlyon/imagerie/ortho2018/infrarouge/GeoTiff_YcBcR/1km_8cm_CC46/1841_5153_08_IR_CC46.tif;https://download.data.grandlyon.com/files/grandlyon/imagerie/ortho2018/infrarouge/tif/1km_8cm_CC46/1841_5153_08_IR_CC46.tif;509
1841_5154_08_IR_CC46.tif;1841000;5154000;1842000;5155000;https://download.data.grandlyon.com/files/grandlyon/imagerie/ortho2018/infrarouge/GeoTiff_YcBcR/1km_8cm_CC46/1841_5154_08_IR_CC46.tif;https://download.data.grandlyon.com/files/grandlyon/imagerie/ortho2018/infrarouge/tif/1km_8cm_CC46/1841_5154_08_IR_CC46.tif;510
1841_5155_08_IR_CC46.tif;1841000;5155000;1842000;5156000;https://download.data.grandlyon.com/files/grandlyon/imagerie/ortho2018/infrarouge/GeoTiff_YcBcR/1km_8cm_CC46/1841_5155_08_IR_CC46.tif;https://download.data.grandlyon.com/files/grandlyon/imagerie/ortho2018/infrarouge/tif/1km_8cm_CC46/1841_5155_08_IR_CC46.tif;511
1841_5156_08_IR_CC46.tif;1841000;5156000;1842000;5157000;https://download.data.grandlyon.com/files/grandlyon/imagerie/ortho2018/infrarouge/GeoTiff_YcBcR/1km_8cm_CC46/1841_5156_08_IR_CC46.tif;https://download.data.grandlyon.com/files/grandlyon/imagerie/ortho2018/infrarouge/tif/1km_8cm_CC46/1841_5156_08_IR_CC46.tif;512
1841_5157_08_IR_CC46.tif;1841000;5157000;1842000;5158000;https://download.data.grandlyon.com/files/grandlyon/imagerie/ortho2018/infrarouge/GeoTiff_YcBcR/1km_8cm_CC46/1841_5157_08_IR_CC46.tif;https://download.data.grandlyon.com/files/grandlyon/imagerie/ortho2018/infrarouge/tif/1km_8cm_CC46/1841_5157_08_IR_CC46.tif;513
1841_5158_08_IR_CC46.tif;1841000;5158000;1842000;5159000;https://download.data.grandlyon.com/files/grandlyon/imagerie/ortho2018/infrarouge/GeoTiff_YcBcR/1km_8cm_CC46/1841_5158_08_IR_CC46.tif;https://download.data.grandlyon.com/files/grandlyon/imagerie/ortho2018/infrarouge/tif/1km_8cm_CC46/1841_5158_08_IR_CC46.tif;514
1841_5159_08_IR_CC46.tif;1841000;5159000;1842000;5160000;https://download.data.grandlyon.com/files/grandlyon/imagerie/ortho2018/infrarouge/GeoTiff_YcBcR/1km_8cm_CC46/1841_5159_08_IR_CC46.tif;https://download.data.grandlyon.com/files/grandlyon/imagerie/ortho2018/infrarouge/tif/1km_8cm_CC46/1841_5159_08_IR_CC46.tif;515
1841_5160_08_IR_CC46.tif;1841000;5160000;1842000;5161000;https://download.data.grandlyon.com/files/grandlyon/imagerie/ortho2018/infrarouge/GeoTiff_YcBcR/1km_8cm_CC46/1841_5160_08_IR_CC46.tif;https://download.data.grandlyon.com/files/grandlyon/imagerie/ortho2018/infrarouge/tif/1km_8cm_CC46/1841_5160_08_IR_CC46.tif;516
1841_5161_08_IR_CC46.tif;1841000;5161000;1842000;5162000;https://download.data.grandlyon.com/files/grandlyon/imagerie/ortho2018/infrarouge/GeoTiff_YcBcR/1km_8cm_CC46/1841_5161_08_IR_CC46.tif;https://download.data.grandlyon.com/files/grandlyon/imagerie/ortho2018/infrarouge/tif/1km_8cm_CC46/1841_5161_08_IR_CC46.tif;517
1841_5162_08_IR_CC46.tif;1841000;5162000;1842000;5163000;https://download.data.grandlyon.com/files/grandlyon/imagerie/ortho2018/infrarouge/GeoTiff_YcBcR/1km_8cm_CC46/1841_5162_08_IR_CC46.tif;https://download.data.grandlyon.com/files/grandlyon/imagerie/ortho2018/infrarouge/tif/1km_8cm_CC46/1841_5162_08_IR_CC46.tif;518
1841_5163_08_IR_CC46.tif;1841000;5163000;1842000;5164000;https://download.data.grandlyon.com/files/grandlyon/imagerie/ortho2018/infrarouge/GeoTiff_YcBcR/1km_8cm_CC46/1841_5163_08_IR_CC46.tif;https://download.data.grandlyon.com/files/grandlyon/imagerie/ortho2018/infrarouge/tif/1km_8cm_CC46/1841_5163_08_IR_CC46.tif;519
1841_5164_08_IR_CC46.tif;1841000;5164000;1842000;5165000;https://download.data.grandlyon.com/files/grandlyon/imagerie/ortho2018/infrarouge/GeoTiff_YcBcR/1km_8cm_CC46/1841_5164_08_IR_CC46.tif;https://download.data.grandlyon.com/files/grandlyon/imagerie/ortho2018/infrarouge/tif/1km_8cm_CC46/1841_5164_08_IR_CC46.tif;520
1841_5165_08_IR_CC46.tif;1841000;5165000;1842000;5166000;https://download.data.grandlyon.com/files/grandlyon/imagerie/ortho2018/infrarouge/GeoTiff_YcBcR/1km_8cm_CC46/1841_5165_08_IR_CC46.tif;https://download.data.grandlyon.com/files/grandlyon/imagerie/ortho2018/infrarouge/tif/1km_8cm_CC46/1841_5165_08_IR_CC46.tif;521
1841_5166_08_IR_CC46.tif;1841000;5166000;1842000;5167000;https://download.data.grandlyon.com/files/grandlyon/imagerie/ortho2018/infrarouge/GeoTiff_YcBcR/1km_8cm_CC46/1841_5166_08_IR_CC46.tif;https://download.data.grandlyon.com/files/grandlyon/imagerie/ortho2018/infrarouge/tif/1km_8cm_CC46/1841_5166_08_IR_CC46.tif;522
1841_5167_08_IR_CC46.tif;1841000;5167000;1842000;5168000;https://download.data.grandlyon.com/files/grandlyon/imagerie/ortho2018/infrarouge/GeoTiff_YcBcR/1km_8cm_CC46/1841_5167_08_IR_CC46.tif;https://download.data.grandlyon.com/files/grandlyon/imagerie/ortho2018/infrarouge/tif/1km_8cm_CC46/1841_5167_08_IR_CC46.tif;523
1841_5168_08_IR_CC46.tif;1841000;5168000;1842000;5169000;https://download.data.grandlyon.com/files/grandlyon/imagerie/ortho2018/infrarouge/GeoTiff_YcBcR/1km_8cm_CC46/1841_5168_08_IR_CC46.tif;https://download.data.grandlyon.com/files/grandlyon/imagerie/ortho2018/infrarouge/tif/1km_8cm_CC46/1841_5168_08_IR_CC46.tif;524
1841_5169_08_IR_CC46.tif;1841000;5169000;1842000;5170000;https://download.data.grandlyon.com/files/grandlyon/imagerie/ortho2018/infrarouge/GeoTiff_YcBcR/1km_8cm_CC46/1841_5169_08_IR_CC46.tif;https://download.data.grandlyon.com/files/grandlyon/imagerie/ortho2018/infrarouge/tif/1km_8cm_CC46/1841_5169_08_IR_CC46.tif;525
1841_5170_08_IR_CC46.tif;1841000;5170000;1842000;5171000;https://download.data.grandlyon.com/files/grandlyon/imagerie/ortho2018/infrarouge/GeoTiff_YcBcR/1km_8cm_CC46/1841_5170_08_IR_CC46.tif;https://download.data.grandlyon.com/files/grandlyon/imagerie/ortho2018/infrarouge/tif/1km_8cm_CC46/1841_5170_08_IR_CC46.tif;526
1841_5171_08_IR_CC46.tif;1841000;5171000;1842000;5172000;https://download.data.grandlyon.com/files/grandlyon/imagerie/ortho2018/infrarouge/GeoTiff_YcBcR/1km_8cm_CC46/1841_5171_08_IR_CC46.tif;https://download.data.grandlyon.com/files/grandlyon/imagerie/ortho2018/infrarouge/tif/1km_8cm_CC46/1841_5171_08_IR_CC46.tif;527
1841_5172_08_IR_CC46.tif;1841000;5172000;1842000;5173000;https://download.data.grandlyon.com/files/grandlyon/imagerie/ortho2018/infrarouge/GeoTiff_YcBcR/1km_8cm_CC46/1841_5172_08_IR_CC46.tif;https://download.data.grandlyon.com/files/grandlyon/imagerie/ortho2018/infrarouge/tif/1km_8cm_CC46/1841_5172_08_IR_CC46.tif;528
1841_5173_08_IR_CC46.tif;1841000;5173000;1842000;5174000;https://download.data.grandlyon.com/files/grandlyon/imagerie/ortho2018/infrarouge/GeoTiff_YcBcR/1km_8cm_CC46/1841_5173_08_IR_CC46.tif;https://download.data.grandlyon.com/files/grandlyon/imagerie/ortho2018/infrarouge/tif/1km_8cm_CC46/1841_5173_08_IR_CC46.tif;529
1841_5174_08_IR_CC46.tif;1841000;5174000;1842000;5175000;https://download.data.grandlyon.com/files/grandlyon/imagerie/ortho2018/infrarouge/GeoTiff_YcBcR/1km_8cm_CC46/1841_5174_08_IR_CC46.tif;https://download.data.grandlyon.com/files/grandlyon/imagerie/ortho2018/infrarouge/tif/1km_8cm_CC46/1841_5174_08_IR_CC46.tif;530
1841_5175_08_IR_CC46.tif;1841000;5175000;1842000;5176000;https://download.data.grandlyon.com/files/grandlyon/imagerie/ortho2018/infrarouge/GeoTiff_YcBcR/1km_8cm_CC46/1841_5175_08_IR_CC46.tif;https://download.data.grandlyon.com/files/grandlyon/imagerie/ortho2018/infrarouge/tif/1km_8cm_CC46/1841_5175_08_IR_CC46.tif;531
1841_5176_08_IR_CC46.tif;1841000;5176000;1842000;5177000;https://download.data.grandlyon.com/files/grandlyon/imagerie/ortho2018/infrarouge/GeoTiff_YcBcR/1km_8cm_CC46/1841_5176_08_IR_CC46.tif;https://download.data.grandlyon.com/files/grandlyon/imagerie/ortho2018/infrarouge/tif/1km_8cm_CC46/1841_5176_08_IR_CC46.tif;532
1841_5177_08_IR_CC46.tif;1841000;5177000;1842000;5178000;https://download.data.grandlyon.com/files/grandlyon/imagerie/ortho2018/infrarouge/GeoTiff_YcBcR/1km_8cm_CC46/1841_5177_08_IR_CC46.tif;https://download.data.grandlyon.com/files/grandlyon/imagerie/ortho2018/infrarouge/tif/1km_8cm_CC46/1841_5177_08_IR_CC46.tif;533
1841_5178_08_IR_CC46.tif;1841000;5178000;1842000;5179000;https://download.data.grandlyon.com/files/grandlyon/imagerie/ortho2018/infrarouge/GeoTiff_YcBcR/1km_8cm_CC46/1841_5178_08_IR_CC46.tif;https://download.data.grandlyon.com/files/grandlyon/imagerie/ortho2018/infrarouge/tif/1km_8cm_CC46/1841_5178_08_IR_CC46.tif;534
1841_5179_08_IR_CC46.tif;1841000;5179000;1842000;5180000;https://download.data.grandlyon.com/files/grandlyon/imagerie/ortho2018/infrarouge/GeoTiff_YcBcR/1km_8cm_CC46/1841_5179_08_IR_CC46.tif;https://download.data.grandlyon.com/files/grandlyon/imagerie/ortho2018/infrarouge/tif/1km_8cm_CC46/1841_5179_08_IR_CC46.tif;535
1841_5180_08_IR_CC46.tif;1841000;5180000;1842000;5181000;https://download.data.grandlyon.com/files/grandlyon/imagerie/ortho2018/infrarouge/GeoTiff_YcBcR/1km_8cm_CC46/1841_5180_08_IR_CC46.tif;https://download.data.grandlyon.com/files/grandlyon/imagerie/ortho2018/infrarouge/tif/1km_8cm_CC46/1841_5180_08_IR_CC46.tif;536
1841_5181_08_IR_CC46.tif;1841000;5181000;1842000;5182000;https://download.data.grandlyon.com/files/grandlyon/imagerie/ortho2018/infrarouge/GeoTiff_YcBcR/1km_8cm_CC46/1841_5181_08_IR_CC46.tif;https://download.data.grandlyon.com/files/grandlyon/imagerie/ortho2018/infrarouge/tif/1km_8cm_CC46/1841_5181_08_IR_CC46.tif;537
1841_5182_08_IR_CC46.tif;1841000;5182000;1842000;5183000;https://download.data.grandlyon.com/files/grandlyon/imagerie/ortho2018/infrarouge/GeoTiff_YcBcR/1km_8cm_CC46/1841_5182_08_IR_CC46.tif;https://download.data.grandlyon.com/files/grandlyon/imagerie/ortho2018/infrarouge/tif/1km_8cm_CC46/1841_5182_08_IR_CC46.tif;538
1841_5183_08_IR_CC46.tif;1841000;5183000;1842000;5184000;https://download.data.grandlyon.com/files/grandlyon/imagerie/ortho2018/infrarouge/GeoTiff_YcBcR/1km_8cm_CC46/1841_5183_08_IR_CC46.tif;https://download.data.grandlyon.com/files/grandlyon/imagerie/ortho2018/infrarouge/tif/1km_8cm_CC46/1841_5183_08_IR_CC46.tif;539
1841_5184_08_IR_CC46.tif;1841000;5184000;1842000;5185000;https://download.data.grandlyon.com/files/grandlyon/imagerie/ortho2018/infrarouge/GeoTiff_YcBcR/1km_8cm_CC46/1841_5184_08_IR_CC46.tif;https://download.data.grandlyon.com/files/grandlyon/imagerie/ortho2018/infrarouge/tif/1km_8cm_CC46/1841_5184_08_IR_CC46.tif;540
1841_5185_08_IR_CC46.tif;1841000;5185000;1842000;5186000;https://download.data.grandlyon.com/files/grandlyon/imagerie/ortho2018/infrarouge/GeoTiff_YcBcR/1km_8cm_CC46/1841_5185_08_IR_CC46.tif;https://download.data.grandlyon.com/files/grandlyon/imagerie/ortho2018/infrarouge/tif/1km_8cm_CC46/1841_5185_08_IR_CC46.tif;541
1841_5186_08_IR_CC46.tif;1841000;5186000;1842000;5187000;https://download.data.grandlyon.com/files/grandlyon/imagerie/ortho2018/infrarouge/GeoTiff_YcBcR/1km_8cm_CC46/1841_5186_08_IR_CC46.tif;https://download.data.grandlyon.com/files/grandlyon/imagerie/ortho2018/infrarouge/tif/1km_8cm_CC46/1841_5186_08_IR_CC46.tif;542
1841_5187_08_IR_CC46.tif;1841000;5187000;1842000;5188000;https://download.data.grandlyon.com/files/grandlyon/imagerie/ortho2018/infrarouge/GeoTiff_YcBcR/1km_8cm_CC46/1841_5187_08_IR_CC46.tif;https://download.data.grandlyon.com/files/grandlyon/imagerie/ortho2018/infrarouge/tif/1km_8cm_CC46/1841_5187_08_IR_CC46.tif;543
1841_5188_08_IR_CC46.tif;1841000;5188000;1842000;5189000;https://download.data.grandlyon.com/files/grandlyon/imagerie/ortho2018/infrarouge/GeoTiff_YcBcR/1km_8cm_CC46/1841_5188_08_IR_CC46.tif;https://download.data.grandlyon.com/files/grandlyon/imagerie/ortho2018/infrarouge/tif/1km_8cm_CC46/1841_5188_08_IR_CC46.tif;544
1841_5189_08_IR_CC46.tif;1841000;5189000;1842000;5190000;https://download.data.grandlyon.com/files/grandlyon/imagerie/ortho2018/infrarouge/GeoTiff_YcBcR/1km_8cm_CC46/1841_5189_08_IR_CC46.tif;https://download.data.grandlyon.com/files/grandlyon/imagerie/ortho2018/infrarouge/tif/1km_8cm_CC46/1841_5189_08_IR_CC46.tif;545
1841_5190_08_IR_CC46.tif;1841000;5190000;1842000;5191000;https://download.data.grandlyon.com/files/grandlyon/imagerie/ortho2018/infrarouge/GeoTiff_YcBcR/1km_8cm_CC46/1841_5190_08_IR_CC46.tif;https://download.data.grandlyon.com/files/grandlyon/imagerie/ortho2018/infrarouge/tif/1km_8cm_CC46/1841_5190_08_IR_CC46.tif;546
1841_5191_08_IR_CC46.tif;1841000;5191000;1842000;5192000;https://download.data.grandlyon.com/files/grandlyon/imagerie/ortho2018/infrarouge/GeoTiff_YcBcR/1km_8cm_CC46/1841_5191_08_IR_CC46.tif;https://download.data.grandlyon.com/files/grandlyon/imagerie/ortho2018/infrarouge/tif/1km_8cm_CC46/1841_5191_08_IR_CC46.tif;547
1841_5192_08_IR_CC46.tif;1841000;5192000;1842000;5193000;https://download.data.grandlyon.com/files/grandlyon/imagerie/ortho2018/infrarouge/GeoTiff_YcBcR/1km_8cm_CC46/1841_5192_08_IR_CC46.tif;https://download.data.grandlyon.com/files/grandlyon/imagerie/ortho2018/infrarouge/tif/1km_8cm_CC46/1841_5192_08_IR_CC46.tif;548
1841_5193_08_IR_CC46.tif;1841000;5193000;1842000;5194000;https://download.data.grandlyon.com/files/grandlyon/imagerie/ortho2018/infrarouge/GeoTiff_YcBcR/1km_8cm_CC46/1841_5193_08_IR_CC46.tif;https://download.data.grandlyon.com/files/grandlyon/imagerie/ortho2018/infrarouge/tif/1km_8cm_CC46/1841_5193_08_IR_CC46.tif;549
1841_5194_08_IR_CC46.tif;1841000;5194000;1842000;5195000;https://download.data.grandlyon.com/files/grandlyon/imagerie/ortho2018/infrarouge/GeoTiff_YcBcR/1km_8cm_CC46/1841_5194_08_IR_CC46.tif;https://download.data.grandlyon.com/files/grandlyon/imagerie/ortho2018/infrarouge/tif/1km_8cm_CC46/1841_5194_08_IR_CC46.tif;550
1841_5195_08_IR_CC46.tif;1841000;5195000;1842000;5196000;https://download.data.grandlyon.com/files/grandlyon/imagerie/ortho2018/infrarouge/GeoTiff_YcBcR/1km_8cm_CC46/1841_5195_08_IR_CC46.tif;https://download.data.grandlyon.com/files/grandlyon/imagerie/ortho2018/infrarouge/tif/1km_8cm_CC46/1841_5195_08_IR_CC46.tif;551
1841_5196_08_IR_CC46.tif;1841000;5196000;1842000;5197000;https://download.data.grandlyon.com/files/grandlyon/imagerie/ortho2018/infrarouge/GeoTiff_YcBcR/1km_8cm_CC46/1841_5196_08_IR_CC46.tif;https://download.data.grandlyon.com/files/grandlyon/imagerie/ortho2018/infrarouge/tif/1km_8cm_CC46/1841_5196_08_IR_CC46.tif;552
1842_5151_08_IR_CC46.tif;1842000;5151000;1843000;5152000;https://download.data.grandlyon.com/files/grandlyon/imagerie/ortho2018/infrarouge/GeoTiff_YcBcR/1km_8cm_CC46/1842_5151_08_IR_CC46.tif;https://download.data.grandlyon.com/files/grandlyon/imagerie/ortho2018/infrarouge/tif/1km_8cm_CC46/1842_5151_08_IR_CC46.tif;553
1842_5152_08_IR_CC46.tif;1842000;5152000;1843000;5153000;https://download.data.grandlyon.com/files/grandlyon/imagerie/ortho2018/infrarouge/GeoTiff_YcBcR/1km_8cm_CC46/1842_5152_08_IR_CC46.tif;https://download.data.grandlyon.com/files/grandlyon/imagerie/ortho2018/infrarouge/tif/1km_8cm_CC46/1842_5152_08_IR_CC46.tif;554
1842_5153_08_IR_CC46.tif;1842000;5153000;1843000;5154000;https://download.data.grandlyon.com/files/grandlyon/imagerie/ortho2018/infrarouge/GeoTiff_YcBcR/1km_8cm_CC46/1842_5153_08_IR_CC46.tif;https://download.data.grandlyon.com/files/grandlyon/imagerie/ortho2018/infrarouge/tif/1km_8cm_CC46/1842_5153_08_IR_CC46.tif;555
1842_5154_08_IR_CC46.tif;1842000;5154000;1843000;5155000;https://download.data.grandlyon.com/files/grandlyon/imagerie/ortho2018/infrarouge/GeoTiff_YcBcR/1km_8cm_CC46/1842_5154_08_IR_CC46.tif;https://download.data.grandlyon.com/files/grandlyon/imagerie/ortho2018/infrarouge/tif/1km_8cm_CC46/1842_5154_08_IR_CC46.tif;556
1842_5155_08_IR_CC46.tif;1842000;5155000;1843000;5156000;https://download.data.grandlyon.com/files/grandlyon/imagerie/ortho2018/infrarouge/GeoTiff_YcBcR/1km_8cm_CC46/1842_5155_08_IR_CC46.tif;https://download.data.grandlyon.com/files/grandlyon/imagerie/ortho2018/infrarouge/tif/1km_8cm_CC46/1842_5155_08_IR_CC46.tif;557
1842_5156_08_IR_CC46.tif;1842000;5156000;1843000;5157000;https://download.data.grandlyon.com/files/grandlyon/imagerie/ortho2018/infrarouge/GeoTiff_YcBcR/1km_8cm_CC46/1842_5156_08_IR_CC46.tif;https://download.data.grandlyon.com/files/grandlyon/imagerie/ortho2018/infrarouge/tif/1km_8cm_CC46/1842_5156_08_IR_CC46.tif;558
1842_5157_08_IR_CC46.tif;1842000;5157000;1843000;5158000;https://download.data.grandlyon.com/files/grandlyon/imagerie/ortho2018/infrarouge/GeoTiff_YcBcR/1km_8cm_CC46/1842_5157_08_IR_CC46.tif;https://download.data.grandlyon.com/files/grandlyon/imagerie/ortho2018/infrarouge/tif/1km_8cm_CC46/1842_5157_08_IR_CC46.tif;559
1842_5158_08_IR_CC46.tif;1842000;5158000;1843000;5159000;https://download.data.grandlyon.com/files/grandlyon/imagerie/ortho2018/infrarouge/GeoTiff_YcBcR/1km_8cm_CC46/1842_5158_08_IR_CC46.tif;https://download.data.grandlyon.com/files/grandlyon/imagerie/ortho2018/infrarouge/tif/1km_8cm_CC46/1842_5158_08_IR_CC46.tif;560
1842_5159_08_IR_CC46.tif;1842000;5159000;1843000;5160000;https://download.data.grandlyon.com/files/grandlyon/imagerie/ortho2018/infrarouge/GeoTiff_YcBcR/1km_8cm_CC46/1842_5159_08_IR_CC46.tif;https://download.data.grandlyon.com/files/grandlyon/imagerie/ortho2018/infrarouge/tif/1km_8cm_CC46/1842_5159_08_IR_CC46.tif;561
1842_5160_08_IR_CC46.tif;1842000;5160000;1843000;5161000;https://download.data.grandlyon.com/files/grandlyon/imagerie/ortho2018/infrarouge/GeoTiff_YcBcR/1km_8cm_CC46/1842_5160_08_IR_CC46.tif;https://download.data.grandlyon.com/files/grandlyon/imagerie/ortho2018/infrarouge/tif/1km_8cm_CC46/1842_5160_08_IR_CC46.tif;562
1842_5161_08_IR_CC46.tif;1842000;5161000;1843000;5162000;https://download.data.grandlyon.com/files/grandlyon/imagerie/ortho2018/infrarouge/GeoTiff_YcBcR/1km_8cm_CC46/1842_5161_08_IR_CC46.tif;https://download.data.grandlyon.com/files/grandlyon/imagerie/ortho2018/infrarouge/tif/1km_8cm_CC46/1842_5161_08_IR_CC46.tif;563
1842_5162_08_IR_CC46.tif;1842000;5162000;1843000;5163000;https://download.data.grandlyon.com/files/grandlyon/imagerie/ortho2018/infrarouge/GeoTiff_YcBcR/1km_8cm_CC46/1842_5162_08_IR_CC46.tif;https://download.data.grandlyon.com/files/grandlyon/imagerie/ortho2018/infrarouge/tif/1km_8cm_CC46/1842_5162_08_IR_CC46.tif;564
1842_5163_08_IR_CC46.tif;1842000;5163000;1843000;5164000;https://download.data.grandlyon.com/files/grandlyon/imagerie/ortho2018/infrarouge/GeoTiff_YcBcR/1km_8cm_CC46/1842_5163_08_IR_CC46.tif;https://download.data.grandlyon.com/files/grandlyon/imagerie/ortho2018/infrarouge/tif/1km_8cm_CC46/1842_5163_08_IR_CC46.tif;565
1842_5164_08_IR_CC46.tif;1842000;5164000;1843000;5165000;https://download.data.grandlyon.com/files/grandlyon/imagerie/ortho2018/infrarouge/GeoTiff_YcBcR/1km_8cm_CC46/1842_5164_08_IR_CC46.tif;https://download.data.grandlyon.com/files/grandlyon/imagerie/ortho2018/infrarouge/tif/1km_8cm_CC46/1842_5164_08_IR_CC46.tif;566
1842_5165_08_IR_CC46.tif;1842000;5165000;1843000;5166000;https://download.data.grandlyon.com/files/grandlyon/imagerie/ortho2018/infrarouge/GeoTiff_YcBcR/1km_8cm_CC46/1842_5165_08_IR_CC46.tif;https://download.data.grandlyon.com/files/grandlyon/imagerie/ortho2018/infrarouge/tif/1km_8cm_CC46/1842_5165_08_IR_CC46.tif;567
1842_5166_08_IR_CC46.tif;1842000;5166000;1843000;5167000;https://download.data.grandlyon.com/files/grandlyon/imagerie/ortho2018/infrarouge/GeoTiff_YcBcR/1km_8cm_CC46/1842_5166_08_IR_CC46.tif;https://download.data.grandlyon.com/files/grandlyon/imagerie/ortho2018/infrarouge/tif/1km_8cm_CC46/1842_5166_08_IR_CC46.tif;568
1842_5167_08_IR_CC46.tif;1842000;5167000;1843000;5168000;https://download.data.grandlyon.com/files/grandlyon/imagerie/ortho2018/infrarouge/GeoTiff_YcBcR/1km_8cm_CC46/1842_5167_08_IR_CC46.tif;https://download.data.grandlyon.com/files/grandlyon/imagerie/ortho2018/infrarouge/tif/1km_8cm_CC46/1842_5167_08_IR_CC46.tif;569
1842_5168_08_IR_CC46.tif;1842000;5168000;1843000;5169000;https://download.data.grandlyon.com/files/grandlyon/imagerie/ortho2018/infrarouge/GeoTiff_YcBcR/1km_8cm_CC46/1842_5168_08_IR_CC46.tif;https://download.data.grandlyon.com/files/grandlyon/imagerie/ortho2018/infrarouge/tif/1km_8cm_CC46/1842_5168_08_IR_CC46.tif;570
1842_5169_08_IR_CC46.tif;1842000;5169000;1843000;5170000;https://download.data.grandlyon.com/files/grandlyon/imagerie/ortho2018/infrarouge/GeoTiff_YcBcR/1km_8cm_CC46/1842_5169_08_IR_CC46.tif;https://download.data.grandlyon.com/files/grandlyon/imagerie/ortho2018/infrarouge/tif/1km_8cm_CC46/1842_5169_08_IR_CC46.tif;571
1842_5170_08_IR_CC46.tif;1842000;5170000;1843000;5171000;https://download.data.grandlyon.com/files/grandlyon/imagerie/ortho2018/infrarouge/GeoTiff_YcBcR/1km_8cm_CC46/1842_5170_08_IR_CC46.tif;https://download.data.grandlyon.com/files/grandlyon/imagerie/ortho2018/infrarouge/tif/1km_8cm_CC46/1842_5170_08_IR_CC46.tif;572
1842_5171_08_IR_CC46.tif;1842000;5171000;1843000;5172000;https://download.data.grandlyon.com/files/grandlyon/imagerie/ortho2018/infrarouge/GeoTiff_YcBcR/1km_8cm_CC46/1842_5171_08_IR_CC46.tif;https://download.data.grandlyon.com/files/grandlyon/imagerie/ortho2018/infrarouge/tif/1km_8cm_CC46/1842_5171_08_IR_CC46.tif;573
1842_5172_08_IR_CC46.tif;1842000;5172000;1843000;5173000;https://download.data.grandlyon.com/files/grandlyon/imagerie/ortho2018/infrarouge/GeoTiff_YcBcR/1km_8cm_CC46/1842_5172_08_IR_CC46.tif;https://download.data.grandlyon.com/files/grandlyon/imagerie/ortho2018/infrarouge/tif/1km_8cm_CC46/1842_5172_08_IR_CC46.tif;574
1842_5173_08_IR_CC46.tif;1842000;5173000;1843000;5174000;https://download.data.grandlyon.com/files/grandlyon/imagerie/ortho2018/infrarouge/GeoTiff_YcBcR/1km_8cm_CC46/1842_5173_08_IR_CC46.tif;https://download.data.grandlyon.com/files/grandlyon/imagerie/ortho2018/infrarouge/tif/1km_8cm_CC46/1842_5173_08_IR_CC46.tif;575
1842_5174_08_IR_CC46.tif;1842000;5174000;1843000;5175000;https://download.data.grandlyon.com/files/grandlyon/imagerie/ortho2018/infrarouge/GeoTiff_YcBcR/1km_8cm_CC46/1842_5174_08_IR_CC46.tif;https://download.data.grandlyon.com/files/grandlyon/imagerie/ortho2018/infrarouge/tif/1km_8cm_CC46/1842_5174_08_IR_CC46.tif;576
1842_5175_08_IR_CC46.tif;1842000;5175000;1843000;5176000;https://download.data.grandlyon.com/files/grandlyon/imagerie/ortho2018/infrarouge/GeoTiff_YcBcR/1km_8cm_CC46/1842_5175_08_IR_CC46.tif;https://download.data.grandlyon.com/files/grandlyon/imagerie/ortho2018/infrarouge/tif/1km_8cm_CC46/1842_5175_08_IR_CC46.tif;577
1842_5176_08_IR_CC46.tif;1842000;5176000;1843000;5177000;https://download.data.grandlyon.com/files/grandlyon/imagerie/ortho2018/infrarouge/GeoTiff_YcBcR/1km_8cm_CC46/1842_5176_08_IR_CC46.tif;https://download.data.grandlyon.com/files/grandlyon/imagerie/ortho2018/infrarouge/tif/1km_8cm_CC46/1842_5176_08_IR_CC46.tif;578
1842_5177_08_IR_CC46.tif;1842000;5177000;1843000;5178000;https://download.data.grandlyon.com/files/grandlyon/imagerie/ortho2018/infrarouge/GeoTiff_YcBcR/1km_8cm_CC46/1842_5177_08_IR_CC46.tif;https://download.data.grandlyon.com/files/grandlyon/imagerie/ortho2018/infrarouge/tif/1km_8cm_CC46/1842_5177_08_IR_CC46.tif;579
1842_5178_08_IR_CC46.tif;1842000;5178000;1843000;5179000;https://download.data.grandlyon.com/files/grandlyon/imagerie/ortho2018/infrarouge/GeoTiff_YcBcR/1km_8cm_CC46/1842_5178_08_IR_CC46.tif;https://download.data.grandlyon.com/files/grandlyon/imagerie/ortho2018/infrarouge/tif/1km_8cm_CC46/1842_5178_08_IR_CC46.tif;580
1842_5179_08_IR_CC46.tif;1842000;5179000;1843000;5180000;https://download.data.grandlyon.com/files/grandlyon/imagerie/ortho2018/infrarouge/GeoTiff_YcBcR/1km_8cm_CC46/1842_5179_08_IR_CC46.tif;https://download.data.grandlyon.com/files/grandlyon/imagerie/ortho2018/infrarouge/tif/1km_8cm_CC46/1842_5179_08_IR_CC46.tif;581
1842_5180_08_IR_CC46.tif;1842000;5180000;1843000;5181000;https://download.data.grandlyon.com/files/grandlyon/imagerie/ortho2018/infrarouge/GeoTiff_YcBcR/1km_8cm_CC46/1842_5180_08_IR_CC46.tif;https://download.data.grandlyon.com/files/grandlyon/imagerie/ortho2018/infrarouge/tif/1km_8cm_CC46/1842_5180_08_IR_CC46.tif;582
1842_5181_08_IR_CC46.tif;1842000;5181000;1843000;5182000;https://download.data.grandlyon.com/files/grandlyon/imagerie/ortho2018/infrarouge/GeoTiff_YcBcR/1km_8cm_CC46/1842_5181_08_IR_CC46.tif;https://download.data.grandlyon.com/files/grandlyon/imagerie/ortho2018/infrarouge/tif/1km_8cm_CC46/1842_5181_08_IR_CC46.tif;583
1842_5182_08_IR_CC46.tif;1842000;5182000;1843000;5183000;https://download.data.grandlyon.com/files/grandlyon/imagerie/ortho2018/infrarouge/GeoTiff_YcBcR/1km_8cm_CC46/1842_5182_08_IR_CC46.tif;https://download.data.grandlyon.com/files/grandlyon/imagerie/ortho2018/infrarouge/tif/1km_8cm_CC46/1842_5182_08_IR_CC46.tif;584
1842_5183_08_IR_CC46.tif;1842000;5183000;1843000;5184000;https://download.data.grandlyon.com/files/grandlyon/imagerie/ortho2018/infrarouge/GeoTiff_YcBcR/1km_8cm_CC46/1842_5183_08_IR_CC46.tif;https://download.data.grandlyon.com/files/grandlyon/imagerie/ortho2018/infrarouge/tif/1km_8cm_CC46/1842_5183_08_IR_CC46.tif;585
1842_5184_08_IR_CC46.tif;1842000;5184000;1843000;5185000;https://download.data.grandlyon.com/files/grandlyon/imagerie/ortho2018/infrarouge/GeoTiff_YcBcR/1km_8cm_CC46/1842_5184_08_IR_CC46.tif;https://download.data.grandlyon.com/files/grandlyon/imagerie/ortho2018/infrarouge/tif/1km_8cm_CC46/1842_5184_08_IR_CC46.tif;586
1842_5185_08_IR_CC46.tif;1842000;5185000;1843000;5186000;https://download.data.grandlyon.com/files/grandlyon/imagerie/ortho2018/infrarouge/GeoTiff_YcBcR/1km_8cm_CC46/1842_5185_08_IR_CC46.tif;https://download.data.grandlyon.com/files/grandlyon/imagerie/ortho2018/infrarouge/tif/1km_8cm_CC46/1842_5185_08_IR_CC46.tif;587
1842_5186_08_IR_CC46.tif;1842000;5186000;1843000;5187000;https://download.data.grandlyon.com/files/grandlyon/imagerie/ortho2018/infrarouge/GeoTiff_YcBcR/1km_8cm_CC46/1842_5186_08_IR_CC46.tif;https://download.data.grandlyon.com/files/grandlyon/imagerie/ortho2018/infrarouge/tif/1km_8cm_CC46/1842_5186_08_IR_CC46.tif;588
1842_5187_08_IR_CC46.tif;1842000;5187000;1843000;5188000;https://download.data.grandlyon.com/files/grandlyon/imagerie/ortho2018/infrarouge/GeoTiff_YcBcR/1km_8cm_CC46/1842_5187_08_IR_CC46.tif;https://download.data.grandlyon.com/files/grandlyon/imagerie/ortho2018/infrarouge/tif/1km_8cm_CC46/1842_5187_08_IR_CC46.tif;589
1842_5188_08_IR_CC46.tif;1842000;5188000;1843000;5189000;https://download.data.grandlyon.com/files/grandlyon/imagerie/ortho2018/infrarouge/GeoTiff_YcBcR/1km_8cm_CC46/1842_5188_08_IR_CC46.tif;https://download.data.grandlyon.com/files/grandlyon/imagerie/ortho2018/infrarouge/tif/1km_8cm_CC46/1842_5188_08_IR_CC46.tif;590
1842_5189_08_IR_CC46.tif;1842000;5189000;1843000;5190000;https://download.data.grandlyon.com/files/grandlyon/imagerie/ortho2018/infrarouge/GeoTiff_YcBcR/1km_8cm_CC46/1842_5189_08_IR_CC46.tif;https://download.data.grandlyon.com/files/grandlyon/imagerie/ortho2018/infrarouge/tif/1km_8cm_CC46/1842_5189_08_IR_CC46.tif;591
1842_5190_08_IR_CC46.tif;1842000;5190000;1843000;5191000;https://download.data.grandlyon.com/files/grandlyon/imagerie/ortho2018/infrarouge/GeoTiff_YcBcR/1km_8cm_CC46/1842_5190_08_IR_CC46.tif;https://download.data.grandlyon.com/files/grandlyon/imagerie/ortho2018/infrarouge/tif/1km_8cm_CC46/1842_5190_08_IR_CC46.tif;592
1842_5191_08_IR_CC46.tif;1842000;5191000;1843000;5192000;https://download.data.grandlyon.com/files/grandlyon/imagerie/ortho2018/infrarouge/GeoTiff_YcBcR/1km_8cm_CC46/1842_5191_08_IR_CC46.tif;https://download.data.grandlyon.com/files/grandlyon/imagerie/ortho2018/infrarouge/tif/1km_8cm_CC46/1842_5191_08_IR_CC46.tif;593
1842_5192_08_IR_CC46.tif;1842000;5192000;1843000;5193000;https://download.data.grandlyon.com/files/grandlyon/imagerie/ortho2018/infrarouge/GeoTiff_YcBcR/1km_8cm_CC46/1842_5192_08_IR_CC46.tif;https://download.data.grandlyon.com/files/grandlyon/imagerie/ortho2018/infrarouge/tif/1km_8cm_CC46/1842_5192_08_IR_CC46.tif;594
1842_5193_08_IR_CC46.tif;1842000;5193000;1843000;5194000;https://download.data.grandlyon.com/files/grandlyon/imagerie/ortho2018/infrarouge/GeoTiff_YcBcR/1km_8cm_CC46/1842_5193_08_IR_CC46.tif;https://download.data.grandlyon.com/files/grandlyon/imagerie/ortho2018/infrarouge/tif/1km_8cm_CC46/1842_5193_08_IR_CC46.tif;595
1842_5194_08_IR_CC46.tif;1842000;5194000;1843000;5195000;https://download.data.grandlyon.com/files/grandlyon/imagerie/ortho2018/infrarouge/GeoTiff_YcBcR/1km_8cm_CC46/1842_5194_08_IR_CC46.tif;https://download.data.grandlyon.com/files/grandlyon/imagerie/ortho2018/infrarouge/tif/1km_8cm_CC46/1842_5194_08_IR_CC46.tif;596
1842_5195_08_IR_CC46.tif;1842000;5195000;1843000;5196000;https://download.data.grandlyon.com/files/grandlyon/imagerie/ortho2018/infrarouge/GeoTiff_YcBcR/1km_8cm_CC46/1842_5195_08_IR_CC46.tif;https://download.data.grandlyon.com/files/grandlyon/imagerie/ortho2018/infrarouge/tif/1km_8cm_CC46/1842_5195_08_IR_CC46.tif;597
1842_5196_08_IR_CC46.tif;1842000;5196000;1843000;5197000;https://download.data.grandlyon.com/files/grandlyon/imagerie/ortho2018/infrarouge/GeoTiff_YcBcR/1km_8cm_CC46/1842_5196_08_IR_CC46.tif;https://download.data.grandlyon.com/files/grandlyon/imagerie/ortho2018/infrarouge/tif/1km_8cm_CC46/1842_5196_08_IR_CC46.tif;598
1843_5151_08_IR_CC46.tif;1843000;5151000;1844000;5152000;https://download.data.grandlyon.com/files/grandlyon/imagerie/ortho2018/infrarouge/GeoTiff_YcBcR/1km_8cm_CC46/1843_5151_08_IR_CC46.tif;https://download.data.grandlyon.com/files/grandlyon/imagerie/ortho2018/infrarouge/tif/1km_8cm_CC46/1843_5151_08_IR_CC46.tif;599
1843_5152_08_IR_CC46.tif;1843000;5152000;1844000;5153000;https://download.data.grandlyon.com/files/grandlyon/imagerie/ortho2018/infrarouge/GeoTiff_YcBcR/1km_8cm_CC46/1843_5152_08_IR_CC46.tif;https://download.data.grandlyon.com/files/grandlyon/imagerie/ortho2018/infrarouge/tif/1km_8cm_CC46/1843_5152_08_IR_CC46.tif;600
1843_5153_08_IR_CC46.tif;1843000;5153000;1844000;5154000;https://download.data.grandlyon.com/files/grandlyon/imagerie/ortho2018/infrarouge/GeoTiff_YcBcR/1km_8cm_CC46/1843_5153_08_IR_CC46.tif;https://download.data.grandlyon.com/files/grandlyon/imagerie/ortho2018/infrarouge/tif/1km_8cm_CC46/1843_5153_08_IR_CC46.tif;601
1843_5154_08_IR_CC46.tif;1843000;5154000;1844000;5155000;https://download.data.grandlyon.com/files/grandlyon/imagerie/ortho2018/infrarouge/GeoTiff_YcBcR/1km_8cm_CC46/1843_5154_08_IR_CC46.tif;https://download.data.grandlyon.com/files/grandlyon/imagerie/ortho2018/infrarouge/tif/1km_8cm_CC46/1843_5154_08_IR_CC46.tif;602
1843_5155_08_IR_CC46.tif;1843000;5155000;1844000;5156000;https://download.data.grandlyon.com/files/grandlyon/imagerie/ortho2018/infrarouge/GeoTiff_YcBcR/1km_8cm_CC46/1843_5155_08_IR_CC46.tif;https://download.data.grandlyon.com/files/grandlyon/imagerie/ortho2018/infrarouge/tif/1km_8cm_CC46/1843_5155_08_IR_CC46.tif;603
1843_5156_08_IR_CC46.tif;1843000;5156000;1844000;5157000;https://download.data.grandlyon.com/files/grandlyon/imagerie/ortho2018/infrarouge/GeoTiff_YcBcR/1km_8cm_CC46/1843_5156_08_IR_CC46.tif;https://download.data.grandlyon.com/files/grandlyon/imagerie/ortho2018/infrarouge/tif/1km_8cm_CC46/1843_5156_08_IR_CC46.tif;604
1843_5157_08_IR_CC46.tif;1843000;5157000;1844000;5158000;https://download.data.grandlyon.com/files/grandlyon/imagerie/ortho2018/infrarouge/GeoTiff_YcBcR/1km_8cm_CC46/1843_5157_08_IR_CC46.tif;https://download.data.grandlyon.com/files/grandlyon/imagerie/ortho2018/infrarouge/tif/1km_8cm_CC46/1843_5157_08_IR_CC46.tif;605
1843_5158_08_IR_CC46.tif;1843000;5158000;1844000;5159000;https://download.data.grandlyon.com/files/grandlyon/imagerie/ortho2018/infrarouge/GeoTiff_YcBcR/1km_8cm_CC46/1843_5158_08_IR_CC46.tif;https://download.data.grandlyon.com/files/grandlyon/imagerie/ortho2018/infrarouge/tif/1km_8cm_CC46/1843_5158_08_IR_CC46.tif;606
1843_5159_08_IR_CC46.tif;1843000;5159000;1844000;5160000;https://download.data.grandlyon.com/files/grandlyon/imagerie/ortho2018/infrarouge/GeoTiff_YcBcR/1km_8cm_CC46/1843_5159_08_IR_CC46.tif;https://download.data.grandlyon.com/files/grandlyon/imagerie/ortho2018/infrarouge/tif/1km_8cm_CC46/1843_5159_08_IR_CC46.tif;607
1843_5160_08_IR_CC46.tif;1843000;5160000;1844000;5161000;https://download.data.grandlyon.com/files/grandlyon/imagerie/ortho2018/infrarouge/GeoTiff_YcBcR/1km_8cm_CC46/1843_5160_08_IR_CC46.tif;https://download.data.grandlyon.com/files/grandlyon/imagerie/ortho2018/infrarouge/tif/1km_8cm_CC46/1843_5160_08_IR_CC46.tif;608
1843_5161_08_IR_CC46.tif;1843000;5161000;1844000;5162000;https://download.data.grandlyon.com/files/grandlyon/imagerie/ortho2018/infrarouge/GeoTiff_YcBcR/1km_8cm_CC46/1843_5161_08_IR_CC46.tif;https://download.data.grandlyon.com/files/grandlyon/imagerie/ortho2018/infrarouge/tif/1km_8cm_CC46/1843_5161_08_IR_CC46.tif;609
1843_5162_08_IR_CC46.tif;1843000;5162000;1844000;5163000;https://download.data.grandlyon.com/files/grandlyon/imagerie/ortho2018/infrarouge/GeoTiff_YcBcR/1km_8cm_CC46/1843_5162_08_IR_CC46.tif;https://download.data.grandlyon.com/files/grandlyon/imagerie/ortho2018/infrarouge/tif/1km_8cm_CC46/1843_5162_08_IR_CC46.tif;610
1843_5163_08_IR_CC46.tif;1843000;5163000;1844000;5164000;https://download.data.grandlyon.com/files/grandlyon/imagerie/ortho2018/infrarouge/GeoTiff_YcBcR/1km_8cm_CC46/1843_5163_08_IR_CC46.tif;https://download.data.grandlyon.com/files/grandlyon/imagerie/ortho2018/infrarouge/tif/1km_8cm_CC46/1843_5163_08_IR_CC46.tif;611
1843_5164_08_IR_CC46.tif;1843000;5164000;1844000;5165000;https://download.data.grandlyon.com/files/grandlyon/imagerie/ortho2018/infrarouge/GeoTiff_YcBcR/1km_8cm_CC46/1843_5164_08_IR_CC46.tif;https://download.data.grandlyon.com/files/grandlyon/imagerie/ortho2018/infrarouge/tif/1km_8cm_CC46/1843_5164_08_IR_CC46.tif;612
1843_5165_08_IR_CC46.tif;1843000;5165000;1844000;5166000;https://download.data.grandlyon.com/files/grandlyon/imagerie/ortho2018/infrarouge/GeoTiff_YcBcR/1km_8cm_CC46/1843_5165_08_IR_CC46.tif;https://download.data.grandlyon.com/files/grandlyon/imagerie/ortho2018/infrarouge/tif/1km_8cm_CC46/1843_5165_08_IR_CC46.tif;613
1843_5166_08_IR_CC46.tif;1843000;5166000;1844000;5167000;https://download.data.grandlyon.com/files/grandlyon/imagerie/ortho2018/infrarouge/GeoTiff_YcBcR/1km_8cm_CC46/1843_5166_08_IR_CC46.tif;https://download.data.grandlyon.com/files/grandlyon/imagerie/ortho2018/infrarouge/tif/1km_8cm_CC46/1843_5166_08_IR_CC46.tif;614
1843_5167_08_IR_CC46.tif;1843000;5167000;1844000;5168000;https://download.data.grandlyon.com/files/grandlyon/imagerie/ortho2018/infrarouge/GeoTiff_YcBcR/1km_8cm_CC46/1843_5167_08_IR_CC46.tif;https://download.data.grandlyon.com/files/grandlyon/imagerie/ortho2018/infrarouge/tif/1km_8cm_CC46/1843_5167_08_IR_CC46.tif;615
1843_5168_08_IR_CC46.tif;1843000;5168000;1844000;5169000;https://download.data.grandlyon.com/files/grandlyon/imagerie/ortho2018/infrarouge/GeoTiff_YcBcR/1km_8cm_CC46/1843_5168_08_IR_CC46.tif;https://download.data.grandlyon.com/files/grandlyon/imagerie/ortho2018/infrarouge/tif/1km_8cm_CC46/1843_5168_08_IR_CC46.tif;616
1843_5169_08_IR_CC46.tif;1843000;5169000;1844000;5170000;https://download.data.grandlyon.com/files/grandlyon/imagerie/ortho2018/infrarouge/GeoTiff_YcBcR/1km_8cm_CC46/1843_5169_08_IR_CC46.tif;https://download.data.grandlyon.com/files/grandlyon/imagerie/ortho2018/infrarouge/tif/1km_8cm_CC46/1843_5169_08_IR_CC46.tif;617
1843_5170_08_IR_CC46.tif;1843000;5170000;1844000;5171000;https://download.data.grandlyon.com/files/grandlyon/imagerie/ortho2018/infrarouge/GeoTiff_YcBcR/1km_8cm_CC46/1843_5170_08_IR_CC46.tif;https://download.data.grandlyon.com/files/grandlyon/imagerie/ortho2018/infrarouge/tif/1km_8cm_CC46/1843_5170_08_IR_CC46.tif;618
1843_5171_08_IR_CC46.tif;1843000;5171000;1844000;5172000;https://download.data.grandlyon.com/files/grandlyon/imagerie/ortho2018/infrarouge/GeoTiff_YcBcR/1km_8cm_CC46/1843_5171_08_IR_CC46.tif;https://download.data.grandlyon.com/files/grandlyon/imagerie/ortho2018/infrarouge/tif/1km_8cm_CC46/1843_5171_08_IR_CC46.tif;619
1843_5172_08_IR_CC46.tif;1843000;5172000;1844000;5173000;https://download.data.grandlyon.com/files/grandlyon/imagerie/ortho2018/infrarouge/GeoTiff_YcBcR/1km_8cm_CC46/1843_5172_08_IR_CC46.tif;https://download.data.grandlyon.com/files/grandlyon/imagerie/ortho2018/infrarouge/tif/1km_8cm_CC46/1843_5172_08_IR_CC46.tif;620
1843_5173_08_IR_CC46.tif;1843000;5173000;1844000;5174000;https://download.data.grandlyon.com/files/grandlyon/imagerie/ortho2018/infrarouge/GeoTiff_YcBcR/1km_8cm_CC46/1843_5173_08_IR_CC46.tif;https://download.data.grandlyon.com/files/grandlyon/imagerie/ortho2018/infrarouge/tif/1km_8cm_CC46/1843_5173_08_IR_CC46.tif;621
1843_5174_08_IR_CC46.tif;1843000;5174000;1844000;5175000;https://download.data.grandlyon.com/files/grandlyon/imagerie/ortho2018/infrarouge/GeoTiff_YcBcR/1km_8cm_CC46/1843_5174_08_IR_CC46.tif;https://download.data.grandlyon.com/files/grandlyon/imagerie/ortho2018/infrarouge/tif/1km_8cm_CC46/1843_5174_08_IR_CC46.tif;622
1843_5175_08_IR_CC46.tif;1843000;5175000;1844000;5176000;https://download.data.grandlyon.com/files/grandlyon/imagerie/ortho2018/infrarouge/GeoTiff_YcBcR/1km_8cm_CC46/1843_5175_08_IR_CC46.tif;https://download.data.grandlyon.com/files/grandlyon/imagerie/ortho2018/infrarouge/tif/1km_8cm_CC46/1843_5175_08_IR_CC46.tif;623
1843_5176_08_IR_CC46.tif;1843000;5176000;1844000;5177000;https://download.data.grandlyon.com/files/grandlyon/imagerie/ortho2018/infrarouge/GeoTiff_YcBcR/1km_8cm_CC46/1843_5176_08_IR_CC46.tif;https://download.data.grandlyon.com/files/grandlyon/imagerie/ortho2018/infrarouge/tif/1km_8cm_CC46/1843_5176_08_IR_CC46.tif;624
1843_5177_08_IR_CC46.tif;1843000;5177000;1844000;5178000;https://download.data.grandlyon.com/files/grandlyon/imagerie/ortho2018/infrarouge/GeoTiff_YcBcR/1km_8cm_CC46/1843_5177_08_IR_CC46.tif;https://download.data.grandlyon.com/files/grandlyon/imagerie/ortho2018/infrarouge/tif/1km_8cm_CC46/1843_5177_08_IR_CC46.tif;625
1843_5178_08_IR_CC46.tif;1843000;5178000;1844000;5179000;https://download.data.grandlyon.com/files/grandlyon/imagerie/ortho2018/infrarouge/GeoTiff_YcBcR/1km_8cm_CC46/1843_5178_08_IR_CC46.tif;https://download.data.grandlyon.com/files/grandlyon/imagerie/ortho2018/infrarouge/tif/1km_8cm_CC46/1843_5178_08_IR_CC46.tif;626
1843_5179_08_IR_CC46.tif;1843000;5179000;1844000;5180000;https://download.data.grandlyon.com/files/grandlyon/imagerie/ortho2018/infrarouge/GeoTiff_YcBcR/1km_8cm_CC46/1843_5179_08_IR_CC46.tif;https://download.data.grandlyon.com/files/grandlyon/imagerie/ortho2018/infrarouge/tif/1km_8cm_CC46/1843_5179_08_IR_CC46.tif;627
1843_5180_08_IR_CC46.tif;1843000;5180000;1844000;5181000;https://download.data.grandlyon.com/files/grandlyon/imagerie/ortho2018/infrarouge/GeoTiff_YcBcR/1km_8cm_CC46/1843_5180_08_IR_CC46.tif;https://download.data.grandlyon.com/files/grandlyon/imagerie/ortho2018/infrarouge/tif/1km_8cm_CC46/1843_5180_08_IR_CC46.tif;628
1843_5181_08_IR_CC46.tif;1843000;5181000;1844000;5182000;https://download.data.grandlyon.com/files/grandlyon/imagerie/ortho2018/infrarouge/GeoTiff_YcBcR/1km_8cm_CC46/1843_5181_08_IR_CC46.tif;https://download.data.grandlyon.com/files/grandlyon/imagerie/ortho2018/infrarouge/tif/1km_8cm_CC46/1843_5181_08_IR_CC46.tif;629
1843_5182_08_IR_CC46.tif;1843000;5182000;1844000;5183000;https://download.data.grandlyon.com/files/grandlyon/imagerie/ortho2018/infrarouge/GeoTiff_YcBcR/1km_8cm_CC46/1843_5182_08_IR_CC46.tif;https://download.data.grandlyon.com/files/grandlyon/imagerie/ortho2018/infrarouge/tif/1km_8cm_CC46/1843_5182_08_IR_CC46.tif;630
1843_5183_08_IR_CC46.tif;1843000;5183000;1844000;5184000;https://download.data.grandlyon.com/files/grandlyon/imagerie/ortho2018/infrarouge/GeoTiff_YcBcR/1km_8cm_CC46/1843_5183_08_IR_CC46.tif;https://download.data.grandlyon.com/files/grandlyon/imagerie/ortho2018/infrarouge/tif/1km_8cm_CC46/1843_5183_08_IR_CC46.tif;631
1843_5184_08_IR_CC46.tif;1843000;5184000;1844000;5185000;https://download.data.grandlyon.com/files/grandlyon/imagerie/ortho2018/infrarouge/GeoTiff_YcBcR/1km_8cm_CC46/1843_5184_08_IR_CC46.tif;https://download.data.grandlyon.com/files/grandlyon/imagerie/ortho2018/infrarouge/tif/1km_8cm_CC46/1843_5184_08_IR_CC46.tif;632
1843_5185_08_IR_CC46.tif;1843000;5185000;1844000;5186000;https://download.data.grandlyon.com/files/grandlyon/imagerie/ortho2018/infrarouge/GeoTiff_YcBcR/1km_8cm_CC46/1843_5185_08_IR_CC46.tif;https://download.data.grandlyon.com/files/grandlyon/imagerie/ortho2018/infrarouge/tif/1km_8cm_CC46/1843_5185_08_IR_CC46.tif;633
1843_5186_08_IR_CC46.tif;1843000;5186000;1844000;5187000;https://download.data.grandlyon.com/files/grandlyon/imagerie/ortho2018/infrarouge/GeoTiff_YcBcR/1km_8cm_CC46/1843_5186_08_IR_CC46.tif;https://download.data.grandlyon.com/files/grandlyon/imagerie/ortho2018/infrarouge/tif/1km_8cm_CC46/1843_5186_08_IR_CC46.tif;634
1843_5187_08_IR_CC46.tif;1843000;5187000;1844000;5188000;https://download.data.grandlyon.com/files/grandlyon/imagerie/ortho2018/infrarouge/GeoTiff_YcBcR/1km_8cm_CC46/1843_5187_08_IR_CC46.tif;https://download.data.grandlyon.com/files/grandlyon/imagerie/ortho2018/infrarouge/tif/1km_8cm_CC46/1843_5187_08_IR_CC46.tif;635
1843_5188_08_IR_CC46.tif;1843000;5188000;1844000;5189000;https://download.data.grandlyon.com/files/grandlyon/imagerie/ortho2018/infrarouge/GeoTiff_YcBcR/1km_8cm_CC46/1843_5188_08_IR_CC46.tif;https://download.data.grandlyon.com/files/grandlyon/imagerie/ortho2018/infrarouge/tif/1km_8cm_CC46/1843_5188_08_IR_CC46.tif;636
1843_5189_08_IR_CC46.tif;1843000;5189000;1844000;5190000;https://download.data.grandlyon.com/files/grandlyon/imagerie/ortho2018/infrarouge/GeoTiff_YcBcR/1km_8cm_CC46/1843_5189_08_IR_CC46.tif;https://download.data.grandlyon.com/files/grandlyon/imagerie/ortho2018/infrarouge/tif/1km_8cm_CC46/1843_5189_08_IR_CC46.tif;637
1843_5190_08_IR_CC46.tif;1843000;5190000;1844000;5191000;https://download.data.grandlyon.com/files/grandlyon/imagerie/ortho2018/infrarouge/GeoTiff_YcBcR/1km_8cm_CC46/1843_5190_08_IR_CC46.tif;https://download.data.grandlyon.com/files/grandlyon/imagerie/ortho2018/infrarouge/tif/1km_8cm_CC46/1843_5190_08_IR_CC46.tif;638
1843_5191_08_IR_CC46.tif;1843000;5191000;1844000;5192000;https://download.data.grandlyon.com/files/grandlyon/imagerie/ortho2018/infrarouge/GeoTiff_YcBcR/1km_8cm_CC46/1843_5191_08_IR_CC46.tif;https://download.data.grandlyon.com/files/grandlyon/imagerie/ortho2018/infrarouge/tif/1km_8cm_CC46/1843_5191_08_IR_CC46.tif;639
1843_5192_08_IR_CC46.tif;1843000;5192000;1844000;5193000;https://download.data.grandlyon.com/files/grandlyon/imagerie/ortho2018/infrarouge/GeoTiff_YcBcR/1km_8cm_CC46/1843_5192_08_IR_CC46.tif;https://download.data.grandlyon.com/files/grandlyon/imagerie/ortho2018/infrarouge/tif/1km_8cm_CC46/1843_5192_08_IR_CC46.tif;640
1844_5151_08_IR_CC46.tif;1844000;5151000;1845000;5152000;https://download.data.grandlyon.com/files/grandlyon/imagerie/ortho2018/infrarouge/GeoTiff_YcBcR/1km_8cm_CC46/1844_5151_08_IR_CC46.tif;https://download.data.grandlyon.com/files/grandlyon/imagerie/ortho2018/infrarouge/tif/1km_8cm_CC46/1844_5151_08_IR_CC46.tif;641
1844_5152_08_IR_CC46.tif;1844000;5152000;1845000;5153000;https://download.data.grandlyon.com/files/grandlyon/imagerie/ortho2018/infrarouge/GeoTiff_YcBcR/1km_8cm_CC46/1844_5152_08_IR_CC46.tif;https://download.data.grandlyon.com/files/grandlyon/imagerie/ortho2018/infrarouge/tif/1km_8cm_CC46/1844_5152_08_IR_CC46.tif;642
1844_5153_08_IR_CC46.tif;1844000;5153000;1845000;5154000;https://download.data.grandlyon.com/files/grandlyon/imagerie/ortho2018/infrarouge/GeoTiff_YcBcR/1km_8cm_CC46/1844_5153_08_IR_CC46.tif;https://download.data.grandlyon.com/files/grandlyon/imagerie/ortho2018/infrarouge/tif/1km_8cm_CC46/1844_5153_08_IR_CC46.tif;643
1844_5154_08_IR_CC46.tif;1844000;5154000;1845000;5155000;https://download.data.grandlyon.com/files/grandlyon/imagerie/ortho2018/infrarouge/GeoTiff_YcBcR/1km_8cm_CC46/1844_5154_08_IR_CC46.tif;https://download.data.grandlyon.com/files/grandlyon/imagerie/ortho2018/infrarouge/tif/1km_8cm_CC46/1844_5154_08_IR_CC46.tif;644
1844_5155_08_IR_CC46.tif;1844000;5155000;1845000;5156000;https://download.data.grandlyon.com/files/grandlyon/imagerie/ortho2018/infrarouge/GeoTiff_YcBcR/1km_8cm_CC46/1844_5155_08_IR_CC46.tif;https://download.data.grandlyon.com/files/grandlyon/imagerie/ortho2018/infrarouge/tif/1km_8cm_CC46/1844_5155_08_IR_CC46.tif;645
1844_5156_08_IR_CC46.tif;1844000;5156000;1845000;5157000;https://download.data.grandlyon.com/files/grandlyon/imagerie/ortho2018/infrarouge/GeoTiff_YcBcR/1km_8cm_CC46/1844_5156_08_IR_CC46.tif;https://download.data.grandlyon.com/files/grandlyon/imagerie/ortho2018/infrarouge/tif/1km_8cm_CC46/1844_5156_08_IR_CC46.tif;646
1844_5157_08_IR_CC46.tif;1844000;5157000;1845000;5158000;https://download.data.grandlyon.com/files/grandlyon/imagerie/ortho2018/infrarouge/GeoTiff_YcBcR/1km_8cm_CC46/1844_5157_08_IR_CC46.tif;https://download.data.grandlyon.com/files/grandlyon/imagerie/ortho2018/infrarouge/tif/1km_8cm_CC46/1844_5157_08_IR_CC46.tif;647
1844_5158_08_IR_CC46.tif;1844000;5158000;1845000;5159000;https://download.data.grandlyon.com/files/grandlyon/imagerie/ortho2018/infrarouge/GeoTiff_YcBcR/1km_8cm_CC46/1844_5158_08_IR_CC46.tif;https://download.data.grandlyon.com/files/grandlyon/imagerie/ortho2018/infrarouge/tif/1km_8cm_CC46/1844_5158_08_IR_CC46.tif;648
1844_5159_08_IR_CC46.tif;1844000;5159000;1845000;5160000;https://download.data.grandlyon.com/files/grandlyon/imagerie/ortho2018/infrarouge/GeoTiff_YcBcR/1km_8cm_CC46/1844_5159_08_IR_CC46.tif;https://download.data.grandlyon.com/files/grandlyon/imagerie/ortho2018/infrarouge/tif/1km_8cm_CC46/1844_5159_08_IR_CC46.tif;649
1844_5160_08_IR_CC46.tif;1844000;5160000;1845000;5161000;https://download.data.grandlyon.com/files/grandlyon/imagerie/ortho2018/infrarouge/GeoTiff_YcBcR/1km_8cm_CC46/1844_5160_08_IR_CC46.tif;https://download.data.grandlyon.com/files/grandlyon/imagerie/ortho2018/infrarouge/tif/1km_8cm_CC46/1844_5160_08_IR_CC46.tif;650
1844_5161_08_IR_CC46.tif;1844000;5161000;1845000;5162000;https://download.data.grandlyon.com/files/grandlyon/imagerie/ortho2018/infrarouge/GeoTiff_YcBcR/1km_8cm_CC46/1844_5161_08_IR_CC46.tif;https://download.data.grandlyon.com/files/grandlyon/imagerie/ortho2018/infrarouge/tif/1km_8cm_CC46/1844_5161_08_IR_CC46.tif;651
1844_5162_08_IR_CC46.tif;1844000;5162000;1845000;5163000;https://download.data.grandlyon.com/files/grandlyon/imagerie/ortho2018/infrarouge/GeoTiff_YcBcR/1km_8cm_CC46/1844_5162_08_IR_CC46.tif;https://download.data.grandlyon.com/files/grandlyon/imagerie/ortho2018/infrarouge/tif/1km_8cm_CC46/1844_5162_08_IR_CC46.tif;652
1844_5163_08_IR_CC46.tif;1844000;5163000;1845000;5164000;https://download.data.grandlyon.com/files/grandlyon/imagerie/ortho2018/infrarouge/GeoTiff_YcBcR/1km_8cm_CC46/1844_5163_08_IR_CC46.tif;https://download.data.grandlyon.com/files/grandlyon/imagerie/ortho2018/infrarouge/tif/1km_8cm_CC46/1844_5163_08_IR_CC46.tif;653
1844_5164_08_IR_CC46.tif;1844000;5164000;1845000;5165000;https://download.data.grandlyon.com/files/grandlyon/imagerie/ortho2018/infrarouge/GeoTiff_YcBcR/1km_8cm_CC46/1844_5164_08_IR_CC46.tif;https://download.data.grandlyon.com/files/grandlyon/imagerie/ortho2018/infrarouge/tif/1km_8cm_CC46/1844_5164_08_IR_CC46.tif;654
1844_5165_08_IR_CC46.tif;1844000;5165000;1845000;5166000;https://download.data.grandlyon.com/files/grandlyon/imagerie/ortho2018/infrarouge/GeoTiff_YcBcR/1km_8cm_CC46/1844_5165_08_IR_CC46.tif;https://download.data.grandlyon.com/files/grandlyon/imagerie/ortho2018/infrarouge/tif/1km_8cm_CC46/1844_5165_08_IR_CC46.tif;655
1844_5166_08_IR_CC46.tif;1844000;5166000;1845000;5167000;https://download.data.grandlyon.com/files/grandlyon/imagerie/ortho2018/infrarouge/GeoTiff_YcBcR/1km_8cm_CC46/1844_5166_08_IR_CC46.tif;https://download.data.grandlyon.com/files/grandlyon/imagerie/ortho2018/infrarouge/tif/1km_8cm_CC46/1844_5166_08_IR_CC46.tif;656
1844_5167_08_IR_CC46.tif;1844000;5167000;1845000;5168000;https://download.data.grandlyon.com/files/grandlyon/imagerie/ortho2018/infrarouge/GeoTiff_YcBcR/1km_8cm_CC46/1844_5167_08_IR_CC46.tif;https://download.data.grandlyon.com/files/grandlyon/imagerie/ortho2018/infrarouge/tif/1km_8cm_CC46/1844_5167_08_IR_CC46.tif;657
1844_5168_08_IR_CC46.tif;1844000;5168000;1845000;5169000;https://download.data.grandlyon.com/files/grandlyon/imagerie/ortho2018/infrarouge/GeoTiff_YcBcR/1km_8cm_CC46/1844_5168_08_IR_CC46.tif;https://download.data.grandlyon.com/files/grandlyon/imagerie/ortho2018/infrarouge/tif/1km_8cm_CC46/1844_5168_08_IR_CC46.tif;658
1844_5169_08_IR_CC46.tif;1844000;5169000;1845000;5170000;https://download.data.grandlyon.com/files/grandlyon/imagerie/ortho2018/infrarouge/GeoTiff_YcBcR/1km_8cm_CC46/1844_5169_08_IR_CC46.tif;https://download.data.grandlyon.com/files/grandlyon/imagerie/ortho2018/infrarouge/tif/1km_8cm_CC46/1844_5169_08_IR_CC46.tif;659
1844_5170_08_IR_CC46.tif;1844000;5170000;1845000;5171000;https://download.data.grandlyon.com/files/grandlyon/imagerie/ortho2018/infrarouge/GeoTiff_YcBcR/1km_8cm_CC46/1844_5170_08_IR_CC46.tif;https://download.data.grandlyon.com/files/grandlyon/imagerie/ortho2018/infrarouge/tif/1km_8cm_CC46/1844_5170_08_IR_CC46.tif;660
1844_5171_08_IR_CC46.tif;1844000;5171000;1845000;5172000;https://download.data.grandlyon.com/files/grandlyon/imagerie/ortho2018/infrarouge/GeoTiff_YcBcR/1km_8cm_CC46/1844_5171_08_IR_CC46.tif;https://download.data.grandlyon.com/files/grandlyon/imagerie/ortho2018/infrarouge/tif/1km_8cm_CC46/1844_5171_08_IR_CC46.tif;661
1844_5172_08_IR_CC46.tif;1844000;5172000;1845000;5173000;https://download.data.grandlyon.com/files/grandlyon/imagerie/ortho2018/infrarouge/GeoTiff_YcBcR/1km_8cm_CC46/1844_5172_08_IR_CC46.tif;https://download.data.grandlyon.com/files/grandlyon/imagerie/ortho2018/infrarouge/tif/1km_8cm_CC46/1844_5172_08_IR_CC46.tif;662
1844_5173_08_IR_CC46.tif;1844000;5173000;1845000;5174000;https://download.data.grandlyon.com/files/grandlyon/imagerie/ortho2018/infrarouge/GeoTiff_YcBcR/1km_8cm_CC46/1844_5173_08_IR_CC46.tif;https://download.data.grandlyon.com/files/grandlyon/imagerie/ortho2018/infrarouge/tif/1km_8cm_CC46/1844_5173_08_IR_CC46.tif;663
1844_5174_08_IR_CC46.tif;1844000;5174000;1845000;5175000;https://download.data.grandlyon.com/files/grandlyon/imagerie/ortho2018/infrarouge/GeoTiff_YcBcR/1km_8cm_CC46/1844_5174_08_IR_CC46.tif;https://download.data.grandlyon.com/files/grandlyon/imagerie/ortho2018/infrarouge/tif/1km_8cm_CC46/1844_5174_08_IR_CC46.tif;664
1844_5175_08_IR_CC46.tif;1844000;5175000;1845000;5176000;https://download.data.grandlyon.com/files/grandlyon/imagerie/ortho2018/infrarouge/GeoTiff_YcBcR/1km_8cm_CC46/1844_5175_08_IR_CC46.tif;https://download.data.grandlyon.com/files/grandlyon/imagerie/ortho2018/infrarouge/tif/1km_8cm_CC46/1844_5175_08_IR_CC46.tif;665
1844_5176_08_IR_CC46.tif;1844000;5176000;1845000;5177000;https://download.data.grandlyon.com/files/grandlyon/imagerie/ortho2018/infrarouge/GeoTiff_YcBcR/1km_8cm_CC46/1844_5176_08_IR_CC46.tif;https://download.data.grandlyon.com/files/grandlyon/imagerie/ortho2018/infrarouge/tif/1km_8cm_CC46/1844_5176_08_IR_CC46.tif;666
1844_5177_08_IR_CC46.tif;1844000;5177000;1845000;5178000;https://download.data.grandlyon.com/files/grandlyon/imagerie/ortho2018/infrarouge/GeoTiff_YcBcR/1km_8cm_CC46/1844_5177_08_IR_CC46.tif;https://download.data.grandlyon.com/files/grandlyon/imagerie/ortho2018/infrarouge/tif/1km_8cm_CC46/1844_5177_08_IR_CC46.tif;667
1844_5178_08_IR_CC46.tif;1844000;5178000;1845000;5179000;https://download.data.grandlyon.com/files/grandlyon/imagerie/ortho2018/infrarouge/GeoTiff_YcBcR/1km_8cm_CC46/1844_5178_08_IR_CC46.tif;https://download.data.grandlyon.com/files/grandlyon/imagerie/ortho2018/infrarouge/tif/1km_8cm_CC46/1844_5178_08_IR_CC46.tif;668
1844_5179_08_IR_CC46.tif;1844000;5179000;1845000;5180000;https://download.data.grandlyon.com/files/grandlyon/imagerie/ortho2018/infrarouge/GeoTiff_YcBcR/1km_8cm_CC46/1844_5179_08_IR_CC46.tif;https://download.data.grandlyon.com/files/grandlyon/imagerie/ortho2018/infrarouge/tif/1km_8cm_CC46/1844_5179_08_IR_CC46.tif;669
1844_5180_08_IR_CC46.tif;1844000;5180000;1845000;5181000;https://download.data.grandlyon.com/files/grandlyon/imagerie/ortho2018/infrarouge/GeoTiff_YcBcR/1km_8cm_CC46/1844_5180_08_IR_CC46.tif;https://download.data.grandlyon.com/files/grandlyon/imagerie/ortho2018/infrarouge/tif/1km_8cm_CC46/1844_5180_08_IR_CC46.tif;670
1844_5181_08_IR_CC46.tif;1844000;5181000;1845000;5182000;https://download.data.grandlyon.com/files/grandlyon/imagerie/ortho2018/infrarouge/GeoTiff_YcBcR/1km_8cm_CC46/1844_5181_08_IR_CC46.tif;https://download.data.grandlyon.com/files/grandlyon/imagerie/ortho2018/infrarouge/tif/1km_8cm_CC46/1844_5181_08_IR_CC46.tif;671
1844_5182_08_IR_CC46.tif;1844000;5182000;1845000;5183000;https://download.data.grandlyon.com/files/grandlyon/imagerie/ortho2018/infrarouge/GeoTiff_YcBcR/1km_8cm_CC46/1844_5182_08_IR_CC46.tif;https://download.data.grandlyon.com/files/grandlyon/imagerie/ortho2018/infrarouge/tif/1km_8cm_CC46/1844_5182_08_IR_CC46.tif;672
1844_5183_08_IR_CC46.tif;1844000;5183000;1845000;5184000;https://download.data.grandlyon.com/files/grandlyon/imagerie/ortho2018/infrarouge/GeoTiff_YcBcR/1km_8cm_CC46/1844_5183_08_IR_CC46.tif;https://download.data.grandlyon.com/files/grandlyon/imagerie/ortho2018/infrarouge/tif/1km_8cm_CC46/1844_5183_08_IR_CC46.tif;673
1844_5184_08_IR_CC46.tif;1844000;5184000;1845000;5185000;https://download.data.grandlyon.com/files/grandlyon/imagerie/ortho2018/infrarouge/GeoTiff_YcBcR/1km_8cm_CC46/1844_5184_08_IR_CC46.tif;https://download.data.grandlyon.com/files/grandlyon/imagerie/ortho2018/infrarouge/tif/1km_8cm_CC46/1844_5184_08_IR_CC46.tif;674
1844_5185_08_IR_CC46.tif;1844000;5185000;1845000;5186000;https://download.data.grandlyon.com/files/grandlyon/imagerie/ortho2018/infrarouge/GeoTiff_YcBcR/1km_8cm_CC46/1844_5185_08_IR_CC46.tif;https://download.data.grandlyon.com/files/grandlyon/imagerie/ortho2018/infrarouge/tif/1km_8cm_CC46/1844_5185_08_IR_CC46.tif;675
1844_5186_08_IR_CC46.tif;1844000;5186000;1845000;5187000;https://download.data.grandlyon.com/files/grandlyon/imagerie/ortho2018/infrarouge/GeoTiff_YcBcR/1km_8cm_CC46/1844_5186_08_IR_CC46.tif;https://download.data.grandlyon.com/files/grandlyon/imagerie/ortho2018/infrarouge/tif/1km_8cm_CC46/1844_5186_08_IR_CC46.tif;676
1844_5187_08_IR_CC46.tif;1844000;5187000;1845000;5188000;https://download.data.grandlyon.com/files/grandlyon/imagerie/ortho2018/infrarouge/GeoTiff_YcBcR/1km_8cm_CC46/1844_5187_08_IR_CC46.tif;https://download.data.grandlyon.com/files/grandlyon/imagerie/ortho2018/infrarouge/tif/1km_8cm_CC46/1844_5187_08_IR_CC46.tif;677
1844_5188_08_IR_CC46.tif;1844000;5188000;1845000;5189000;https://download.data.grandlyon.com/files/grandlyon/imagerie/ortho2018/infrarouge/GeoTiff_YcBcR/1km_8cm_CC46/1844_5188_08_IR_CC46.tif;https://download.data.grandlyon.com/files/grandlyon/imagerie/ortho2018/infrarouge/tif/1km_8cm_CC46/1844_5188_08_IR_CC46.tif;678
1844_5189_08_IR_CC46.tif;1844000;5189000;1845000;5190000;https://download.data.grandlyon.com/files/grandlyon/imagerie/ortho2018/infrarouge/GeoTiff_YcBcR/1km_8cm_CC46/1844_5189_08_IR_CC46.tif;https://download.data.grandlyon.com/files/grandlyon/imagerie/ortho2018/infrarouge/tif/1km_8cm_CC46/1844_5189_08_IR_CC46.tif;679
1844_5190_08_IR_CC46.tif;1844000;5190000;1845000;5191000;https://download.data.grandlyon.com/files/grandlyon/imagerie/ortho2018/infrarouge/GeoTiff_YcBcR/1km_8cm_CC46/1844_5190_08_IR_CC46.tif;https://download.data.grandlyon.com/files/grandlyon/imagerie/ortho2018/infrarouge/tif/1km_8cm_CC46/1844_5190_08_IR_CC46.tif;680
1844_5191_08_IR_CC46.tif;1844000;5191000;1845000;5192000;https://download.data.grandlyon.com/files/grandlyon/imagerie/ortho2018/infrarouge/GeoTiff_YcBcR/1km_8cm_CC46/1844_5191_08_IR_CC46.tif;https://download.data.grandlyon.com/files/grandlyon/imagerie/ortho2018/infrarouge/tif/1km_8cm_CC46/1844_5191_08_IR_CC46.tif;681
1844_5192_08_IR_CC46.tif;1844000;5192000;1845000;5193000;https://download.data.grandlyon.com/files/grandlyon/imagerie/ortho2018/infrarouge/GeoTiff_YcBcR/1km_8cm_CC46/1844_5192_08_IR_CC46.tif;https://download.data.grandlyon.com/files/grandlyon/imagerie/ortho2018/infrarouge/tif/1km_8cm_CC46/1844_5192_08_IR_CC46.tif;682
1845_5151_08_IR_CC46.tif;1845000;5151000;1846000;5152000;https://download.data.grandlyon.com/files/grandlyon/imagerie/ortho2018/infrarouge/GeoTiff_YcBcR/1km_8cm_CC46/1845_5151_08_IR_CC46.tif;https://download.data.grandlyon.com/files/grandlyon/imagerie/ortho2018/infrarouge/tif/1km_8cm_CC46/1845_5151_08_IR_CC46.tif;683
1845_5152_08_IR_CC46.tif;1845000;5152000;1846000;5153000;https://download.data.grandlyon.com/files/grandlyon/imagerie/ortho2018/infrarouge/GeoTiff_YcBcR/1km_8cm_CC46/1845_5152_08_IR_CC46.tif;https://download.data.grandlyon.com/files/grandlyon/imagerie/ortho2018/infrarouge/tif/1km_8cm_CC46/1845_5152_08_IR_CC46.tif;684
1845_5153_08_IR_CC46.tif;1845000;5153000;1846000;5154000;https://download.data.grandlyon.com/files/grandlyon/imagerie/ortho2018/infrarouge/GeoTiff_YcBcR/1km_8cm_CC46/1845_5153_08_IR_CC46.tif;https://download.data.grandlyon.com/files/grandlyon/imagerie/ortho2018/infrarouge/tif/1km_8cm_CC46/1845_5153_08_IR_CC46.tif;685
1845_5154_08_IR_CC46.tif;1845000;5154000;1846000;5155000;https://download.data.grandlyon.com/files/grandlyon/imagerie/ortho2018/infrarouge/GeoTiff_YcBcR/1km_8cm_CC46/1845_5154_08_IR_CC46.tif;https://download.data.grandlyon.com/files/grandlyon/imagerie/ortho2018/infrarouge/tif/1km_8cm_CC46/1845_5154_08_IR_CC46.tif;686
1845_5155_08_IR_CC46.tif;1845000;5155000;1846000;5156000;https://download.data.grandlyon.com/files/grandlyon/imagerie/ortho2018/infrarouge/GeoTiff_YcBcR/1km_8cm_CC46/1845_5155_08_IR_CC46.tif;https://download.data.grandlyon.com/files/grandlyon/imagerie/ortho2018/infrarouge/tif/1km_8cm_CC46/1845_5155_08_IR_CC46.tif;687
1845_5156_08_IR_CC46.tif;1845000;5156000;1846000;5157000;https://download.data.grandlyon.com/files/grandlyon/imagerie/ortho2018/infrarouge/GeoTiff_YcBcR/1km_8cm_CC46/1845_5156_08_IR_CC46.tif;https://download.data.grandlyon.com/files/grandlyon/imagerie/ortho2018/infrarouge/tif/1km_8cm_CC46/1845_5156_08_IR_CC46.tif;688
1845_5157_08_IR_CC46.tif;1845000;5157000;1846000;5158000;https://download.data.grandlyon.com/files/grandlyon/imagerie/ortho2018/infrarouge/GeoTiff_YcBcR/1km_8cm_CC46/1845_5157_08_IR_CC46.tif;https://download.data.grandlyon.com/files/grandlyon/imagerie/ortho2018/infrarouge/tif/1km_8cm_CC46/1845_5157_08_IR_CC46.tif;689
1845_5158_08_IR_CC46.tif;1845000;5158000;1846000;5159000;https://download.data.grandlyon.com/files/grandlyon/imagerie/ortho2018/infrarouge/GeoTiff_YcBcR/1km_8cm_CC46/1845_5158_08_IR_CC46.tif;https://download.data.grandlyon.com/files/grandlyon/imagerie/ortho2018/infrarouge/tif/1km_8cm_CC46/1845_5158_08_IR_CC46.tif;690
1845_5159_08_IR_CC46.tif;1845000;5159000;1846000;5160000;https://download.data.grandlyon.com/files/grandlyon/imagerie/ortho2018/infrarouge/GeoTiff_YcBcR/1km_8cm_CC46/1845_5159_08_IR_CC46.tif;https://download.data.grandlyon.com/files/grandlyon/imagerie/ortho2018/infrarouge/tif/1km_8cm_CC46/1845_5159_08_IR_CC46.tif;691
1845_5160_08_IR_CC46.tif;1845000;5160000;1846000;5161000;https://download.data.grandlyon.com/files/grandlyon/imagerie/ortho2018/infrarouge/GeoTiff_YcBcR/1km_8cm_CC46/1845_5160_08_IR_CC46.tif;https://download.data.grandlyon.com/files/grandlyon/imagerie/ortho2018/infrarouge/tif/1km_8cm_CC46/1845_5160_08_IR_CC46.tif;692
1845_5161_08_IR_CC46.tif;1845000;5161000;1846000;5162000;https://download.data.grandlyon.com/files/grandlyon/imagerie/ortho2018/infrarouge/GeoTiff_YcBcR/1km_8cm_CC46/1845_5161_08_IR_CC46.tif;https://download.data.grandlyon.com/files/grandlyon/imagerie/ortho2018/infrarouge/tif/1km_8cm_CC46/1845_5161_08_IR_CC46.tif;693
1845_5162_08_IR_CC46.tif;1845000;5162000;1846000;5163000;https://download.data.grandlyon.com/files/grandlyon/imagerie/ortho2018/infrarouge/GeoTiff_YcBcR/1km_8cm_CC46/1845_5162_08_IR_CC46.tif;https://download.data.grandlyon.com/files/grandlyon/imagerie/ortho2018/infrarouge/tif/1km_8cm_CC46/1845_5162_08_IR_CC46.tif;694
1845_5163_08_IR_CC46.tif;1845000;5163000;1846000;5164000;https://download.data.grandlyon.com/files/grandlyon/imagerie/ortho2018/infrarouge/GeoTiff_YcBcR/1km_8cm_CC46/1845_5163_08_IR_CC46.tif;https://download.data.grandlyon.com/files/grandlyon/imagerie/ortho2018/infrarouge/tif/1km_8cm_CC46/1845_5163_08_IR_CC46.tif;695
1845_5164_08_IR_CC46.tif;1845000;5164000;1846000;5165000;https://download.data.grandlyon.com/files/grandlyon/imagerie/ortho2018/infrarouge/GeoTiff_YcBcR/1km_8cm_CC46/1845_5164_08_IR_CC46.tif;https://download.data.grandlyon.com/files/grandlyon/imagerie/ortho2018/infrarouge/tif/1km_8cm_CC46/1845_5164_08_IR_CC46.tif;696
1845_5165_08_IR_CC46.tif;1845000;5165000;1846000;5166000;https://download.data.grandlyon.com/files/grandlyon/imagerie/ortho2018/infrarouge/GeoTiff_YcBcR/1km_8cm_CC46/1845_5165_08_IR_CC46.tif;https://download.data.grandlyon.com/files/grandlyon/imagerie/ortho2018/infrarouge/tif/1km_8cm_CC46/1845_5165_08_IR_CC46.tif;697
1845_5166_08_IR_CC46.tif;1845000;5166000;1846000;5167000;https://download.data.grandlyon.com/files/grandlyon/imagerie/ortho2018/infrarouge/GeoTiff_YcBcR/1km_8cm_CC46/1845_5166_08_IR_CC46.tif;https://download.data.grandlyon.com/files/grandlyon/imagerie/ortho2018/infrarouge/tif/1km_8cm_CC46/1845_5166_08_IR_CC46.tif;698
1845_5167_08_IR_CC46.tif;1845000;5167000;1846000;5168000;https://download.data.grandlyon.com/files/grandlyon/imagerie/ortho2018/infrarouge/GeoTiff_YcBcR/1km_8cm_CC46/1845_5167_08_IR_CC46.tif;https://download.data.grandlyon.com/files/grandlyon/imagerie/ortho2018/infrarouge/tif/1km_8cm_CC46/1845_5167_08_IR_CC46.tif;699
1845_5168_08_IR_CC46.tif;1845000;5168000;1846000;5169000;https://download.data.grandlyon.com/files/grandlyon/imagerie/ortho2018/infrarouge/GeoTiff_YcBcR/1km_8cm_CC46/1845_5168_08_IR_CC46.tif;https://download.data.grandlyon.com/files/grandlyon/imagerie/ortho2018/infrarouge/tif/1km_8cm_CC46/1845_5168_08_IR_CC46.tif;700
1845_5169_08_IR_CC46.tif;1845000;5169000;1846000;5170000;https://download.data.grandlyon.com/files/grandlyon/imagerie/ortho2018/infrarouge/GeoTiff_YcBcR/1km_8cm_CC46/1845_5169_08_IR_CC46.tif;https://download.data.grandlyon.com/files/grandlyon/imagerie/ortho2018/infrarouge/tif/1km_8cm_CC46/1845_5169_08_IR_CC46.tif;701
1845_5170_08_IR_CC46.tif;1845000;5170000;1846000;5171000;https://download.data.grandlyon.com/files/grandlyon/imagerie/ortho2018/infrarouge/GeoTiff_YcBcR/1km_8cm_CC46/1845_5170_08_IR_CC46.tif;https://download.data.grandlyon.com/files/grandlyon/imagerie/ortho2018/infrarouge/tif/1km_8cm_CC46/1845_5170_08_IR_CC46.tif;702
1845_5171_08_IR_CC46.tif;1845000;5171000;1846000;5172000;https://download.data.grandlyon.com/files/grandlyon/imagerie/ortho2018/infrarouge/GeoTiff_YcBcR/1km_8cm_CC46/1845_5171_08_IR_CC46.tif;https://download.data.grandlyon.com/files/grandlyon/imagerie/ortho2018/infrarouge/tif/1km_8cm_CC46/1845_5171_08_IR_CC46.tif;703
1845_5172_08_IR_CC46.tif;1845000;5172000;1846000;5173000;https://download.data.grandlyon.com/files/grandlyon/imagerie/ortho2018/infrarouge/GeoTiff_YcBcR/1km_8cm_CC46/1845_5172_08_IR_CC46.tif;https://download.data.grandlyon.com/files/grandlyon/imagerie/ortho2018/infrarouge/tif/1km_8cm_CC46/1845_5172_08_IR_CC46.tif;704
1845_5173_08_IR_CC46.tif;1845000;5173000;1846000;5174000;https://download.data.grandlyon.com/files/grandlyon/imagerie/ortho2018/infrarouge/GeoTiff_YcBcR/1km_8cm_CC46/1845_5173_08_IR_CC46.tif;https://download.data.grandlyon.com/files/grandlyon/imagerie/ortho2018/infrarouge/tif/1km_8cm_CC46/1845_5173_08_IR_CC46.tif;705
1845_5174_08_IR_CC46.tif;1845000;5174000;1846000;5175000;https://download.data.grandlyon.com/files/grandlyon/imagerie/ortho2018/infrarouge/GeoTiff_YcBcR/1km_8cm_CC46/1845_5174_08_IR_CC46.tif;https://download.data.grandlyon.com/files/grandlyon/imagerie/ortho2018/infrarouge/tif/1km_8cm_CC46/1845_5174_08_IR_CC46.tif;706
1845_5175_08_IR_CC46.tif;1845000;5175000;1846000;5176000;https://download.data.grandlyon.com/files/grandlyon/imagerie/ortho2018/infrarouge/GeoTiff_YcBcR/1km_8cm_CC46/1845_5175_08_IR_CC46.tif;https://download.data.grandlyon.com/files/grandlyon/imagerie/ortho2018/infrarouge/tif/1km_8cm_CC46/1845_5175_08_IR_CC46.tif;707
1845_5176_08_IR_CC46.tif;1845000;5176000;1846000;5177000;https://download.data.grandlyon.com/files/grandlyon/imagerie/ortho2018/infrarouge/GeoTiff_YcBcR/1km_8cm_CC46/1845_5176_08_IR_CC46.tif;https://download.data.grandlyon.com/files/grandlyon/imagerie/ortho2018/infrarouge/tif/1km_8cm_CC46/1845_5176_08_IR_CC46.tif;708
1845_5177_08_IR_CC46.tif;1845000;5177000;1846000;5178000;https://download.data.grandlyon.com/files/grandlyon/imagerie/ortho2018/infrarouge/GeoTiff_YcBcR/1km_8cm_CC46/1845_5177_08_IR_CC46.tif;https://download.data.grandlyon.com/files/grandlyon/imagerie/ortho2018/infrarouge/tif/1km_8cm_CC46/1845_5177_08_IR_CC46.tif;709
1845_5178_08_IR_CC46.tif;1845000;5178000;1846000;5179000;https://download.data.grandlyon.com/files/grandlyon/imagerie/ortho2018/infrarouge/GeoTiff_YcBcR/1km_8cm_CC46/1845_5178_08_IR_CC46.tif;https://download.data.grandlyon.com/files/grandlyon/imagerie/ortho2018/infrarouge/tif/1km_8cm_CC46/1845_5178_08_IR_CC46.tif;710
1845_5179_08_IR_CC46.tif;1845000;5179000;1846000;5180000;https://download.data.grandlyon.com/files/grandlyon/imagerie/ortho2018/infrarouge/GeoTiff_YcBcR/1km_8cm_CC46/1845_5179_08_IR_CC46.tif;https://download.data.grandlyon.com/files/grandlyon/imagerie/ortho2018/infrarouge/tif/1km_8cm_CC46/1845_5179_08_IR_CC46.tif;711
1845_5180_08_IR_CC46.tif;1845000;5180000;1846000;5181000;https://download.data.grandlyon.com/files/grandlyon/imagerie/ortho2018/infrarouge/GeoTiff_YcBcR/1km_8cm_CC46/1845_5180_08_IR_CC46.tif;https://download.data.grandlyon.com/files/grandlyon/imagerie/ortho2018/infrarouge/tif/1km_8cm_CC46/1845_5180_08_IR_CC46.tif;712
1845_5181_08_IR_CC46.tif;1845000;5181000;1846000;5182000;https://download.data.grandlyon.com/files/grandlyon/imagerie/ortho2018/infrarouge/GeoTiff_YcBcR/1km_8cm_CC46/1845_5181_08_IR_CC46.tif;https://download.data.grandlyon.com/files/grandlyon/imagerie/ortho2018/infrarouge/tif/1km_8cm_CC46/1845_5181_08_IR_CC46.tif;713
1845_5182_08_IR_CC46.tif;1845000;5182000;1846000;5183000;https://download.data.grandlyon.com/files/grandlyon/imagerie/ortho2018/infrarouge/GeoTiff_YcBcR/1km_8cm_CC46/1845_5182_08_IR_CC46.tif;https://download.data.grandlyon.com/files/grandlyon/imagerie/ortho2018/infrarouge/tif/1km_8cm_CC46/1845_5182_08_IR_CC46.tif;714
1845_5183_08_IR_CC46.tif;1845000;5183000;1846000;5184000;https://download.data.grandlyon.com/files/grandlyon/imagerie/ortho2018/infrarouge/GeoTiff_YcBcR/1km_8cm_CC46/1845_5183_08_IR_CC46.tif;https://download.data.grandlyon.com/files/grandlyon/imagerie/ortho2018/infrarouge/tif/1km_8cm_CC46/1845_5183_08_IR_CC46.tif;715
1845_5184_08_IR_CC46.tif;1845000;5184000;1846000;5185000;https://download.data.grandlyon.com/files/grandlyon/imagerie/ortho2018/infrarouge/GeoTiff_YcBcR/1km_8cm_CC46/1845_5184_08_IR_CC46.tif;https://download.data.grandlyon.com/files/grandlyon/imagerie/ortho2018/infrarouge/tif/1km_8cm_CC46/1845_5184_08_IR_CC46.tif;716
1845_5185_08_IR_CC46.tif;1845000;5185000;1846000;5186000;https://download.data.grandlyon.com/files/grandlyon/imagerie/ortho2018/infrarouge/GeoTiff_YcBcR/1km_8cm_CC46/1845_5185_08_IR_CC46.tif;https://download.data.grandlyon.com/files/grandlyon/imagerie/ortho2018/infrarouge/tif/1km_8cm_CC46/1845_5185_08_IR_CC46.tif;717
1845_5186_08_IR_CC46.tif;1845000;5186000;1846000;5187000;https://download.data.grandlyon.com/files/grandlyon/imagerie/ortho2018/infrarouge/GeoTiff_YcBcR/1km_8cm_CC46/1845_5186_08_IR_CC46.tif;https://download.data.grandlyon.com/files/grandlyon/imagerie/ortho2018/infrarouge/tif/1km_8cm_CC46/1845_5186_08_IR_CC46.tif;718
1845_5187_08_IR_CC46.tif;1845000;5187000;1846000;5188000;https://download.data.grandlyon.com/files/grandlyon/imagerie/ortho2018/infrarouge/GeoTiff_YcBcR/1km_8cm_CC46/1845_5187_08_IR_CC46.tif;https://download.data.grandlyon.com/files/grandlyon/imagerie/ortho2018/infrarouge/tif/1km_8cm_CC46/1845_5187_08_IR_CC46.tif;719
1845_5188_08_IR_CC46.tif;1845000;5188000;1846000;5189000;https://download.data.grandlyon.com/files/grandlyon/imagerie/ortho2018/infrarouge/GeoTiff_YcBcR/1km_8cm_CC46/1845_5188_08_IR_CC46.tif;https://download.data.grandlyon.com/files/grandlyon/imagerie/ortho2018/infrarouge/tif/1km_8cm_CC46/1845_5188_08_IR_CC46.tif;720
1845_5189_08_IR_CC46.tif;1845000;5189000;1846000;5190000;https://download.data.grandlyon.com/files/grandlyon/imagerie/ortho2018/infrarouge/GeoTiff_YcBcR/1km_8cm_CC46/1845_5189_08_IR_CC46.tif;https://download.data.grandlyon.com/files/grandlyon/imagerie/ortho2018/infrarouge/tif/1km_8cm_CC46/1845_5189_08_IR_CC46.tif;721
1845_5190_08_IR_CC46.tif;1845000;5190000;1846000;5191000;https://download.data.grandlyon.com/files/grandlyon/imagerie/ortho2018/infrarouge/GeoTiff_YcBcR/1km_8cm_CC46/1845_5190_08_IR_CC46.tif;https://download.data.grandlyon.com/files/grandlyon/imagerie/ortho2018/infrarouge/tif/1km_8cm_CC46/1845_5190_08_IR_CC46.tif;722
1845_5191_08_IR_CC46.tif;1845000;5191000;1846000;5192000;https://download.data.grandlyon.com/files/grandlyon/imagerie/ortho2018/infrarouge/GeoTiff_YcBcR/1km_8cm_CC46/1845_5191_08_IR_CC46.tif;https://download.data.grandlyon.com/files/grandlyon/imagerie/ortho2018/infrarouge/tif/1km_8cm_CC46/1845_5191_08_IR_CC46.tif;723
1845_5192_08_IR_CC46.tif;1845000;5192000;1846000;5193000;https://download.data.grandlyon.com/files/grandlyon/imagerie/ortho2018/infrarouge/GeoTiff_YcBcR/1km_8cm_CC46/1845_5192_08_IR_CC46.tif;https://download.data.grandlyon.com/files/grandlyon/imagerie/ortho2018/infrarouge/tif/1km_8cm_CC46/1845_5192_08_IR_CC46.tif;724
1846_5151_08_IR_CC46.tif;1846000;5151000;1847000;5152000;https://download.data.grandlyon.com/files/grandlyon/imagerie/ortho2018/infrarouge/GeoTiff_YcBcR/1km_8cm_CC46/1846_5151_08_IR_CC46.tif;https://download.data.grandlyon.com/files/grandlyon/imagerie/ortho2018/infrarouge/tif/1km_8cm_CC46/1846_5151_08_IR_CC46.tif;725
1846_5152_08_IR_CC46.tif;1846000;5152000;1847000;5153000;https://download.data.grandlyon.com/files/grandlyon/imagerie/ortho2018/infrarouge/GeoTiff_YcBcR/1km_8cm_CC46/1846_5152_08_IR_CC46.tif;https://download.data.grandlyon.com/files/grandlyon/imagerie/ortho2018/infrarouge/tif/1km_8cm_CC46/1846_5152_08_IR_CC46.tif;726
1846_5153_08_IR_CC46.tif;1846000;5153000;1847000;5154000;https://download.data.grandlyon.com/files/grandlyon/imagerie/ortho2018/infrarouge/GeoTiff_YcBcR/1km_8cm_CC46/1846_5153_08_IR_CC46.tif;https://download.data.grandlyon.com/files/grandlyon/imagerie/ortho2018/infrarouge/tif/1km_8cm_CC46/1846_5153_08_IR_CC46.tif;727
1846_5154_08_IR_CC46.tif;1846000;5154000;1847000;5155000;https://download.data.grandlyon.com/files/grandlyon/imagerie/ortho2018/infrarouge/GeoTiff_YcBcR/1km_8cm_CC46/1846_5154_08_IR_CC46.tif;https://download.data.grandlyon.com/files/grandlyon/imagerie/ortho2018/infrarouge/tif/1km_8cm_CC46/1846_5154_08_IR_CC46.tif;728
1846_5155_08_IR_CC46.tif;1846000;5155000;1847000;5156000;https://download.data.grandlyon.com/files/grandlyon/imagerie/ortho2018/infrarouge/GeoTiff_YcBcR/1km_8cm_CC46/1846_5155_08_IR_CC46.tif;https://download.data.grandlyon.com/files/grandlyon/imagerie/ortho2018/infrarouge/tif/1km_8cm_CC46/1846_5155_08_IR_CC46.tif;729
1846_5156_08_IR_CC46.tif;1846000;5156000;1847000;5157000;https://download.data.grandlyon.com/files/grandlyon/imagerie/ortho2018/infrarouge/GeoTiff_YcBcR/1km_8cm_CC46/1846_5156_08_IR_CC46.tif;https://download.data.grandlyon.com/files/grandlyon/imagerie/ortho2018/infrarouge/tif/1km_8cm_CC46/1846_5156_08_IR_CC46.tif;730
1846_5157_08_IR_CC46.tif;1846000;5157000;1847000;5158000;https://download.data.grandlyon.com/files/grandlyon/imagerie/ortho2018/infrarouge/GeoTiff_YcBcR/1km_8cm_CC46/1846_5157_08_IR_CC46.tif;https://download.data.grandlyon.com/files/grandlyon/imagerie/ortho2018/infrarouge/tif/1km_8cm_CC46/1846_5157_08_IR_CC46.tif;731
1846_5158_08_IR_CC46.tif;1846000;5158000;1847000;5159000;https://download.data.grandlyon.com/files/grandlyon/imagerie/ortho2018/infrarouge/GeoTiff_YcBcR/1km_8cm_CC46/1846_5158_08_IR_CC46.tif;https://download.data.grandlyon.com/files/grandlyon/imagerie/ortho2018/infrarouge/tif/1km_8cm_CC46/1846_5158_08_IR_CC46.tif;732
1846_5159_08_IR_CC46.tif;1846000;5159000;1847000;5160000;https://download.data.grandlyon.com/files/grandlyon/imagerie/ortho2018/infrarouge/GeoTiff_YcBcR/1km_8cm_CC46/1846_5159_08_IR_CC46.tif;https://download.data.grandlyon.com/files/grandlyon/imagerie/ortho2018/infrarouge/tif/1km_8cm_CC46/1846_5159_08_IR_CC46.tif;733
1846_5160_08_IR_CC46.tif;1846000;5160000;1847000;5161000;https://download.data.grandlyon.com/files/grandlyon/imagerie/ortho2018/infrarouge/GeoTiff_YcBcR/1km_8cm_CC46/1846_5160_08_IR_CC46.tif;https://download.data.grandlyon.com/files/grandlyon/imagerie/ortho2018/infrarouge/tif/1km_8cm_CC46/1846_5160_08_IR_CC46.tif;734
1846_5161_08_IR_CC46.tif;1846000;5161000;1847000;5162000;https://download.data.grandlyon.com/files/grandlyon/imagerie/ortho2018/infrarouge/GeoTiff_YcBcR/1km_8cm_CC46/1846_5161_08_IR_CC46.tif;https://download.data.grandlyon.com/files/grandlyon/imagerie/ortho2018/infrarouge/tif/1km_8cm_CC46/1846_5161_08_IR_CC46.tif;735
1846_5162_08_IR_CC46.tif;1846000;5162000;1847000;5163000;https://download.data.grandlyon.com/files/grandlyon/imagerie/ortho2018/infrarouge/GeoTiff_YcBcR/1km_8cm_CC46/1846_5162_08_IR_CC46.tif;https://download.data.grandlyon.com/files/grandlyon/imagerie/ortho2018/infrarouge/tif/1km_8cm_CC46/1846_5162_08_IR_CC46.tif;736
1846_5163_08_IR_CC46.tif;1846000;5163000;1847000;5164000;https://download.data.grandlyon.com/files/grandlyon/imagerie/ortho2018/infrarouge/GeoTiff_YcBcR/1km_8cm_CC46/1846_5163_08_IR_CC46.tif;https://download.data.grandlyon.com/files/grandlyon/imagerie/ortho2018/infrarouge/tif/1km_8cm_CC46/1846_5163_08_IR_CC46.tif;737
1846_5164_08_IR_CC46.tif;1846000;5164000;1847000;5165000;https://download.data.grandlyon.com/files/grandlyon/imagerie/ortho2018/infrarouge/GeoTiff_YcBcR/1km_8cm_CC46/1846_5164_08_IR_CC46.tif;https://download.data.grandlyon.com/files/grandlyon/imagerie/ortho2018/infrarouge/tif/1km_8cm_CC46/1846_5164_08_IR_CC46.tif;738
1846_5165_08_IR_CC46.tif;1846000;5165000;1847000;5166000;https://download.data.grandlyon.com/files/grandlyon/imagerie/ortho2018/infrarouge/GeoTiff_YcBcR/1km_8cm_CC46/1846_5165_08_IR_CC46.tif;https://download.data.grandlyon.com/files/grandlyon/imagerie/ortho2018/infrarouge/tif/1km_8cm_CC46/1846_5165_08_IR_CC46.tif;739
1846_5166_08_IR_CC46.tif;1846000;5166000;1847000;5167000;https://download.data.grandlyon.com/files/grandlyon/imagerie/ortho2018/infrarouge/GeoTiff_YcBcR/1km_8cm_CC46/1846_5166_08_IR_CC46.tif;https://download.data.grandlyon.com/files/grandlyon/imagerie/ortho2018/infrarouge/tif/1km_8cm_CC46/1846_5166_08_IR_CC46.tif;740
1846_5167_08_IR_CC46.tif;1846000;5167000;1847000;5168000;https://download.data.grandlyon.com/files/grandlyon/imagerie/ortho2018/infrarouge/GeoTiff_YcBcR/1km_8cm_CC46/1846_5167_08_IR_CC46.tif;https://download.data.grandlyon.com/files/grandlyon/imagerie/ortho2018/infrarouge/tif/1km_8cm_CC46/1846_5167_08_IR_CC46.tif;741
1846_5168_08_IR_CC46.tif;1846000;5168000;1847000;5169000;https://download.data.grandlyon.com/files/grandlyon/imagerie/ortho2018/infrarouge/GeoTiff_YcBcR/1km_8cm_CC46/1846_5168_08_IR_CC46.tif;https://download.data.grandlyon.com/files/grandlyon/imagerie/ortho2018/infrarouge/tif/1km_8cm_CC46/1846_5168_08_IR_CC46.tif;742
1846_5169_08_IR_CC46.tif;1846000;5169000;1847000;5170000;https://download.data.grandlyon.com/files/grandlyon/imagerie/ortho2018/infrarouge/GeoTiff_YcBcR/1km_8cm_CC46/1846_5169_08_IR_CC46.tif;https://download.data.grandlyon.com/files/grandlyon/imagerie/ortho2018/infrarouge/tif/1km_8cm_CC46/1846_5169_08_IR_CC46.tif;743
1846_5170_08_IR_CC46.tif;1846000;5170000;1847000;5171000;https://download.data.grandlyon.com/files/grandlyon/imagerie/ortho2018/infrarouge/GeoTiff_YcBcR/1km_8cm_CC46/1846_5170_08_IR_CC46.tif;https://download.data.grandlyon.com/files/grandlyon/imagerie/ortho2018/infrarouge/tif/1km_8cm_CC46/1846_5170_08_IR_CC46.tif;744
1846_5171_08_IR_CC46.tif;1846000;5171000;1847000;5172000;https://download.data.grandlyon.com/files/grandlyon/imagerie/ortho2018/infrarouge/GeoTiff_YcBcR/1km_8cm_CC46/1846_5171_08_IR_CC46.tif;https://download.data.grandlyon.com/files/grandlyon/imagerie/ortho2018/infrarouge/tif/1km_8cm_CC46/1846_5171_08_IR_CC46.tif;745
1846_5172_08_IR_CC46.tif;1846000;5172000;1847000;5173000;https://download.data.grandlyon.com/files/grandlyon/imagerie/ortho2018/infrarouge/GeoTiff_YcBcR/1km_8cm_CC46/1846_5172_08_IR_CC46.tif;https://download.data.grandlyon.com/files/grandlyon/imagerie/ortho2018/infrarouge/tif/1km_8cm_CC46/1846_5172_08_IR_CC46.tif;746
1846_5173_08_IR_CC46.tif;1846000;5173000;1847000;5174000;https://download.data.grandlyon.com/files/grandlyon/imagerie/ortho2018/infrarouge/GeoTiff_YcBcR/1km_8cm_CC46/1846_5173_08_IR_CC46.tif;https://download.data.grandlyon.com/files/grandlyon/imagerie/ortho2018/infrarouge/tif/1km_8cm_CC46/1846_5173_08_IR_CC46.tif;747
1846_5174_08_IR_CC46.tif;1846000;5174000;1847000;5175000;https://download.data.grandlyon.com/files/grandlyon/imagerie/ortho2018/infrarouge/GeoTiff_YcBcR/1km_8cm_CC46/1846_5174_08_IR_CC46.tif;https://download.data.grandlyon.com/files/grandlyon/imagerie/ortho2018/infrarouge/tif/1km_8cm_CC46/1846_5174_08_IR_CC46.tif;748
1846_5175_08_IR_CC46.tif;1846000;5175000;1847000;5176000;https://download.data.grandlyon.com/files/grandlyon/imagerie/ortho2018/infrarouge/GeoTiff_YcBcR/1km_8cm_CC46/1846_5175_08_IR_CC46.tif;https://download.data.grandlyon.com/files/grandlyon/imagerie/ortho2018/infrarouge/tif/1km_8cm_CC46/1846_5175_08_IR_CC46.tif;749
1846_5176_08_IR_CC46.tif;1846000;5176000;1847000;5177000;https://download.data.grandlyon.com/files/grandlyon/imagerie/ortho2018/infrarouge/GeoTiff_YcBcR/1km_8cm_CC46/1846_5176_08_IR_CC46.tif;https://download.data.grandlyon.com/files/grandlyon/imagerie/ortho2018/infrarouge/tif/1km_8cm_CC46/1846_5176_08_IR_CC46.tif;750
1846_5177_08_IR_CC46.tif;1846000;5177000;1847000;5178000;https://download.data.grandlyon.com/files/grandlyon/imagerie/ortho2018/infrarouge/GeoTiff_YcBcR/1km_8cm_CC46/1846_5177_08_IR_CC46.tif;https://download.data.grandlyon.com/files/grandlyon/imagerie/ortho2018/infrarouge/tif/1km_8cm_CC46/1846_5177_08_IR_CC46.tif;751
1846_5178_08_IR_CC46.tif;1846000;5178000;1847000;5179000;https://download.data.grandlyon.com/files/grandlyon/imagerie/ortho2018/infrarouge/GeoTiff_YcBcR/1km_8cm_CC46/1846_5178_08_IR_CC46.tif;https://download.data.grandlyon.com/files/grandlyon/imagerie/ortho2018/infrarouge/tif/1km_8cm_CC46/1846_5178_08_IR_CC46.tif;752
1846_5179_08_IR_CC46.tif;1846000;5179000;1847000;5180000;https://download.data.grandlyon.com/files/grandlyon/imagerie/ortho2018/infrarouge/GeoTiff_YcBcR/1km_8cm_CC46/1846_5179_08_IR_CC46.tif;https://download.data.grandlyon.com/files/grandlyon/imagerie/ortho2018/infrarouge/tif/1km_8cm_CC46/1846_5179_08_IR_CC46.tif;753
1846_5180_08_IR_CC46.tif;1846000;5180000;1847000;5181000;https://download.data.grandlyon.com/files/grandlyon/imagerie/ortho2018/infrarouge/GeoTiff_YcBcR/1km_8cm_CC46/1846_5180_08_IR_CC46.tif;https://download.data.grandlyon.com/files/grandlyon/imagerie/ortho2018/infrarouge/tif/1km_8cm_CC46/1846_5180_08_IR_CC46.tif;754
1846_5181_08_IR_CC46.tif;1846000;5181000;1847000;5182000;https://download.data.grandlyon.com/files/grandlyon/imagerie/ortho2018/infrarouge/GeoTiff_YcBcR/1km_8cm_CC46/1846_5181_08_IR_CC46.tif;https://download.data.grandlyon.com/files/grandlyon/imagerie/ortho2018/infrarouge/tif/1km_8cm_CC46/1846_5181_08_IR_CC46.tif;755
1846_5182_08_IR_CC46.tif;1846000;5182000;1847000;5183000;https://download.data.grandlyon.com/files/grandlyon/imagerie/ortho2018/infrarouge/GeoTiff_YcBcR/1km_8cm_CC46/1846_5182_08_IR_CC46.tif;https://download.data.grandlyon.com/files/grandlyon/imagerie/ortho2018/infrarouge/tif/1km_8cm_CC46/1846_5182_08_IR_CC46.tif;756
1846_5183_08_IR_CC46.tif;1846000;5183000;1847000;5184000;https://download.data.grandlyon.com/files/grandlyon/imagerie/ortho2018/infrarouge/GeoTiff_YcBcR/1km_8cm_CC46/1846_5183_08_IR_CC46.tif;https://download.data.grandlyon.com/files/grandlyon/imagerie/ortho2018/infrarouge/tif/1km_8cm_CC46/1846_5183_08_IR_CC46.tif;757
1846_5184_08_IR_CC46.tif;1846000;5184000;1847000;5185000;https://download.data.grandlyon.com/files/grandlyon/imagerie/ortho2018/infrarouge/GeoTiff_YcBcR/1km_8cm_CC46/1846_5184_08_IR_CC46.tif;https://download.data.grandlyon.com/files/grandlyon/imagerie/ortho2018/infrarouge/tif/1km_8cm_CC46/1846_5184_08_IR_CC46.tif;758
1846_5185_08_IR_CC46.tif;1846000;5185000;1847000;5186000;https://download.data.grandlyon.com/files/grandlyon/imagerie/ortho2018/infrarouge/GeoTiff_YcBcR/1km_8cm_CC46/1846_5185_08_IR_CC46.tif;https://download.data.grandlyon.com/files/grandlyon/imagerie/ortho2018/infrarouge/tif/1km_8cm_CC46/1846_5185_08_IR_CC46.tif;759
1846_5186_08_IR_CC46.tif;1846000;5186000;1847000;5187000;https://download.data.grandlyon.com/files/grandlyon/imagerie/ortho2018/infrarouge/GeoTiff_YcBcR/1km_8cm_CC46/1846_5186_08_IR_CC46.tif;https://download.data.grandlyon.com/files/grandlyon/imagerie/ortho2018/infrarouge/tif/1km_8cm_CC46/1846_5186_08_IR_CC46.tif;760
1846_5187_08_IR_CC46.tif;1846000;5187000;1847000;5188000;https://download.data.grandlyon.com/files/grandlyon/imagerie/ortho2018/infrarouge/GeoTiff_YcBcR/1km_8cm_CC46/1846_5187_08_IR_CC46.tif;https://download.data.grandlyon.com/files/grandlyon/imagerie/ortho2018/infrarouge/tif/1km_8cm_CC46/1846_5187_08_IR_CC46.tif;761
1846_5188_08_IR_CC46.tif;1846000;5188000;1847000;5189000;https://download.data.grandlyon.com/files/grandlyon/imagerie/ortho2018/infrarouge/GeoTiff_YcBcR/1km_8cm_CC46/1846_5188_08_IR_CC46.tif;https://download.data.grandlyon.com/files/grandlyon/imagerie/ortho2018/infrarouge/tif/1km_8cm_CC46/1846_5188_08_IR_CC46.tif;762
1846_5189_08_IR_CC46.tif;1846000;5189000;1847000;5190000;https://download.data.grandlyon.com/files/grandlyon/imagerie/ortho2018/infrarouge/GeoTiff_YcBcR/1km_8cm_CC46/1846_5189_08_IR_CC46.tif;https://download.data.grandlyon.com/files/grandlyon/imagerie/ortho2018/infrarouge/tif/1km_8cm_CC46/1846_5189_08_IR_CC46.tif;763
1846_5190_08_IR_CC46.tif;1846000;5190000;1847000;5191000;https://download.data.grandlyon.com/files/grandlyon/imagerie/ortho2018/infrarouge/GeoTiff_YcBcR/1km_8cm_CC46/1846_5190_08_IR_CC46.tif;https://download.data.grandlyon.com/files/grandlyon/imagerie/ortho2018/infrarouge/tif/1km_8cm_CC46/1846_5190_08_IR_CC46.tif;764
1846_5191_08_IR_CC46.tif;1846000;5191000;1847000;5192000;https://download.data.grandlyon.com/files/grandlyon/imagerie/ortho2018/infrarouge/GeoTiff_YcBcR/1km_8cm_CC46/1846_5191_08_IR_CC46.tif;https://download.data.grandlyon.com/files/grandlyon/imagerie/ortho2018/infrarouge/tif/1km_8cm_CC46/1846_5191_08_IR_CC46.tif;765
1846_5192_08_IR_CC46.tif;1846000;5192000;1847000;5193000;https://download.data.grandlyon.com/files/grandlyon/imagerie/ortho2018/infrarouge/GeoTiff_YcBcR/1km_8cm_CC46/1846_5192_08_IR_CC46.tif;https://download.data.grandlyon.com/files/grandlyon/imagerie/ortho2018/infrarouge/tif/1km_8cm_CC46/1846_5192_08_IR_CC46.tif;766
1847_5157_08_IR_CC46.tif;1847000;5157000;1848000;5158000;https://download.data.grandlyon.com/files/grandlyon/imagerie/ortho2018/infrarouge/GeoTiff_YcBcR/1km_8cm_CC46/1847_5157_08_IR_CC46.tif;https://download.data.grandlyon.com/files/grandlyon/imagerie/ortho2018/infrarouge/tif/1km_8cm_CC46/1847_5157_08_IR_CC46.tif;767
1847_5158_08_IR_CC46.tif;1847000;5158000;1848000;5159000;https://download.data.grandlyon.com/files/grandlyon/imagerie/ortho2018/infrarouge/GeoTiff_YcBcR/1km_8cm_CC46/1847_5158_08_IR_CC46.tif;https://download.data.grandlyon.com/files/grandlyon/imagerie/ortho2018/infrarouge/tif/1km_8cm_CC46/1847_5158_08_IR_CC46.tif;768
1847_5159_08_IR_CC46.tif;1847000;5159000;1848000;5160000;https://download.data.grandlyon.com/files/grandlyon/imagerie/ortho2018/infrarouge/GeoTiff_YcBcR/1km_8cm_CC46/1847_5159_08_IR_CC46.tif;https://download.data.grandlyon.com/files/grandlyon/imagerie/ortho2018/infrarouge/tif/1km_8cm_CC46/1847_5159_08_IR_CC46.tif;769
1847_5160_08_IR_CC46.tif;1847000;5160000;1848000;5161000;https://download.data.grandlyon.com/files/grandlyon/imagerie/ortho2018/infrarouge/GeoTiff_YcBcR/1km_8cm_CC46/1847_5160_08_IR_CC46.tif;https://download.data.grandlyon.com/files/grandlyon/imagerie/ortho2018/infrarouge/tif/1km_8cm_CC46/1847_5160_08_IR_CC46.tif;770
1847_5161_08_IR_CC46.tif;1847000;5161000;1848000;5162000;https://download.data.grandlyon.com/files/grandlyon/imagerie/ortho2018/infrarouge/GeoTiff_YcBcR/1km_8cm_CC46/1847_5161_08_IR_CC46.tif;https://download.data.grandlyon.com/files/grandlyon/imagerie/ortho2018/infrarouge/tif/1km_8cm_CC46/1847_5161_08_IR_CC46.tif;771
1847_5162_08_IR_CC46.tif;1847000;5162000;1848000;5163000;https://download.data.grandlyon.com/files/grandlyon/imagerie/ortho2018/infrarouge/GeoTiff_YcBcR/1km_8cm_CC46/1847_5162_08_IR_CC46.tif;https://download.data.grandlyon.com/files/grandlyon/imagerie/ortho2018/infrarouge/tif/1km_8cm_CC46/1847_5162_08_IR_CC46.tif;772
1847_5163_08_IR_CC46.tif;1847000;5163000;1848000;5164000;https://download.data.grandlyon.com/files/grandlyon/imagerie/ortho2018/infrarouge/GeoTiff_YcBcR/1km_8cm_CC46/1847_5163_08_IR_CC46.tif;https://download.data.grandlyon.com/files/grandlyon/imagerie/ortho2018/infrarouge/tif/1km_8cm_CC46/1847_5163_08_IR_CC46.tif;773
1847_5164_08_IR_CC46.tif;1847000;5164000;1848000;5165000;https://download.data.grandlyon.com/files/grandlyon/imagerie/ortho2018/infrarouge/GeoTiff_YcBcR/1km_8cm_CC46/1847_5164_08_IR_CC46.tif;https://download.data.grandlyon.com/files/grandlyon/imagerie/ortho2018/infrarouge/tif/1km_8cm_CC46/1847_5164_08_IR_CC46.tif;774
1847_5165_08_IR_CC46.tif;1847000;5165000;1848000;5166000;https://download.data.grandlyon.com/files/grandlyon/imagerie/ortho2018/infrarouge/GeoTiff_YcBcR/1km_8cm_CC46/1847_5165_08_IR_CC46.tif;https://download.data.grandlyon.com/files/grandlyon/imagerie/ortho2018/infrarouge/tif/1km_8cm_CC46/1847_5165_08_IR_CC46.tif;775
1847_5166_08_IR_CC46.tif;1847000;5166000;1848000;5167000;https://download.data.grandlyon.com/files/grandlyon/imagerie/ortho2018/infrarouge/GeoTiff_YcBcR/1km_8cm_CC46/1847_5166_08_IR_CC46.tif;https://download.data.grandlyon.com/files/grandlyon/imagerie/ortho2018/infrarouge/tif/1km_8cm_CC46/1847_5166_08_IR_CC46.tif;776
1847_5167_08_IR_CC46.tif;1847000;5167000;1848000;5168000;https://download.data.grandlyon.com/files/grandlyon/imagerie/ortho2018/infrarouge/GeoTiff_YcBcR/1km_8cm_CC46/1847_5167_08_IR_CC46.tif;https://download.data.grandlyon.com/files/grandlyon/imagerie/ortho2018/infrarouge/tif/1km_8cm_CC46/1847_5167_08_IR_CC46.tif;777
1847_5168_08_IR_CC46.tif;1847000;5168000;1848000;5169000;https://download.data.grandlyon.com/files/grandlyon/imagerie/ortho2018/infrarouge/GeoTiff_YcBcR/1km_8cm_CC46/1847_5168_08_IR_CC46.tif;https://download.data.grandlyon.com/files/grandlyon/imagerie/ortho2018/infrarouge/tif/1km_8cm_CC46/1847_5168_08_IR_CC46.tif;778
1847_5169_08_IR_CC46.tif;1847000;5169000;1848000;5170000;https://download.data.grandlyon.com/files/grandlyon/imagerie/ortho2018/infrarouge/GeoTiff_YcBcR/1km_8cm_CC46/1847_5169_08_IR_CC46.tif;https://download.data.grandlyon.com/files/grandlyon/imagerie/ortho2018/infrarouge/tif/1km_8cm_CC46/1847_5169_08_IR_CC46.tif;779
1847_5170_08_IR_CC46.tif;1847000;5170000;1848000;5171000;https://download.data.grandlyon.com/files/grandlyon/imagerie/ortho2018/infrarouge/GeoTiff_YcBcR/1km_8cm_CC46/1847_5170_08_IR_CC46.tif;https://download.data.grandlyon.com/files/grandlyon/imagerie/ortho2018/infrarouge/tif/1km_8cm_CC46/1847_5170_08_IR_CC46.tif;780
1847_5171_08_IR_CC46.tif;1847000;5171000;1848000;5172000;https://download.data.grandlyon.com/files/grandlyon/imagerie/ortho2018/infrarouge/GeoTiff_YcBcR/1km_8cm_CC46/1847_5171_08_IR_CC46.tif;https://download.data.grandlyon.com/files/grandlyon/imagerie/ortho2018/infrarouge/tif/1km_8cm_CC46/1847_5171_08_IR_CC46.tif;781
1847_5172_08_IR_CC46.tif;1847000;5172000;1848000;5173000;https://download.data.grandlyon.com/files/grandlyon/imagerie/ortho2018/infrarouge/GeoTiff_YcBcR/1km_8cm_CC46/1847_5172_08_IR_CC46.tif;https://download.data.grandlyon.com/files/grandlyon/imagerie/ortho2018/infrarouge/tif/1km_8cm_CC46/1847_5172_08_IR_CC46.tif;782
1847_5173_08_IR_CC46.tif;1847000;5173000;1848000;5174000;https://download.data.grandlyon.com/files/grandlyon/imagerie/ortho2018/infrarouge/GeoTiff_YcBcR/1km_8cm_CC46/1847_5173_08_IR_CC46.tif;https://download.data.grandlyon.com/files/grandlyon/imagerie/ortho2018/infrarouge/tif/1km_8cm_CC46/1847_5173_08_IR_CC46.tif;783
1847_5174_08_IR_CC46.tif;1847000;5174000;1848000;5175000;https://download.data.grandlyon.com/files/grandlyon/imagerie/ortho2018/infrarouge/GeoTiff_YcBcR/1km_8cm_CC46/1847_5174_08_IR_CC46.tif;https://download.data.grandlyon.com/files/grandlyon/imagerie/ortho2018/infrarouge/tif/1km_8cm_CC46/1847_5174_08_IR_CC46.tif;784
1847_5175_08_IR_CC46.tif;1847000;5175000;1848000;5176000;https://download.data.grandlyon.com/files/grandlyon/imagerie/ortho2018/infrarouge/GeoTiff_YcBcR/1km_8cm_CC46/1847_5175_08_IR_CC46.tif;https://download.data.grandlyon.com/files/grandlyon/imagerie/ortho2018/infrarouge/tif/1km_8cm_CC46/1847_5175_08_IR_CC46.tif;785
1847_5176_08_IR_CC46.tif;1847000;5176000;1848000;5177000;https://download.data.grandlyon.com/files/grandlyon/imagerie/ortho2018/infrarouge/GeoTiff_YcBcR/1km_8cm_CC46/1847_5176_08_IR_CC46.tif;https://download.data.grandlyon.com/files/grandlyon/imagerie/ortho2018/infrarouge/tif/1km_8cm_CC46/1847_5176_08_IR_CC46.tif;786
1847_5177_08_IR_CC46.tif;1847000;5177000;1848000;5178000;https://download.data.grandlyon.com/files/grandlyon/imagerie/ortho2018/infrarouge/GeoTiff_YcBcR/1km_8cm_CC46/1847_5177_08_IR_CC46.tif;https://download.data.grandlyon.com/files/grandlyon/imagerie/ortho2018/infrarouge/tif/1km_8cm_CC46/1847_5177_08_IR_CC46.tif;787
1847_5178_08_IR_CC46.tif;1847000;5178000;1848000;5179000;https://download.data.grandlyon.com/files/grandlyon/imagerie/ortho2018/infrarouge/GeoTiff_YcBcR/1km_8cm_CC46/1847_5178_08_IR_CC46.tif;https://download.data.grandlyon.com/files/grandlyon/imagerie/ortho2018/infrarouge/tif/1km_8cm_CC46/1847_5178_08_IR_CC46.tif;788
1847_5179_08_IR_CC46.tif;1847000;5179000;1848000;5180000;https://download.data.grandlyon.com/files/grandlyon/imagerie/ortho2018/infrarouge/GeoTiff_YcBcR/1km_8cm_CC46/1847_5179_08_IR_CC46.tif;https://download.data.grandlyon.com/files/grandlyon/imagerie/ortho2018/infrarouge/tif/1km_8cm_CC46/1847_5179_08_IR_CC46.tif;789
1847_5180_08_IR_CC46.tif;1847000;5180000;1848000;5181000;https://download.data.grandlyon.com/files/grandlyon/imagerie/ortho2018/infrarouge/GeoTiff_YcBcR/1km_8cm_CC46/1847_5180_08_IR_CC46.tif;https://download.data.grandlyon.com/files/grandlyon/imagerie/ortho2018/infrarouge/tif/1km_8cm_CC46/1847_5180_08_IR_CC46.tif;790
1847_5181_08_IR_CC46.tif;1847000;5181000;1848000;5182000;https://download.data.grandlyon.com/files/grandlyon/imagerie/ortho2018/infrarouge/GeoTiff_YcBcR/1km_8cm_CC46/1847_5181_08_IR_CC46.tif;https://download.data.grandlyon.com/files/grandlyon/imagerie/ortho2018/infrarouge/tif/1km_8cm_CC46/1847_5181_08_IR_CC46.tif;791
1847_5182_08_IR_CC46.tif;1847000;5182000;1848000;5183000;https://download.data.grandlyon.com/files/grandlyon/imagerie/ortho2018/infrarouge/GeoTiff_YcBcR/1km_8cm_CC46/1847_5182_08_IR_CC46.tif;https://download.data.grandlyon.com/files/grandlyon/imagerie/ortho2018/infrarouge/tif/1km_8cm_CC46/1847_5182_08_IR_CC46.tif;792
1847_5183_08_IR_CC46.tif;1847000;5183000;1848000;5184000;https://download.data.grandlyon.com/files/grandlyon/imagerie/ortho2018/infrarouge/GeoTiff_YcBcR/1km_8cm_CC46/1847_5183_08_IR_CC46.tif;https://download.data.grandlyon.com/files/grandlyon/imagerie/ortho2018/infrarouge/tif/1km_8cm_CC46/1847_5183_08_IR_CC46.tif;793
1847_5184_08_IR_CC46.tif;1847000;5184000;1848000;5185000;https://download.data.grandlyon.com/files/grandlyon/imagerie/ortho2018/infrarouge/GeoTiff_YcBcR/1km_8cm_CC46/1847_5184_08_IR_CC46.tif;https://download.data.grandlyon.com/files/grandlyon/imagerie/ortho2018/infrarouge/tif/1km_8cm_CC46/1847_5184_08_IR_CC46.tif;794
1847_5185_08_IR_CC46.tif;1847000;5185000;1848000;5186000;https://download.data.grandlyon.com/files/grandlyon/imagerie/ortho2018/infrarouge/GeoTiff_YcBcR/1km_8cm_CC46/1847_5185_08_IR_CC46.tif;https://download.data.grandlyon.com/files/grandlyon/imagerie/ortho2018/infrarouge/tif/1km_8cm_CC46/1847_5185_08_IR_CC46.tif;795
1847_5186_08_IR_CC46.tif;1847000;5186000;1848000;5187000;https://download.data.grandlyon.com/files/grandlyon/imagerie/ortho2018/infrarouge/GeoTiff_YcBcR/1km_8cm_CC46/1847_5186_08_IR_CC46.tif;https://download.data.grandlyon.com/files/grandlyon/imagerie/ortho2018/infrarouge/tif/1km_8cm_CC46/1847_5186_08_IR_CC46.tif;796
1847_5187_08_IR_CC46.tif;1847000;5187000;1848000;5188000;https://download.data.grandlyon.com/files/grandlyon/imagerie/ortho2018/infrarouge/GeoTiff_YcBcR/1km_8cm_CC46/1847_5187_08_IR_CC46.tif;https://download.data.grandlyon.com/files/grandlyon/imagerie/ortho2018/infrarouge/tif/1km_8cm_CC46/1847_5187_08_IR_CC46.tif;797
1847_5188_08_IR_CC46.tif;1847000;5188000;1848000;5189000;https://download.data.grandlyon.com/files/grandlyon/imagerie/ortho2018/infrarouge/GeoTiff_YcBcR/1km_8cm_CC46/1847_5188_08_IR_CC46.tif;https://download.data.grandlyon.com/files/grandlyon/imagerie/ortho2018/infrarouge/tif/1km_8cm_CC46/1847_5188_08_IR_CC46.tif;798
1847_5189_08_IR_CC46.tif;1847000;5189000;1848000;5190000;https://download.data.grandlyon.com/files/grandlyon/imagerie/ortho2018/infrarouge/GeoTiff_YcBcR/1km_8cm_CC46/1847_5189_08_IR_CC46.tif;https://download.data.grandlyon.com/files/grandlyon/imagerie/ortho2018/infrarouge/tif/1km_8cm_CC46/1847_5189_08_IR_CC46.tif;799
1847_5190_08_IR_CC46.tif;1847000;5190000;1848000;5191000;https://download.data.grandlyon.com/files/grandlyon/imagerie/ortho2018/infrarouge/GeoTiff_YcBcR/1km_8cm_CC46/1847_5190_08_IR_CC46.tif;https://download.data.grandlyon.com/files/grandlyon/imagerie/ortho2018/infrarouge/tif/1km_8cm_CC46/1847_5190_08_IR_CC46.tif;800
1847_5191_08_IR_CC46.tif;1847000;5191000;1848000;5192000;https://download.data.grandlyon.com/files/grandlyon/imagerie/ortho2018/infrarouge/GeoTiff_YcBcR/1km_8cm_CC46/1847_5191_08_IR_CC46.tif;https://download.data.grandlyon.com/files/grandlyon/imagerie/ortho2018/infrarouge/tif/1km_8cm_CC46/1847_5191_08_IR_CC46.tif;801
1847_5192_08_IR_CC46.tif;1847000;5192000;1848000;5193000;https://download.data.grandlyon.com/files/grandlyon/imagerie/ortho2018/infrarouge/GeoTiff_YcBcR/1km_8cm_CC46/1847_5192_08_IR_CC46.tif;https://download.data.grandlyon.com/files/grandlyon/imagerie/ortho2018/infrarouge/tif/1km_8cm_CC46/1847_5192_08_IR_CC46.tif;802
1848_5157_08_IR_CC46.tif;1848000;5157000;1849000;5158000;https://download.data.grandlyon.com/files/grandlyon/imagerie/ortho2018/infrarouge/GeoTiff_YcBcR/1km_8cm_CC46/1848_5157_08_IR_CC46.tif;https://download.data.grandlyon.com/files/grandlyon/imagerie/ortho2018/infrarouge/tif/1km_8cm_CC46/1848_5157_08_IR_CC46.tif;803
1848_5158_08_IR_CC46.tif;1848000;5158000;1849000;5159000;https://download.data.grandlyon.com/files/grandlyon/imagerie/ortho2018/infrarouge/GeoTiff_YcBcR/1km_8cm_CC46/1848_5158_08_IR_CC46.tif;https://download.data.grandlyon.com/files/grandlyon/imagerie/ortho2018/infrarouge/tif/1km_8cm_CC46/1848_5158_08_IR_CC46.tif;804
1848_5159_08_IR_CC46.tif;1848000;5159000;1849000;5160000;https://download.data.grandlyon.com/files/grandlyon/imagerie/ortho2018/infrarouge/GeoTiff_YcBcR/1km_8cm_CC46/1848_5159_08_IR_CC46.tif;https://download.data.grandlyon.com/files/grandlyon/imagerie/ortho2018/infrarouge/tif/1km_8cm_CC46/1848_5159_08_IR_CC46.tif;805
1848_5160_08_IR_CC46.tif;1848000;5160000;1849000;5161000;https://download.data.grandlyon.com/files/grandlyon/imagerie/ortho2018/infrarouge/GeoTiff_YcBcR/1km_8cm_CC46/1848_5160_08_IR_CC46.tif;https://download.data.grandlyon.com/files/grandlyon/imagerie/ortho2018/infrarouge/tif/1km_8cm_CC46/1848_5160_08_IR_CC46.tif;806
1848_5161_08_IR_CC46.tif;1848000;5161000;1849000;5162000;https://download.data.grandlyon.com/files/grandlyon/imagerie/ortho2018/infrarouge/GeoTiff_YcBcR/1km_8cm_CC46/1848_5161_08_IR_CC46.tif;https://download.data.grandlyon.com/files/grandlyon/imagerie/ortho2018/infrarouge/tif/1km_8cm_CC46/1848_5161_08_IR_CC46.tif;807
1848_5162_08_IR_CC46.tif;1848000;5162000;1849000;5163000;https://download.data.grandlyon.com/files/grandlyon/imagerie/ortho2018/infrarouge/GeoTiff_YcBcR/1km_8cm_CC46/1848_5162_08_IR_CC46.tif;https://download.data.grandlyon.com/files/grandlyon/imagerie/ortho2018/infrarouge/tif/1km_8cm_CC46/1848_5162_08_IR_CC46.tif;808
1848_5163_08_IR_CC46.tif;1848000;5163000;1849000;5164000;https://download.data.grandlyon.com/files/grandlyon/imagerie/ortho2018/infrarouge/GeoTiff_YcBcR/1km_8cm_CC46/1848_5163_08_IR_CC46.tif;https://download.data.grandlyon.com/files/grandlyon/imagerie/ortho2018/infrarouge/tif/1km_8cm_CC46/1848_5163_08_IR_CC46.tif;809
1848_5164_08_IR_CC46.tif;1848000;5164000;1849000;5165000;https://download.data.grandlyon.com/files/grandlyon/imagerie/ortho2018/infrarouge/GeoTiff_YcBcR/1km_8cm_CC46/1848_5164_08_IR_CC46.tif;https://download.data.grandlyon.com/files/grandlyon/imagerie/ortho2018/infrarouge/tif/1km_8cm_CC46/1848_5164_08_IR_CC46.tif;810
1848_5165_08_IR_CC46.tif;1848000;5165000;1849000;5166000;https://download.data.grandlyon.com/files/grandlyon/imagerie/ortho2018/infrarouge/GeoTiff_YcBcR/1km_8cm_CC46/1848_5165_08_IR_CC46.tif;https://download.data.grandlyon.com/files/grandlyon/imagerie/ortho2018/infrarouge/tif/1km_8cm_CC46/1848_5165_08_IR_CC46.tif;811
1848_5166_08_IR_CC46.tif;1848000;5166000;1849000;5167000;https://download.data.grandlyon.com/files/grandlyon/imagerie/ortho2018/infrarouge/GeoTiff_YcBcR/1km_8cm_CC46/1848_5166_08_IR_CC46.tif;https://download.data.grandlyon.com/files/grandlyon/imagerie/ortho2018/infrarouge/tif/1km_8cm_CC46/1848_5166_08_IR_CC46.tif;812
1848_5167_08_IR_CC46.tif;1848000;5167000;1849000;5168000;https://download.data.grandlyon.com/files/grandlyon/imagerie/ortho2018/infrarouge/GeoTiff_YcBcR/1km_8cm_CC46/1848_5167_08_IR_CC46.tif;https://download.data.grandlyon.com/files/grandlyon/imagerie/ortho2018/infrarouge/tif/1km_8cm_CC46/1848_5167_08_IR_CC46.tif;813
1848_5168_08_IR_CC46.tif;1848000;5168000;1849000;5169000;https://download.data.grandlyon.com/files/grandlyon/imagerie/ortho2018/infrarouge/GeoTiff_YcBcR/1km_8cm_CC46/1848_5168_08_IR_CC46.tif;https://download.data.grandlyon.com/files/grandlyon/imagerie/ortho2018/infrarouge/tif/1km_8cm_CC46/1848_5168_08_IR_CC46.tif;814
1848_5169_08_IR_CC46.tif;1848000;5169000;1849000;5170000;https://download.data.grandlyon.com/files/grandlyon/imagerie/ortho2018/infrarouge/GeoTiff_YcBcR/1km_8cm_CC46/1848_5169_08_IR_CC46.tif;https://download.data.grandlyon.com/files/grandlyon/imagerie/ortho2018/infrarouge/tif/1km_8cm_CC46/1848_5169_08_IR_CC46.tif;815
1848_5170_08_IR_CC46.tif;1848000;5170000;1849000;5171000;https://download.data.grandlyon.com/files/grandlyon/imagerie/ortho2018/infrarouge/GeoTiff_YcBcR/1km_8cm_CC46/1848_5170_08_IR_CC46.tif;https://download.data.grandlyon.com/files/grandlyon/imagerie/ortho2018/infrarouge/tif/1km_8cm_CC46/1848_5170_08_IR_CC46.tif;816
1848_5171_08_IR_CC46.tif;1848000;5171000;1849000;5172000;https://download.data.grandlyon.com/files/grandlyon/imagerie/ortho2018/infrarouge/GeoTiff_YcBcR/1km_8cm_CC46/1848_5171_08_IR_CC46.tif;https://download.data.grandlyon.com/files/grandlyon/imagerie/ortho2018/infrarouge/tif/1km_8cm_CC46/1848_5171_08_IR_CC46.tif;817
1848_5172_08_IR_CC46.tif;1848000;5172000;1849000;5173000;https://download.data.grandlyon.com/files/grandlyon/imagerie/ortho2018/infrarouge/GeoTiff_YcBcR/1km_8cm_CC46/1848_5172_08_IR_CC46.tif;https://download.data.grandlyon.com/files/grandlyon/imagerie/ortho2018/infrarouge/tif/1km_8cm_CC46/1848_5172_08_IR_CC46.tif;818
1848_5173_08_IR_CC46.tif;1848000;5173000;1849000;5174000;https://download.data.grandlyon.com/files/grandlyon/imagerie/ortho2018/infrarouge/GeoTiff_YcBcR/1km_8cm_CC46/1848_5173_08_IR_CC46.tif;https://download.data.grandlyon.com/files/grandlyon/imagerie/ortho2018/infrarouge/tif/1km_8cm_CC46/1848_5173_08_IR_CC46.tif;819
1848_5174_08_IR_CC46.tif;1848000;5174000;1849000;5175000;https://download.data.grandlyon.com/files/grandlyon/imagerie/ortho2018/infrarouge/GeoTiff_YcBcR/1km_8cm_CC46/1848_5174_08_IR_CC46.tif;https://download.data.grandlyon.com/files/grandlyon/imagerie/ortho2018/infrarouge/tif/1km_8cm_CC46/1848_5174_08_IR_CC46.tif;820
1848_5175_08_IR_CC46.tif;1848000;5175000;1849000;5176000;https://download.data.grandlyon.com/files/grandlyon/imagerie/ortho2018/infrarouge/GeoTiff_YcBcR/1km_8cm_CC46/1848_5175_08_IR_CC46.tif;https://download.data.grandlyon.com/files/grandlyon/imagerie/ortho2018/infrarouge/tif/1km_8cm_CC46/1848_5175_08_IR_CC46.tif;821
1848_5176_08_IR_CC46.tif;1848000;5176000;1849000;5177000;https://download.data.grandlyon.com/files/grandlyon/imagerie/ortho2018/infrarouge/GeoTiff_YcBcR/1km_8cm_CC46/1848_5176_08_IR_CC46.tif;https://download.data.grandlyon.com/files/grandlyon/imagerie/ortho2018/infrarouge/tif/1km_8cm_CC46/1848_5176_08_IR_CC46.tif;822
1848_5177_08_IR_CC46.tif;1848000;5177000;1849000;5178000;https://download.data.grandlyon.com/files/grandlyon/imagerie/ortho2018/infrarouge/GeoTiff_YcBcR/1km_8cm_CC46/1848_5177_08_IR_CC46.tif;https://download.data.grandlyon.com/files/grandlyon/imagerie/ortho2018/infrarouge/tif/1km_8cm_CC46/1848_5177_08_IR_CC46.tif;823
1848_5178_08_IR_CC46.tif;1848000;5178000;1849000;5179000;https://download.data.grandlyon.com/files/grandlyon/imagerie/ortho2018/infrarouge/GeoTiff_YcBcR/1km_8cm_CC46/1848_5178_08_IR_CC46.tif;https://download.data.grandlyon.com/files/grandlyon/imagerie/ortho2018/infrarouge/tif/1km_8cm_CC46/1848_5178_08_IR_CC46.tif;824
1848_5179_08_IR_CC46.tif;1848000;5179000;1849000;5180000;https://download.data.grandlyon.com/files/grandlyon/imagerie/ortho2018/infrarouge/GeoTiff_YcBcR/1km_8cm_CC46/1848_5179_08_IR_CC46.tif;https://download.data.grandlyon.com/files/grandlyon/imagerie/ortho2018/infrarouge/tif/1km_8cm_CC46/1848_5179_08_IR_CC46.tif;825
1848_5180_08_IR_CC46.tif;1848000;5180000;1849000;5181000;https://download.data.grandlyon.com/files/grandlyon/imagerie/ortho2018/infrarouge/GeoTiff_YcBcR/1km_8cm_CC46/1848_5180_08_IR_CC46.tif;https://download.data.grandlyon.com/files/grandlyon/imagerie/ortho2018/infrarouge/tif/1km_8cm_CC46/1848_5180_08_IR_CC46.tif;826
1848_5181_08_IR_CC46.tif;1848000;5181000;1849000;5182000;https://download.data.grandlyon.com/files/grandlyon/imagerie/ortho2018/infrarouge/GeoTiff_YcBcR/1km_8cm_CC46/1848_5181_08_IR_CC46.tif;https://download.data.grandlyon.com/files/grandlyon/imagerie/ortho2018/infrarouge/tif/1km_8cm_CC46/1848_5181_08_IR_CC46.tif;827
1848_5182_08_IR_CC46.tif;1848000;5182000;1849000;5183000;https://download.data.grandlyon.com/files/grandlyon/imagerie/ortho2018/infrarouge/GeoTiff_YcBcR/1km_8cm_CC46/1848_5182_08_IR_CC46.tif;https://download.data.grandlyon.com/files/grandlyon/imagerie/ortho2018/infrarouge/tif/1km_8cm_CC46/1848_5182_08_IR_CC46.tif;828
1848_5183_08_IR_CC46.tif;1848000;5183000;1849000;5184000;https://download.data.grandlyon.com/files/grandlyon/imagerie/ortho2018/infrarouge/GeoTiff_YcBcR/1km_8cm_CC46/1848_5183_08_IR_CC46.tif;https://download.data.grandlyon.com/files/grandlyon/imagerie/ortho2018/infrarouge/tif/1km_8cm_CC46/1848_5183_08_IR_CC46.tif;829
1848_5184_08_IR_CC46.tif;1848000;5184000;1849000;5185000;https://download.data.grandlyon.com/files/grandlyon/imagerie/ortho2018/infrarouge/GeoTiff_YcBcR/1km_8cm_CC46/1848_5184_08_IR_CC46.tif;https://download.data.grandlyon.com/files/grandlyon/imagerie/ortho2018/infrarouge/tif/1km_8cm_CC46/1848_5184_08_IR_CC46.tif;830
1848_5185_08_IR_CC46.tif;1848000;5185000;1849000;5186000;https://download.data.grandlyon.com/files/grandlyon/imagerie/ortho2018/infrarouge/GeoTiff_YcBcR/1km_8cm_CC46/1848_5185_08_IR_CC46.tif;https://download.data.grandlyon.com/files/grandlyon/imagerie/ortho2018/infrarouge/tif/1km_8cm_CC46/1848_5185_08_IR_CC46.tif;831
1848_5186_08_IR_CC46.tif;1848000;5186000;1849000;5187000;https://download.data.grandlyon.com/files/grandlyon/imagerie/ortho2018/infrarouge/GeoTiff_YcBcR/1km_8cm_CC46/1848_5186_08_IR_CC46.tif;https://download.data.grandlyon.com/files/grandlyon/imagerie/ortho2018/infrarouge/tif/1km_8cm_CC46/1848_5186_08_IR_CC46.tif;832
1848_5187_08_IR_CC46.tif;1848000;5187000;1849000;5188000;https://download.data.grandlyon.com/files/grandlyon/imagerie/ortho2018/infrarouge/GeoTiff_YcBcR/1km_8cm_CC46/1848_5187_08_IR_CC46.tif;https://download.data.grandlyon.com/files/grandlyon/imagerie/ortho2018/infrarouge/tif/1km_8cm_CC46/1848_5187_08_IR_CC46.tif;833
1848_5188_08_IR_CC46.tif;1848000;5188000;1849000;5189000;https://download.data.grandlyon.com/files/grandlyon/imagerie/ortho2018/infrarouge/GeoTiff_YcBcR/1km_8cm_CC46/1848_5188_08_IR_CC46.tif;https://download.data.grandlyon.com/files/grandlyon/imagerie/ortho2018/infrarouge/tif/1km_8cm_CC46/1848_5188_08_IR_CC46.tif;834
1849_5157_08_IR_CC46.tif;1849000;5157000;1850000;5158000;https://download.data.grandlyon.com/files/grandlyon/imagerie/ortho2018/infrarouge/GeoTiff_YcBcR/1km_8cm_CC46/1849_5157_08_IR_CC46.tif;https://download.data.grandlyon.com/files/grandlyon/imagerie/ortho2018/infrarouge/tif/1km_8cm_CC46/1849_5157_08_IR_CC46.tif;835
1849_5158_08_IR_CC46.tif;1849000;5158000;1850000;5159000;https://download.data.grandlyon.com/files/grandlyon/imagerie/ortho2018/infrarouge/GeoTiff_YcBcR/1km_8cm_CC46/1849_5158_08_IR_CC46.tif;https://download.data.grandlyon.com/files/grandlyon/imagerie/ortho2018/infrarouge/tif/1km_8cm_CC46/1849_5158_08_IR_CC46.tif;836
1849_5159_08_IR_CC46.tif;1849000;5159000;1850000;5160000;https://download.data.grandlyon.com/files/grandlyon/imagerie/ortho2018/infrarouge/GeoTiff_YcBcR/1km_8cm_CC46/1849_5159_08_IR_CC46.tif;https://download.data.grandlyon.com/files/grandlyon/imagerie/ortho2018/infrarouge/tif/1km_8cm_CC46/1849_5159_08_IR_CC46.tif;837
1849_5160_08_IR_CC46.tif;1849000;5160000;1850000;5161000;https://download.data.grandlyon.com/files/grandlyon/imagerie/ortho2018/infrarouge/GeoTiff_YcBcR/1km_8cm_CC46/1849_5160_08_IR_CC46.tif;https://download.data.grandlyon.com/files/grandlyon/imagerie/ortho2018/infrarouge/tif/1km_8cm_CC46/1849_5160_08_IR_CC46.tif;838
1849_5161_08_IR_CC46.tif;1849000;5161000;1850000;5162000;https://download.data.grandlyon.com/files/grandlyon/imagerie/ortho2018/infrarouge/GeoTiff_YcBcR/1km_8cm_CC46/1849_5161_08_IR_CC46.tif;https://download.data.grandlyon.com/files/grandlyon/imagerie/ortho2018/infrarouge/tif/1km_8cm_CC46/1849_5161_08_IR_CC46.tif;839
1849_5162_08_IR_CC46.tif;1849000;5162000;1850000;5163000;https://download.data.grandlyon.com/files/grandlyon/imagerie/ortho2018/infrarouge/GeoTiff_YcBcR/1km_8cm_CC46/1849_5162_08_IR_CC46.tif;https://download.data.grandlyon.com/files/grandlyon/imagerie/ortho2018/infrarouge/tif/1km_8cm_CC46/1849_5162_08_IR_CC46.tif;840
1849_5163_08_IR_CC46.tif;1849000;5163000;1850000;5164000;https://download.data.grandlyon.com/files/grandlyon/imagerie/ortho2018/infrarouge/GeoTiff_YcBcR/1km_8cm_CC46/1849_5163_08_IR_CC46.tif;https://download.data.grandlyon.com/files/grandlyon/imagerie/ortho2018/infrarouge/tif/1km_8cm_CC46/1849_5163_08_IR_CC46.tif;841
1849_5164_08_IR_CC46.tif;1849000;5164000;1850000;5165000;https://download.data.grandlyon.com/files/grandlyon/imagerie/ortho2018/infrarouge/GeoTiff_YcBcR/1km_8cm_CC46/1849_5164_08_IR_CC46.tif;https://download.data.grandlyon.com/files/grandlyon/imagerie/ortho2018/infrarouge/tif/1km_8cm_CC46/1849_5164_08_IR_CC46.tif;842
1849_5165_08_IR_CC46.tif;1849000;5165000;1850000;5166000;https://download.data.grandlyon.com/files/grandlyon/imagerie/ortho2018/infrarouge/GeoTiff_YcBcR/1km_8cm_CC46/1849_5165_08_IR_CC46.tif;https://download.data.grandlyon.com/files/grandlyon/imagerie/ortho2018/infrarouge/tif/1km_8cm_CC46/1849_5165_08_IR_CC46.tif;843
1849_5166_08_IR_CC46.tif;1849000;5166000;1850000;5167000;https://download.data.grandlyon.com/files/grandlyon/imagerie/ortho2018/infrarouge/GeoTiff_YcBcR/1km_8cm_CC46/1849_5166_08_IR_CC46.tif;https://download.data.grandlyon.com/files/grandlyon/imagerie/ortho2018/infrarouge/tif/1km_8cm_CC46/1849_5166_08_IR_CC46.tif;844
1849_5167_08_IR_CC46.tif;1849000;5167000;1850000;5168000;https://download.data.grandlyon.com/files/grandlyon/imagerie/ortho2018/infrarouge/GeoTiff_YcBcR/1km_8cm_CC46/1849_5167_08_IR_CC46.tif;https://download.data.grandlyon.com/files/grandlyon/imagerie/ortho2018/infrarouge/tif/1km_8cm_CC46/1849_5167_08_IR_CC46.tif;845
1849_5168_08_IR_CC46.tif;1849000;5168000;1850000;5169000;https://download.data.grandlyon.com/files/grandlyon/imagerie/ortho2018/infrarouge/GeoTiff_YcBcR/1km_8cm_CC46/1849_5168_08_IR_CC46.tif;https://download.data.grandlyon.com/files/grandlyon/imagerie/ortho2018/infrarouge/tif/1km_8cm_CC46/1849_5168_08_IR_CC46.tif;846
1849_5169_08_IR_CC46.tif;1849000;5169000;1850000;5170000;https://download.data.grandlyon.com/files/grandlyon/imagerie/ortho2018/infrarouge/GeoTiff_YcBcR/1km_8cm_CC46/1849_5169_08_IR_CC46.tif;https://download.data.grandlyon.com/files/grandlyon/imagerie/ortho2018/infrarouge/tif/1km_8cm_CC46/1849_5169_08_IR_CC46.tif;847
1849_5170_08_IR_CC46.tif;1849000;5170000;1850000;5171000;https://download.data.grandlyon.com/files/grandlyon/imagerie/ortho2018/infrarouge/GeoTiff_YcBcR/1km_8cm_CC46/1849_5170_08_IR_CC46.tif;https://download.data.grandlyon.com/files/grandlyon/imagerie/ortho2018/infrarouge/tif/1km_8cm_CC46/1849_5170_08_IR_CC46.tif;848
1849_5171_08_IR_CC46.tif;1849000;5171000;1850000;5172000;https://download.data.grandlyon.com/files/grandlyon/imagerie/ortho2018/infrarouge/GeoTiff_YcBcR/1km_8cm_CC46/1849_5171_08_IR_CC46.tif;https://download.data.grandlyon.com/files/grandlyon/imagerie/ortho2018/infrarouge/tif/1km_8cm_CC46/1849_5171_08_IR_CC46.tif;849
1849_5172_08_IR_CC46.tif;1849000;5172000;1850000;5173000;https://download.data.grandlyon.com/files/grandlyon/imagerie/ortho2018/infrarouge/GeoTiff_YcBcR/1km_8cm_CC46/1849_5172_08_IR_CC46.tif;https://download.data.grandlyon.com/files/grandlyon/imagerie/ortho2018/infrarouge/tif/1km_8cm_CC46/1849_5172_08_IR_CC46.tif;850
1849_5173_08_IR_CC46.tif;1849000;5173000;1850000;5174000;https://download.data.grandlyon.com/files/grandlyon/imagerie/ortho2018/infrarouge/GeoTiff_YcBcR/1km_8cm_CC46/1849_5173_08_IR_CC46.tif;https://download.data.grandlyon.com/files/grandlyon/imagerie/ortho2018/infrarouge/tif/1km_8cm_CC46/1849_5173_08_IR_CC46.tif;851
1849_5174_08_IR_CC46.tif;1849000;5174000;1850000;5175000;https://download.data.grandlyon.com/files/grandlyon/imagerie/ortho2018/infrarouge/GeoTiff_YcBcR/1km_8cm_CC46/1849_5174_08_IR_CC46.tif;https://download.data.grandlyon.com/files/grandlyon/imagerie/ortho2018/infrarouge/tif/1km_8cm_CC46/1849_5174_08_IR_CC46.tif;852
1849_5175_08_IR_CC46.tif;1849000;5175000;1850000;5176000;https://download.data.grandlyon.com/files/grandlyon/imagerie/ortho2018/infrarouge/GeoTiff_YcBcR/1km_8cm_CC46/1849_5175_08_IR_CC46.tif;https://download.data.grandlyon.com/files/grandlyon/imagerie/ortho2018/infrarouge/tif/1km_8cm_CC46/1849_5175_08_IR_CC46.tif;853
1849_5176_08_IR_CC46.tif;1849000;5176000;1850000;5177000;https://download.data.grandlyon.com/files/grandlyon/imagerie/ortho2018/infrarouge/GeoTiff_YcBcR/1km_8cm_CC46/1849_5176_08_IR_CC46.tif;https://download.data.grandlyon.com/files/grandlyon/imagerie/ortho2018/infrarouge/tif/1km_8cm_CC46/1849_5176_08_IR_CC46.tif;854
1849_5177_08_IR_CC46.tif;1849000;5177000;1850000;5178000;https://download.data.grandlyon.com/files/grandlyon/imagerie/ortho2018/infrarouge/GeoTiff_YcBcR/1km_8cm_CC46/1849_5177_08_IR_CC46.tif;https://download.data.grandlyon.com/files/grandlyon/imagerie/ortho2018/infrarouge/tif/1km_8cm_CC46/1849_5177_08_IR_CC46.tif;855
1849_5178_08_IR_CC46.tif;1849000;5178000;1850000;5179000;https://download.data.grandlyon.com/files/grandlyon/imagerie/ortho2018/infrarouge/GeoTiff_YcBcR/1km_8cm_CC46/1849_5178_08_IR_CC46.tif;https://download.data.grandlyon.com/files/grandlyon/imagerie/ortho2018/infrarouge/tif/1km_8cm_CC46/1849_5178_08_IR_CC46.tif;856
1849_5179_08_IR_CC46.tif;1849000;5179000;1850000;5180000;https://download.data.grandlyon.com/files/grandlyon/imagerie/ortho2018/infrarouge/GeoTiff_YcBcR/1km_8cm_CC46/1849_5179_08_IR_CC46.tif;https://download.data.grandlyon.com/files/grandlyon/imagerie/ortho2018/infrarouge/tif/1km_8cm_CC46/1849_5179_08_IR_CC46.tif;857
1849_5180_08_IR_CC46.tif;1849000;5180000;1850000;5181000;https://download.data.grandlyon.com/files/grandlyon/imagerie/ortho2018/infrarouge/GeoTiff_YcBcR/1km_8cm_CC46/1849_5180_08_IR_CC46.tif;https://download.data.grandlyon.com/files/grandlyon/imagerie/ortho2018/infrarouge/tif/1km_8cm_CC46/1849_5180_08_IR_CC46.tif;858
1849_5181_08_IR_CC46.tif;1849000;5181000;1850000;5182000;https://download.data.grandlyon.com/files/grandlyon/imagerie/ortho2018/infrarouge/GeoTiff_YcBcR/1km_8cm_CC46/1849_5181_08_IR_CC46.tif;https://download.data.grandlyon.com/files/grandlyon/imagerie/ortho2018/infrarouge/tif/1km_8cm_CC46/1849_5181_08_IR_CC46.tif;859
1849_5182_08_IR_CC46.tif;1849000;5182000;1850000;5183000;https://download.data.grandlyon.com/files/grandlyon/imagerie/ortho2018/infrarouge/GeoTiff_YcBcR/1km_8cm_CC46/1849_5182_08_IR_CC46.tif;https://download.data.grandlyon.com/files/grandlyon/imagerie/ortho2018/infrarouge/tif/1km_8cm_CC46/1849_5182_08_IR_CC46.tif;860
1849_5183_08_IR_CC46.tif;1849000;5183000;1850000;5184000;https://download.data.grandlyon.com/files/grandlyon/imagerie/ortho2018/infrarouge/GeoTiff_YcBcR/1km_8cm_CC46/1849_5183_08_IR_CC46.tif;https://download.data.grandlyon.com/files/grandlyon/imagerie/ortho2018/infrarouge/tif/1km_8cm_CC46/1849_5183_08_IR_CC46.tif;861
1849_5184_08_IR_CC46.tif;1849000;5184000;1850000;5185000;https://download.data.grandlyon.com/files/grandlyon/imagerie/ortho2018/infrarouge/GeoTiff_YcBcR/1km_8cm_CC46/1849_5184_08_IR_CC46.tif;https://download.data.grandlyon.com/files/grandlyon/imagerie/ortho2018/infrarouge/tif/1km_8cm_CC46/1849_5184_08_IR_CC46.tif;862
1849_5185_08_IR_CC46.tif;1849000;5185000;1850000;5186000;https://download.data.grandlyon.com/files/grandlyon/imagerie/ortho2018/infrarouge/GeoTiff_YcBcR/1km_8cm_CC46/1849_5185_08_IR_CC46.tif;https://download.data.grandlyon.com/files/grandlyon/imagerie/ortho2018/infrarouge/tif/1km_8cm_CC46/1849_5185_08_IR_CC46.tif;863
1849_5186_08_IR_CC46.tif;1849000;5186000;1850000;5187000;https://download.data.grandlyon.com/files/grandlyon/imagerie/ortho2018/infrarouge/GeoTiff_YcBcR/1km_8cm_CC46/1849_5186_08_IR_CC46.tif;https://download.data.grandlyon.com/files/grandlyon/imagerie/ortho2018/infrarouge/tif/1km_8cm_CC46/1849_5186_08_IR_CC46.tif;864
1849_5187_08_IR_CC46.tif;1849000;5187000;1850000;5188000;https://download.data.grandlyon.com/files/grandlyon/imagerie/ortho2018/infrarouge/GeoTiff_YcBcR/1km_8cm_CC46/1849_5187_08_IR_CC46.tif;https://download.data.grandlyon.com/files/grandlyon/imagerie/ortho2018/infrarouge/tif/1km_8cm_CC46/1849_5187_08_IR_CC46.tif;865
1849_5188_08_IR_CC46.tif;1849000;5188000;1850000;5189000;https://download.data.grandlyon.com/files/grandlyon/imagerie/ortho2018/infrarouge/GeoTiff_YcBcR/1km_8cm_CC46/1849_5188_08_IR_CC46.tif;https://download.data.grandlyon.com/files/grandlyon/imagerie/ortho2018/infrarouge/tif/1km_8cm_CC46/1849_5188_08_IR_CC46.tif;866
1850_5157_08_IR_CC46.tif;1850000;5157000;1851000;5158000;https://download.data.grandlyon.com/files/grandlyon/imagerie/ortho2018/infrarouge/GeoTiff_YcBcR/1km_8cm_CC46/1850_5157_08_IR_CC46.tif;https://download.data.grandlyon.com/files/grandlyon/imagerie/ortho2018/infrarouge/tif/1km_8cm_CC46/1850_5157_08_IR_CC46.tif;867
1850_5158_08_IR_CC46.tif;1850000;5158000;1851000;5159000;https://download.data.grandlyon.com/files/grandlyon/imagerie/ortho2018/infrarouge/GeoTiff_YcBcR/1km_8cm_CC46/1850_5158_08_IR_CC46.tif;https://download.data.grandlyon.com/files/grandlyon/imagerie/ortho2018/infrarouge/tif/1km_8cm_CC46/1850_5158_08_IR_CC46.tif;868
1850_5159_08_IR_CC46.tif;1850000;5159000;1851000;5160000;https://download.data.grandlyon.com/files/grandlyon/imagerie/ortho2018/infrarouge/GeoTiff_YcBcR/1km_8cm_CC46/1850_5159_08_IR_CC46.tif;https://download.data.grandlyon.com/files/grandlyon/imagerie/ortho2018/infrarouge/tif/1km_8cm_CC46/1850_5159_08_IR_CC46.tif;869
1850_5160_08_IR_CC46.tif;1850000;5160000;1851000;5161000;https://download.data.grandlyon.com/files/grandlyon/imagerie/ortho2018/infrarouge/GeoTiff_YcBcR/1km_8cm_CC46/1850_5160_08_IR_CC46.tif;https://download.data.grandlyon.com/files/grandlyon/imagerie/ortho2018/infrarouge/tif/1km_8cm_CC46/1850_5160_08_IR_CC46.tif;870
1850_5161_08_IR_CC46.tif;1850000;5161000;1851000;5162000;https://download.data.grandlyon.com/files/grandlyon/imagerie/ortho2018/infrarouge/GeoTiff_YcBcR/1km_8cm_CC46/1850_5161_08_IR_CC46.tif;https://download.data.grandlyon.com/files/grandlyon/imagerie/ortho2018/infrarouge/tif/1km_8cm_CC46/1850_5161_08_IR_CC46.tif;871
1850_5162_08_IR_CC46.tif;1850000;5162000;1851000;5163000;https://download.data.grandlyon.com/files/grandlyon/imagerie/ortho2018/infrarouge/GeoTiff_YcBcR/1km_8cm_CC46/1850_5162_08_IR_CC46.tif;https://download.data.grandlyon.com/files/grandlyon/imagerie/ortho2018/infrarouge/tif/1km_8cm_CC46/1850_5162_08_IR_CC46.tif;872
1850_5163_08_IR_CC46.tif;1850000;5163000;1851000;5164000;https://download.data.grandlyon.com/files/grandlyon/imagerie/ortho2018/infrarouge/GeoTiff_YcBcR/1km_8cm_CC46/1850_5163_08_IR_CC46.tif;https://download.data.grandlyon.com/files/grandlyon/imagerie/ortho2018/infrarouge/tif/1km_8cm_CC46/1850_5163_08_IR_CC46.tif;873
1850_5164_08_IR_CC46.tif;1850000;5164000;1851000;5165000;https://download.data.grandlyon.com/files/grandlyon/imagerie/ortho2018/infrarouge/GeoTiff_YcBcR/1km_8cm_CC46/1850_5164_08_IR_CC46.tif;https://download.data.grandlyon.com/files/grandlyon/imagerie/ortho2018/infrarouge/tif/1km_8cm_CC46/1850_5164_08_IR_CC46.tif;874
1850_5165_08_IR_CC46.tif;1850000;5165000;1851000;5166000;https://download.data.grandlyon.com/files/grandlyon/imagerie/ortho2018/infrarouge/GeoTiff_YcBcR/1km_8cm_CC46/1850_5165_08_IR_CC46.tif;https://download.data.grandlyon.com/files/grandlyon/imagerie/ortho2018/infrarouge/tif/1km_8cm_CC46/1850_5165_08_IR_CC46.tif;875
1850_5166_08_IR_CC46.tif;1850000;5166000;1851000;5167000;https://download.data.grandlyon.com/files/grandlyon/imagerie/ortho2018/infrarouge/GeoTiff_YcBcR/1km_8cm_CC46/1850_5166_08_IR_CC46.tif;https://download.data.grandlyon.com/files/grandlyon/imagerie/ortho2018/infrarouge/tif/1km_8cm_CC46/1850_5166_08_IR_CC46.tif;876
1850_5167_08_IR_CC46.tif;1850000;5167000;1851000;5168000;https://download.data.grandlyon.com/files/grandlyon/imagerie/ortho2018/infrarouge/GeoTiff_YcBcR/1km_8cm_CC46/1850_5167_08_IR_CC46.tif;https://download.data.grandlyon.com/files/grandlyon/imagerie/ortho2018/infrarouge/tif/1km_8cm_CC46/1850_5167_08_IR_CC46.tif;877
1850_5168_08_IR_CC46.tif;1850000;5168000;1851000;5169000;https://download.data.grandlyon.com/files/grandlyon/imagerie/ortho2018/infrarouge/GeoTiff_YcBcR/1km_8cm_CC46/1850_5168_08_IR_CC46.tif;https://download.data.grandlyon.com/files/grandlyon/imagerie/ortho2018/infrarouge/tif/1km_8cm_CC46/1850_5168_08_IR_CC46.tif;878
1850_5169_08_IR_CC46.tif;1850000;5169000;1851000;5170000;https://download.data.grandlyon.com/files/grandlyon/imagerie/ortho2018/infrarouge/GeoTiff_YcBcR/1km_8cm_CC46/1850_5169_08_IR_CC46.tif;https://download.data.grandlyon.com/files/grandlyon/imagerie/ortho2018/infrarouge/tif/1km_8cm_CC46/1850_5169_08_IR_CC46.tif;879
1850_5170_08_IR_CC46.tif;1850000;5170000;1851000;5171000;https://download.data.grandlyon.com/files/grandlyon/imagerie/ortho2018/infrarouge/GeoTiff_YcBcR/1km_8cm_CC46/1850_5170_08_IR_CC46.tif;https://download.data.grandlyon.com/files/grandlyon/imagerie/ortho2018/infrarouge/tif/1km_8cm_CC46/1850_5170_08_IR_CC46.tif;880
1850_5171_08_IR_CC46.tif;1850000;5171000;1851000;5172000;https://download.data.grandlyon.com/files/grandlyon/imagerie/ortho2018/infrarouge/GeoTiff_YcBcR/1km_8cm_CC46/1850_5171_08_IR_CC46.tif;https://download.data.grandlyon.com/files/grandlyon/imagerie/ortho2018/infrarouge/tif/1km_8cm_CC46/1850_5171_08_IR_CC46.tif;881
1850_5172_08_IR_CC46.tif;1850000;5172000;1851000;5173000;https://download.data.grandlyon.com/files/grandlyon/imagerie/ortho2018/infrarouge/GeoTiff_YcBcR/1km_8cm_CC46/1850_5172_08_IR_CC46.tif;https://download.data.grandlyon.com/files/grandlyon/imagerie/ortho2018/infrarouge/tif/1km_8cm_CC46/1850_5172_08_IR_CC46.tif;882
1850_5173_08_IR_CC46.tif;1850000;5173000;1851000;5174000;https://download.data.grandlyon.com/files/grandlyon/imagerie/ortho2018/infrarouge/GeoTiff_YcBcR/1km_8cm_CC46/1850_5173_08_IR_CC46.tif;https://download.data.grandlyon.com/files/grandlyon/imagerie/ortho2018/infrarouge/tif/1km_8cm_CC46/1850_5173_08_IR_CC46.tif;883
1850_5174_08_IR_CC46.tif;1850000;5174000;1851000;5175000;https://download.data.grandlyon.com/files/grandlyon/imagerie/ortho2018/infrarouge/GeoTiff_YcBcR/1km_8cm_CC46/1850_5174_08_IR_CC46.tif;https://download.data.grandlyon.com/files/grandlyon/imagerie/ortho2018/infrarouge/tif/1km_8cm_CC46/1850_5174_08_IR_CC46.tif;884
1850_5175_08_IR_CC46.tif;1850000;5175000;1851000;5176000;https://download.data.grandlyon.com/files/grandlyon/imagerie/ortho2018/infrarouge/GeoTiff_YcBcR/1km_8cm_CC46/1850_5175_08_IR_CC46.tif;https://download.data.grandlyon.com/files/grandlyon/imagerie/ortho2018/infrarouge/tif/1km_8cm_CC46/1850_5175_08_IR_CC46.tif;885
1850_5176_08_IR_CC46.tif;1850000;5176000;1851000;5177000;https://download.data.grandlyon.com/files/grandlyon/imagerie/ortho2018/infrarouge/GeoTiff_YcBcR/1km_8cm_CC46/1850_5176_08_IR_CC46.tif;https://download.data.grandlyon.com/files/grandlyon/imagerie/ortho2018/infrarouge/tif/1km_8cm_CC46/1850_5176_08_IR_CC46.tif;886
1850_5177_08_IR_CC46.tif;1850000;5177000;1851000;5178000;https://download.data.grandlyon.com/files/grandlyon/imagerie/ortho2018/infrarouge/GeoTiff_YcBcR/1km_8cm_CC46/1850_5177_08_IR_CC46.tif;https://download.data.grandlyon.com/files/grandlyon/imagerie/ortho2018/infrarouge/tif/1km_8cm_CC46/1850_5177_08_IR_CC46.tif;887
1850_5178_08_IR_CC46.tif;1850000;5178000;1851000;5179000;https://download.data.grandlyon.com/files/grandlyon/imagerie/ortho2018/infrarouge/GeoTiff_YcBcR/1km_8cm_CC46/1850_5178_08_IR_CC46.tif;https://download.data.grandlyon.com/files/grandlyon/imagerie/ortho2018/infrarouge/tif/1km_8cm_CC46/1850_5178_08_IR_CC46.tif;888
1850_5179_08_IR_CC46.tif;1850000;5179000;1851000;5180000;https://download.data.grandlyon.com/files/grandlyon/imagerie/ortho2018/infrarouge/GeoTiff_YcBcR/1km_8cm_CC46/1850_5179_08_IR_CC46.tif;https://download.data.grandlyon.com/files/grandlyon/imagerie/ortho2018/infrarouge/tif/1km_8cm_CC46/1850_5179_08_IR_CC46.tif;889
1850_5180_08_IR_CC46.tif;1850000;5180000;1851000;5181000;https://download.data.grandlyon.com/files/grandlyon/imagerie/ortho2018/infrarouge/GeoTiff_YcBcR/1km_8cm_CC46/1850_5180_08_IR_CC46.tif;https://download.data.grandlyon.com/files/grandlyon/imagerie/ortho2018/infrarouge/tif/1km_8cm_CC46/1850_5180_08_IR_CC46.tif;890
1850_5181_08_IR_CC46.tif;1850000;5181000;1851000;5182000;https://download.data.grandlyon.com/files/grandlyon/imagerie/ortho2018/infrarouge/GeoTiff_YcBcR/1km_8cm_CC46/1850_5181_08_IR_CC46.tif;https://download.data.grandlyon.com/files/grandlyon/imagerie/ortho2018/infrarouge/tif/1km_8cm_CC46/1850_5181_08_IR_CC46.tif;891
1850_5182_08_IR_CC46.tif;1850000;5182000;1851000;5183000;https://download.data.grandlyon.com/files/grandlyon/imagerie/ortho2018/infrarouge/GeoTiff_YcBcR/1km_8cm_CC46/1850_5182_08_IR_CC46.tif;https://download.data.grandlyon.com/files/grandlyon/imagerie/ortho2018/infrarouge/tif/1km_8cm_CC46/1850_5182_08_IR_CC46.tif;892
1850_5183_08_IR_CC46.tif;1850000;5183000;1851000;5184000;https://download.data.grandlyon.com/files/grandlyon/imagerie/ortho2018/infrarouge/GeoTiff_YcBcR/1km_8cm_CC46/1850_5183_08_IR_CC46.tif;https://download.data.grandlyon.com/files/grandlyon/imagerie/ortho2018/infrarouge/tif/1km_8cm_CC46/1850_5183_08_IR_CC46.tif;893
1850_5184_08_IR_CC46.tif;1850000;5184000;1851000;5185000;https://download.data.grandlyon.com/files/grandlyon/imagerie/ortho2018/infrarouge/GeoTiff_YcBcR/1km_8cm_CC46/1850_5184_08_IR_CC46.tif;https://download.data.grandlyon.com/files/grandlyon/imagerie/ortho2018/infrarouge/tif/1km_8cm_CC46/1850_5184_08_IR_CC46.tif;894
1850_5185_08_IR_CC46.tif;1850000;5185000;1851000;5186000;https://download.data.grandlyon.com/files/grandlyon/imagerie/ortho2018/infrarouge/GeoTiff_YcBcR/1km_8cm_CC46/1850_5185_08_IR_CC46.tif;https://download.data.grandlyon.com/files/grandlyon/imagerie/ortho2018/infrarouge/tif/1km_8cm_CC46/1850_5185_08_IR_CC46.tif;895
1850_5186_08_IR_CC46.tif;1850000;5186000;1851000;5187000;https://download.data.grandlyon.com/files/grandlyon/imagerie/ortho2018/infrarouge/GeoTiff_YcBcR/1km_8cm_CC46/1850_5186_08_IR_CC46.tif;https://download.data.grandlyon.com/files/grandlyon/imagerie/ortho2018/infrarouge/tif/1km_8cm_CC46/1850_5186_08_IR_CC46.tif;896
1850_5187_08_IR_CC46.tif;1850000;5187000;1851000;5188000;https://download.data.grandlyon.com/files/grandlyon/imagerie/ortho2018/infrarouge/GeoTiff_YcBcR/1km_8cm_CC46/1850_5187_08_IR_CC46.tif;https://download.data.grandlyon.com/files/grandlyon/imagerie/ortho2018/infrarouge/tif/1km_8cm_CC46/1850_5187_08_IR_CC46.tif;897
1850_5188_08_IR_CC46.tif;1850000;5188000;1851000;5189000;https://download.data.grandlyon.com/files/grandlyon/imagerie/ortho2018/infrarouge/GeoTiff_YcBcR/1km_8cm_CC46/1850_5188_08_IR_CC46.tif;https://download.data.grandlyon.com/files/grandlyon/imagerie/ortho2018/infrarouge/tif/1km_8cm_CC46/1850_5188_08_IR_CC46.tif;898
1851_5157_08_IR_CC46.tif;1851000;5157000;1852000;5158000;https://download.data.grandlyon.com/files/grandlyon/imagerie/ortho2018/infrarouge/GeoTiff_YcBcR/1km_8cm_CC46/1851_5157_08_IR_CC46.tif;https://download.data.grandlyon.com/files/grandlyon/imagerie/ortho2018/infrarouge/tif/1km_8cm_CC46/1851_5157_08_IR_CC46.tif;899
1851_5158_08_IR_CC46.tif;1851000;5158000;1852000;5159000;https://download.data.grandlyon.com/files/grandlyon/imagerie/ortho2018/infrarouge/GeoTiff_YcBcR/1km_8cm_CC46/1851_5158_08_IR_CC46.tif;https://download.data.grandlyon.com/files/grandlyon/imagerie/ortho2018/infrarouge/tif/1km_8cm_CC46/1851_5158_08_IR_CC46.tif;900
1851_5159_08_IR_CC46.tif;1851000;5159000;1852000;5160000;https://download.data.grandlyon.com/files/grandlyon/imagerie/ortho2018/infrarouge/GeoTiff_YcBcR/1km_8cm_CC46/1851_5159_08_IR_CC46.tif;https://download.data.grandlyon.com/files/grandlyon/imagerie/ortho2018/infrarouge/tif/1km_8cm_CC46/1851_5159_08_IR_CC46.tif;901
1851_5160_08_IR_CC46.tif;1851000;5160000;1852000;5161000;https://download.data.grandlyon.com/files/grandlyon/imagerie/ortho2018/infrarouge/GeoTiff_YcBcR/1km_8cm_CC46/1851_5160_08_IR_CC46.tif;https://download.data.grandlyon.com/files/grandlyon/imagerie/ortho2018/infrarouge/tif/1km_8cm_CC46/1851_5160_08_IR_CC46.tif;902
1851_5161_08_IR_CC46.tif;1851000;5161000;1852000;5162000;https://download.data.grandlyon.com/files/grandlyon/imagerie/ortho2018/infrarouge/GeoTiff_YcBcR/1km_8cm_CC46/1851_5161_08_IR_CC46.tif;https://download.data.grandlyon.com/files/grandlyon/imagerie/ortho2018/infrarouge/tif/1km_8cm_CC46/1851_5161_08_IR_CC46.tif;903
1851_5162_08_IR_CC46.tif;1851000;5162000;1852000;5163000;https://download.data.grandlyon.com/files/grandlyon/imagerie/ortho2018/infrarouge/GeoTiff_YcBcR/1km_8cm_CC46/1851_5162_08_IR_CC46.tif;https://download.data.grandlyon.com/files/grandlyon/imagerie/ortho2018/infrarouge/tif/1km_8cm_CC46/1851_5162_08_IR_CC46.tif;904
1851_5163_08_IR_CC46.tif;1851000;5163000;1852000;5164000;https://download.data.grandlyon.com/files/grandlyon/imagerie/ortho2018/infrarouge/GeoTiff_YcBcR/1km_8cm_CC46/1851_5163_08_IR_CC46.tif;https://download.data.grandlyon.com/files/grandlyon/imagerie/ortho2018/infrarouge/tif/1km_8cm_CC46/1851_5163_08_IR_CC46.tif;905
1851_5164_08_IR_CC46.tif;1851000;5164000;1852000;5165000;https://download.data.grandlyon.com/files/grandlyon/imagerie/ortho2018/infrarouge/GeoTiff_YcBcR/1km_8cm_CC46/1851_5164_08_IR_CC46.tif;https://download.data.grandlyon.com/files/grandlyon/imagerie/ortho2018/infrarouge/tif/1km_8cm_CC46/1851_5164_08_IR_CC46.tif;906
1851_5165_08_IR_CC46.tif;1851000;5165000;1852000;5166000;https://download.data.grandlyon.com/files/grandlyon/imagerie/ortho2018/infrarouge/GeoTiff_YcBcR/1km_8cm_CC46/1851_5165_08_IR_CC46.tif;https://download.data.grandlyon.com/files/grandlyon/imagerie/ortho2018/infrarouge/tif/1km_8cm_CC46/1851_5165_08_IR_CC46.tif;907
1851_5166_08_IR_CC46.tif;1851000;5166000;1852000;5167000;https://download.data.grandlyon.com/files/grandlyon/imagerie/ortho2018/infrarouge/GeoTiff_YcBcR/1km_8cm_CC46/1851_5166_08_IR_CC46.tif;https://download.data.grandlyon.com/files/grandlyon/imagerie/ortho2018/infrarouge/tif/1km_8cm_CC46/1851_5166_08_IR_CC46.tif;908
1851_5167_08_IR_CC46.tif;1851000;5167000;1852000;5168000;https://download.data.grandlyon.com/files/grandlyon/imagerie/ortho2018/infrarouge/GeoTiff_YcBcR/1km_8cm_CC46/1851_5167_08_IR_CC46.tif;https://download.data.grandlyon.com/files/grandlyon/imagerie/ortho2018/infrarouge/tif/1km_8cm_CC46/1851_5167_08_IR_CC46.tif;909
1851_5168_08_IR_CC46.tif;1851000;5168000;1852000;5169000;https://download.data.grandlyon.com/files/grandlyon/imagerie/ortho2018/infrarouge/GeoTiff_YcBcR/1km_8cm_CC46/1851_5168_08_IR_CC46.tif;https://download.data.grandlyon.com/files/grandlyon/imagerie/ortho2018/infrarouge/tif/1km_8cm_CC46/1851_5168_08_IR_CC46.tif;910
1851_5169_08_IR_CC46.tif;1851000;5169000;1852000;5170000;https://download.data.grandlyon.com/files/grandlyon/imagerie/ortho2018/infrarouge/GeoTiff_YcBcR/1km_8cm_CC46/1851_5169_08_IR_CC46.tif;https://download.data.grandlyon.com/files/grandlyon/imagerie/ortho2018/infrarouge/tif/1km_8cm_CC46/1851_5169_08_IR_CC46.tif;911
1851_5170_08_IR_CC46.tif;1851000;5170000;1852000;5171000;https://download.data.grandlyon.com/files/grandlyon/imagerie/ortho2018/infrarouge/GeoTiff_YcBcR/1km_8cm_CC46/1851_5170_08_IR_CC46.tif;https://download.data.grandlyon.com/files/grandlyon/imagerie/ortho2018/infrarouge/tif/1km_8cm_CC46/1851_5170_08_IR_CC46.tif;912
1851_5171_08_IR_CC46.tif;1851000;5171000;1852000;5172000;https://download.data.grandlyon.com/files/grandlyon/imagerie/ortho2018/infrarouge/GeoTiff_YcBcR/1km_8cm_CC46/1851_5171_08_IR_CC46.tif;https://download.data.grandlyon.com/files/grandlyon/imagerie/ortho2018/infrarouge/tif/1km_8cm_CC46/1851_5171_08_IR_CC46.tif;913
1851_5172_08_IR_CC46.tif;1851000;5172000;1852000;5173000;https://download.data.grandlyon.com/files/grandlyon/imagerie/ortho2018/infrarouge/GeoTiff_YcBcR/1km_8cm_CC46/1851_5172_08_IR_CC46.tif;https://download.data.grandlyon.com/files/grandlyon/imagerie/ortho2018/infrarouge/tif/1km_8cm_CC46/1851_5172_08_IR_CC46.tif;914
1851_5173_08_IR_CC46.tif;1851000;5173000;1852000;5174000;https://download.data.grandlyon.com/files/grandlyon/imagerie/ortho2018/infrarouge/GeoTiff_YcBcR/1km_8cm_CC46/1851_5173_08_IR_CC46.tif;https://download.data.grandlyon.com/files/grandlyon/imagerie/ortho2018/infrarouge/tif/1km_8cm_CC46/1851_5173_08_IR_CC46.tif;915
1851_5174_08_IR_CC46.tif;1851000;5174000;1852000;5175000;https://download.data.grandlyon.com/files/grandlyon/imagerie/ortho2018/infrarouge/GeoTiff_YcBcR/1km_8cm_CC46/1851_5174_08_IR_CC46.tif;https://download.data.grandlyon.com/files/grandlyon/imagerie/ortho2018/infrarouge/tif/1km_8cm_CC46/1851_5174_08_IR_CC46.tif;916
1851_5175_08_IR_CC46.tif;1851000;5175000;1852000;5176000;https://download.data.grandlyon.com/files/grandlyon/imagerie/ortho2018/infrarouge/GeoTiff_YcBcR/1km_8cm_CC46/1851_5175_08_IR_CC46.tif;https://download.data.grandlyon.com/files/grandlyon/imagerie/ortho2018/infrarouge/tif/1km_8cm_CC46/1851_5175_08_IR_CC46.tif;917
1851_5176_08_IR_CC46.tif;1851000;5176000;1852000;5177000;https://download.data.grandlyon.com/files/grandlyon/imagerie/ortho2018/infrarouge/GeoTiff_YcBcR/1km_8cm_CC46/1851_5176_08_IR_CC46.tif;https://download.data.grandlyon.com/files/grandlyon/imagerie/ortho2018/infrarouge/tif/1km_8cm_CC46/1851_5176_08_IR_CC46.tif;918
1851_5177_08_IR_CC46.tif;1851000;5177000;1852000;5178000;https://download.data.grandlyon.com/files/grandlyon/imagerie/ortho2018/infrarouge/GeoTiff_YcBcR/1km_8cm_CC46/1851_5177_08_IR_CC46.tif;https://download.data.grandlyon.com/files/grandlyon/imagerie/ortho2018/infrarouge/tif/1km_8cm_CC46/1851_5177_08_IR_CC46.tif;919
1851_5178_08_IR_CC46.tif;1851000;5178000;1852000;5179000;https://download.data.grandlyon.com/files/grandlyon/imagerie/ortho2018/infrarouge/GeoTiff_YcBcR/1km_8cm_CC46/1851_5178_08_IR_CC46.tif;https://download.data.grandlyon.com/files/grandlyon/imagerie/ortho2018/infrarouge/tif/1km_8cm_CC46/1851_5178_08_IR_CC46.tif;920
1851_5179_08_IR_CC46.tif;1851000;5179000;1852000;5180000;https://download.data.grandlyon.com/files/grandlyon/imagerie/ortho2018/infrarouge/GeoTiff_YcBcR/1km_8cm_CC46/1851_5179_08_IR_CC46.tif;https://download.data.grandlyon.com/files/grandlyon/imagerie/ortho2018/infrarouge/tif/1km_8cm_CC46/1851_5179_08_IR_CC46.tif;921
1851_5180_08_IR_CC46.tif;1851000;5180000;1852000;5181000;https://download.data.grandlyon.com/files/grandlyon/imagerie/ortho2018/infrarouge/GeoTiff_YcBcR/1km_8cm_CC46/1851_5180_08_IR_CC46.tif;https://download.data.grandlyon.com/files/grandlyon/imagerie/ortho2018/infrarouge/tif/1km_8cm_CC46/1851_5180_08_IR_CC46.tif;922
1851_5181_08_IR_CC46.tif;1851000;5181000;1852000;5182000;https://download.data.grandlyon.com/files/grandlyon/imagerie/ortho2018/infrarouge/GeoTiff_YcBcR/1km_8cm_CC46/1851_5181_08_IR_CC46.tif;https://download.data.grandlyon.com/files/grandlyon/imagerie/ortho2018/infrarouge/tif/1km_8cm_CC46/1851_5181_08_IR_CC46.tif;923
1851_5182_08_IR_CC46.tif;1851000;5182000;1852000;5183000;https://download.data.grandlyon.com/files/grandlyon/imagerie/ortho2018/infrarouge/GeoTiff_YcBcR/1km_8cm_CC46/1851_5182_08_IR_CC46.tif;https://download.data.grandlyon.com/files/grandlyon/imagerie/ortho2018/infrarouge/tif/1km_8cm_CC46/1851_5182_08_IR_CC46.tif;924
1851_5183_08_IR_CC46.tif;1851000;5183000;1852000;5184000;https://download.data.grandlyon.com/files/grandlyon/imagerie/ortho2018/infrarouge/GeoTiff_YcBcR/1km_8cm_CC46/1851_5183_08_IR_CC46.tif;https://download.data.grandlyon.com/files/grandlyon/imagerie/ortho2018/infrarouge/tif/1km_8cm_CC46/1851_5183_08_IR_CC46.tif;925
1851_5184_08_IR_CC46.tif;1851000;5184000;1852000;5185000;https://download.data.grandlyon.com/files/grandlyon/imagerie/ortho2018/infrarouge/GeoTiff_YcBcR/1km_8cm_CC46/1851_5184_08_IR_CC46.tif;https://download.data.grandlyon.com/files/grandlyon/imagerie/ortho2018/infrarouge/tif/1km_8cm_CC46/1851_5184_08_IR_CC46.tif;926
1851_5185_08_IR_CC46.tif;1851000;5185000;1852000;5186000;https://download.data.grandlyon.com/files/grandlyon/imagerie/ortho2018/infrarouge/GeoTiff_YcBcR/1km_8cm_CC46/1851_5185_08_IR_CC46.tif;https://download.data.grandlyon.com/files/grandlyon/imagerie/ortho2018/infrarouge/tif/1km_8cm_CC46/1851_5185_08_IR_CC46.tif;927
1851_5186_08_IR_CC46.tif;1851000;5186000;1852000;5187000;https://download.data.grandlyon.com/files/grandlyon/imagerie/ortho2018/infrarouge/GeoTiff_YcBcR/1km_8cm_CC46/1851_5186_08_IR_CC46.tif;https://download.data.grandlyon.com/files/grandlyon/imagerie/ortho2018/infrarouge/tif/1km_8cm_CC46/1851_5186_08_IR_CC46.tif;928
1851_5187_08_IR_CC46.tif;1851000;5187000;1852000;5188000;https://download.data.grandlyon.com/files/grandlyon/imagerie/ortho2018/infrarouge/GeoTiff_YcBcR/1km_8cm_CC46/1851_5187_08_IR_CC46.tif;https://download.data.grandlyon.com/files/grandlyon/imagerie/ortho2018/infrarouge/tif/1km_8cm_CC46/1851_5187_08_IR_CC46.tif;929
1851_5188_08_IR_CC46.tif;1851000;5188000;1852000;5189000;https://download.data.grandlyon.com/files/grandlyon/imagerie/ortho2018/infrarouge/GeoTiff_YcBcR/1km_8cm_CC46/1851_5188_08_IR_CC46.tif;https://download.data.grandlyon.com/files/grandlyon/imagerie/ortho2018/infrarouge/tif/1km_8cm_CC46/1851_5188_08_IR_CC46.tif;930
1852_5157_08_IR_CC46.tif;1852000;5157000;1853000;5158000;https://download.data.grandlyon.com/files/grandlyon/imagerie/ortho2018/infrarouge/GeoTiff_YcBcR/1km_8cm_CC46/1852_5157_08_IR_CC46.tif;https://download.data.grandlyon.com/files/grandlyon/imagerie/ortho2018/infrarouge/tif/1km_8cm_CC46/1852_5157_08_IR_CC46.tif;931
1852_5158_08_IR_CC46.tif;1852000;5158000;1853000;5159000;https://download.data.grandlyon.com/files/grandlyon/imagerie/ortho2018/infrarouge/GeoTiff_YcBcR/1km_8cm_CC46/1852_5158_08_IR_CC46.tif;https://download.data.grandlyon.com/files/grandlyon/imagerie/ortho2018/infrarouge/tif/1km_8cm_CC46/1852_5158_08_IR_CC46.tif;932
1852_5159_08_IR_CC46.tif;1852000;5159000;1853000;5160000;https://download.data.grandlyon.com/files/grandlyon/imagerie/ortho2018/infrarouge/GeoTiff_YcBcR/1km_8cm_CC46/1852_5159_08_IR_CC46.tif;https://download.data.grandlyon.com/files/grandlyon/imagerie/ortho2018/infrarouge/tif/1km_8cm_CC46/1852_5159_08_IR_CC46.tif;933
1852_5160_08_IR_CC46.tif;1852000;5160000;1853000;5161000;https://download.data.grandlyon.com/files/grandlyon/imagerie/ortho2018/infrarouge/GeoTiff_YcBcR/1km_8cm_CC46/1852_5160_08_IR_CC46.tif;https://download.data.grandlyon.com/files/grandlyon/imagerie/ortho2018/infrarouge/tif/1km_8cm_CC46/1852_5160_08_IR_CC46.tif;934
1852_5161_08_IR_CC46.tif;1852000;5161000;1853000;5162000;https://download.data.grandlyon.com/files/grandlyon/imagerie/ortho2018/infrarouge/GeoTiff_YcBcR/1km_8cm_CC46/1852_5161_08_IR_CC46.tif;https://download.data.grandlyon.com/files/grandlyon/imagerie/ortho2018/infrarouge/tif/1km_8cm_CC46/1852_5161_08_IR_CC46.tif;935
1852_5162_08_IR_CC46.tif;1852000;5162000;1853000;5163000;https://download.data.grandlyon.com/files/grandlyon/imagerie/ortho2018/infrarouge/GeoTiff_YcBcR/1km_8cm_CC46/1852_5162_08_IR_CC46.tif;https://download.data.grandlyon.com/files/grandlyon/imagerie/ortho2018/infrarouge/tif/1km_8cm_CC46/1852_5162_08_IR_CC46.tif;936
1852_5163_08_IR_CC46.tif;1852000;5163000;1853000;5164000;https://download.data.grandlyon.com/files/grandlyon/imagerie/ortho2018/infrarouge/GeoTiff_YcBcR/1km_8cm_CC46/1852_5163_08_IR_CC46.tif;https://download.data.grandlyon.com/files/grandlyon/imagerie/ortho2018/infrarouge/tif/1km_8cm_CC46/1852_5163_08_IR_CC46.tif;937
1852_5164_08_IR_CC46.tif;1852000;5164000;1853000;5165000;https://download.data.grandlyon.com/files/grandlyon/imagerie/ortho2018/infrarouge/GeoTiff_YcBcR/1km_8cm_CC46/1852_5164_08_IR_CC46.tif;https://download.data.grandlyon.com/files/grandlyon/imagerie/ortho2018/infrarouge/tif/1km_8cm_CC46/1852_5164_08_IR_CC46.tif;938
1852_5165_08_IR_CC46.tif;1852000;5165000;1853000;5166000;https://download.data.grandlyon.com/files/grandlyon/imagerie/ortho2018/infrarouge/GeoTiff_YcBcR/1km_8cm_CC46/1852_5165_08_IR_CC46.tif;https://download.data.grandlyon.com/files/grandlyon/imagerie/ortho2018/infrarouge/tif/1km_8cm_CC46/1852_5165_08_IR_CC46.tif;939
1852_5166_08_IR_CC46.tif;1852000;5166000;1853000;5167000;https://download.data.grandlyon.com/files/grandlyon/imagerie/ortho2018/infrarouge/GeoTiff_YcBcR/1km_8cm_CC46/1852_5166_08_IR_CC46.tif;https://download.data.grandlyon.com/files/grandlyon/imagerie/ortho2018/infrarouge/tif/1km_8cm_CC46/1852_5166_08_IR_CC46.tif;940
1852_5167_08_IR_CC46.tif;1852000;5167000;1853000;5168000;https://download.data.grandlyon.com/files/grandlyon/imagerie/ortho2018/infrarouge/GeoTiff_YcBcR/1km_8cm_CC46/1852_5167_08_IR_CC46.tif;https://download.data.grandlyon.com/files/grandlyon/imagerie/ortho2018/infrarouge/tif/1km_8cm_CC46/1852_5167_08_IR_CC46.tif;941
1852_5168_08_IR_CC46.tif;1852000;5168000;1853000;5169000;https://download.data.grandlyon.com/files/grandlyon/imagerie/ortho2018/infrarouge/GeoTiff_YcBcR/1km_8cm_CC46/1852_5168_08_IR_CC46.tif;https://download.data.grandlyon.com/files/grandlyon/imagerie/ortho2018/infrarouge/tif/1km_8cm_CC46/1852_5168_08_IR_CC46.tif;942
1852_5169_08_IR_CC46.tif;1852000;5169000;1853000;5170000;https://download.data.grandlyon.com/files/grandlyon/imagerie/ortho2018/infrarouge/GeoTiff_YcBcR/1km_8cm_CC46/1852_5169_08_IR_CC46.tif;https://download.data.grandlyon.com/files/grandlyon/imagerie/ortho2018/infrarouge/tif/1km_8cm_CC46/1852_5169_08_IR_CC46.tif;943
1852_5170_08_IR_CC46.tif;1852000;5170000;1853000;5171000;https://download.data.grandlyon.com/files/grandlyon/imagerie/ortho2018/infrarouge/GeoTiff_YcBcR/1km_8cm_CC46/1852_5170_08_IR_CC46.tif;https://download.data.grandlyon.com/files/grandlyon/imagerie/ortho2018/infrarouge/tif/1km_8cm_CC46/1852_5170_08_IR_CC46.tif;944
1852_5171_08_IR_CC46.tif;1852000;5171000;1853000;5172000;https://download.data.grandlyon.com/files/grandlyon/imagerie/ortho2018/infrarouge/GeoTiff_YcBcR/1km_8cm_CC46/1852_5171_08_IR_CC46.tif;https://download.data.grandlyon.com/files/grandlyon/imagerie/ortho2018/infrarouge/tif/1km_8cm_CC46/1852_5171_08_IR_CC46.tif;945
1852_5172_08_IR_CC46.tif;1852000;5172000;1853000;5173000;https://download.data.grandlyon.com/files/grandlyon/imagerie/ortho2018/infrarouge/GeoTiff_YcBcR/1km_8cm_CC46/1852_5172_08_IR_CC46.tif;https://download.data.grandlyon.com/files/grandlyon/imagerie/ortho2018/infrarouge/tif/1km_8cm_CC46/1852_5172_08_IR_CC46.tif;946
1852_5173_08_IR_CC46.tif;1852000;5173000;1853000;5174000;https://download.data.grandlyon.com/files/grandlyon/imagerie/ortho2018/infrarouge/GeoTiff_YcBcR/1km_8cm_CC46/1852_5173_08_IR_CC46.tif;https://download.data.grandlyon.com/files/grandlyon/imagerie/ortho2018/infrarouge/tif/1km_8cm_CC46/1852_5173_08_IR_CC46.tif;947
1852_5174_08_IR_CC46.tif;1852000;5174000;1853000;5175000;https://download.data.grandlyon.com/files/grandlyon/imagerie/ortho2018/infrarouge/GeoTiff_YcBcR/1km_8cm_CC46/1852_5174_08_IR_CC46.tif;https://download.data.grandlyon.com/files/grandlyon/imagerie/ortho2018/infrarouge/tif/1km_8cm_CC46/1852_5174_08_IR_CC46.tif;948
1852_5175_08_IR_CC46.tif;1852000;5175000;1853000;5176000;https://download.data.grandlyon.com/files/grandlyon/imagerie/ortho2018/infrarouge/GeoTiff_YcBcR/1km_8cm_CC46/1852_5175_08_IR_CC46.tif;https://download.data.grandlyon.com/files/grandlyon/imagerie/ortho2018/infrarouge/tif/1km_8cm_CC46/1852_5175_08_IR_CC46.tif;949
1852_5176_08_IR_CC46.tif;1852000;5176000;1853000;5177000;https://download.data.grandlyon.com/files/grandlyon/imagerie/ortho2018/infrarouge/GeoTiff_YcBcR/1km_8cm_CC46/1852_5176_08_IR_CC46.tif;https://download.data.grandlyon.com/files/grandlyon/imagerie/ortho2018/infrarouge/tif/1km_8cm_CC46/1852_5176_08_IR_CC46.tif;950
1852_5177_08_IR_CC46.tif;1852000;5177000;1853000;5178000;https://download.data.grandlyon.com/files/grandlyon/imagerie/ortho2018/infrarouge/GeoTiff_YcBcR/1km_8cm_CC46/1852_5177_08_IR_CC46.tif;https://download.data.grandlyon.com/files/grandlyon/imagerie/ortho2018/infrarouge/tif/1km_8cm_CC46/1852_5177_08_IR_CC46.tif;951
1852_5178_08_IR_CC46.tif;1852000;5178000;1853000;5179000;https://download.data.grandlyon.com/files/grandlyon/imagerie/ortho2018/infrarouge/GeoTiff_YcBcR/1km_8cm_CC46/1852_5178_08_IR_CC46.tif;https://download.data.grandlyon.com/files/grandlyon/imagerie/ortho2018/infrarouge/tif/1km_8cm_CC46/1852_5178_08_IR_CC46.tif;952
1852_5179_08_IR_CC46.tif;1852000;5179000;1853000;5180000;https://download.data.grandlyon.com/files/grandlyon/imagerie/ortho2018/infrarouge/GeoTiff_YcBcR/1km_8cm_CC46/1852_5179_08_IR_CC46.tif;https://download.data.grandlyon.com/files/grandlyon/imagerie/ortho2018/infrarouge/tif/1km_8cm_CC46/1852_5179_08_IR_CC46.tif;953
1852_5180_08_IR_CC46.tif;1852000;5180000;1853000;5181000;https://download.data.grandlyon.com/files/grandlyon/imagerie/ortho2018/infrarouge/GeoTiff_YcBcR/1km_8cm_CC46/1852_5180_08_IR_CC46.tif;https://download.data.grandlyon.com/files/grandlyon/imagerie/ortho2018/infrarouge/tif/1km_8cm_CC46/1852_5180_08_IR_CC46.tif;954
1852_5181_08_IR_CC46.tif;1852000;5181000;1853000;5182000;https://download.data.grandlyon.com/files/grandlyon/imagerie/ortho2018/infrarouge/GeoTiff_YcBcR/1km_8cm_CC46/1852_5181_08_IR_CC46.tif;https://download.data.grandlyon.com/files/grandlyon/imagerie/ortho2018/infrarouge/tif/1km_8cm_CC46/1852_5181_08_IR_CC46.tif;955
1852_5182_08_IR_CC46.tif;1852000;5182000;1853000;5183000;https://download.data.grandlyon.com/files/grandlyon/imagerie/ortho2018/infrarouge/GeoTiff_YcBcR/1km_8cm_CC46/1852_5182_08_IR_CC46.tif;https://download.data.grandlyon.com/files/grandlyon/imagerie/ortho2018/infrarouge/tif/1km_8cm_CC46/1852_5182_08_IR_CC46.tif;956
1852_5183_08_IR_CC46.tif;1852000;5183000;1853000;5184000;https://download.data.grandlyon.com/files/grandlyon/imagerie/ortho2018/infrarouge/GeoTiff_YcBcR/1km_8cm_CC46/1852_5183_08_IR_CC46.tif;https://download.data.grandlyon.com/files/grandlyon/imagerie/ortho2018/infrarouge/tif/1km_8cm_CC46/1852_5183_08_IR_CC46.tif;957
1852_5184_08_IR_CC46.tif;1852000;5184000;1853000;5185000;https://download.data.grandlyon.com/files/grandlyon/imagerie/ortho2018/infrarouge/GeoTiff_YcBcR/1km_8cm_CC46/1852_5184_08_IR_CC46.tif;https://download.data.grandlyon.com/files/grandlyon/imagerie/ortho2018/infrarouge/tif/1km_8cm_CC46/1852_5184_08_IR_CC46.tif;958
1852_5185_08_IR_CC46.tif;1852000;5185000;1853000;5186000;https://download.data.grandlyon.com/files/grandlyon/imagerie/ortho2018/infrarouge/GeoTiff_YcBcR/1km_8cm_CC46/1852_5185_08_IR_CC46.tif;https://download.data.grandlyon.com/files/grandlyon/imagerie/ortho2018/infrarouge/tif/1km_8cm_CC46/1852_5185_08_IR_CC46.tif;959
1852_5186_08_IR_CC46.tif;1852000;5186000;1853000;5187000;https://download.data.grandlyon.com/files/grandlyon/imagerie/ortho2018/infrarouge/GeoTiff_YcBcR/1km_8cm_CC46/1852_5186_08_IR_CC46.tif;https://download.data.grandlyon.com/files/grandlyon/imagerie/ortho2018/infrarouge/tif/1km_8cm_CC46/1852_5186_08_IR_CC46.tif;960
1852_5187_08_IR_CC46.tif;1852000;5187000;1853000;5188000;https://download.data.grandlyon.com/files/grandlyon/imagerie/ortho2018/infrarouge/GeoTiff_YcBcR/1km_8cm_CC46/1852_5187_08_IR_CC46.tif;https://download.data.grandlyon.com/files/grandlyon/imagerie/ortho2018/infrarouge/tif/1km_8cm_CC46/1852_5187_08_IR_CC46.tif;961
1852_5188_08_IR_CC46.tif;1852000;5188000;1853000;5189000;https://download.data.grandlyon.com/files/grandlyon/imagerie/ortho2018/infrarouge/GeoTiff_YcBcR/1km_8cm_CC46/1852_5188_08_IR_CC46.tif;https://download.data.grandlyon.com/files/grandlyon/imagerie/ortho2018/infrarouge/tif/1km_8cm_CC46/1852_5188_08_IR_CC46.tif;962
1853_5157_08_IR_CC46.tif;1853000;5157000;1854000;5158000;https://download.data.grandlyon.com/files/grandlyon/imagerie/ortho2018/infrarouge/GeoTiff_YcBcR/1km_8cm_CC46/1853_5157_08_IR_CC46.tif;https://download.data.grandlyon.com/files/grandlyon/imagerie/ortho2018/infrarouge/tif/1km_8cm_CC46/1853_5157_08_IR_CC46.tif;963
1853_5158_08_IR_CC46.tif;1853000;5158000;1854000;5159000;https://download.data.grandlyon.com/files/grandlyon/imagerie/ortho2018/infrarouge/GeoTiff_YcBcR/1km_8cm_CC46/1853_5158_08_IR_CC46.tif;https://download.data.grandlyon.com/files/grandlyon/imagerie/ortho2018/infrarouge/tif/1km_8cm_CC46/1853_5158_08_IR_CC46.tif;964
1853_5159_08_IR_CC46.tif;1853000;5159000;1854000;5160000;https://download.data.grandlyon.com/files/grandlyon/imagerie/ortho2018/infrarouge/GeoTiff_YcBcR/1km_8cm_CC46/1853_5159_08_IR_CC46.tif;https://download.data.grandlyon.com/files/grandlyon/imagerie/ortho2018/infrarouge/tif/1km_8cm_CC46/1853_5159_08_IR_CC46.tif;965
1853_5160_08_IR_CC46.tif;1853000;5160000;1854000;5161000;https://download.data.grandlyon.com/files/grandlyon/imagerie/ortho2018/infrarouge/GeoTiff_YcBcR/1km_8cm_CC46/1853_5160_08_IR_CC46.tif;https://download.data.grandlyon.com/files/grandlyon/imagerie/ortho2018/infrarouge/tif/1km_8cm_CC46/1853_5160_08_IR_CC46.tif;966
1853_5161_08_IR_CC46.tif;1853000;5161000;1854000;5162000;https://download.data.grandlyon.com/files/grandlyon/imagerie/ortho2018/infrarouge/GeoTiff_YcBcR/1km_8cm_CC46/1853_5161_08_IR_CC46.tif;https://download.data.grandlyon.com/files/grandlyon/imagerie/ortho2018/infrarouge/tif/1km_8cm_CC46/1853_5161_08_IR_CC46.tif;967
1853_5162_08_IR_CC46.tif;1853000;5162000;1854000;5163000;https://download.data.grandlyon.com/files/grandlyon/imagerie/ortho2018/infrarouge/GeoTiff_YcBcR/1km_8cm_CC46/1853_5162_08_IR_CC46.tif;https://download.data.grandlyon.com/files/grandlyon/imagerie/ortho2018/infrarouge/tif/1km_8cm_CC46/1853_5162_08_IR_CC46.tif;968
1853_5163_08_IR_CC46.tif;1853000;5163000;1854000;5164000;https://download.data.grandlyon.com/files/grandlyon/imagerie/ortho2018/infrarouge/GeoTiff_YcBcR/1km_8cm_CC46/1853_5163_08_IR_CC46.tif;https://download.data.grandlyon.com/files/grandlyon/imagerie/ortho2018/infrarouge/tif/1km_8cm_CC46/1853_5163_08_IR_CC46.tif;969
1853_5164_08_IR_CC46.tif;1853000;5164000;1854000;5165000;https://download.data.grandlyon.com/files/grandlyon/imagerie/ortho2018/infrarouge/GeoTiff_YcBcR/1km_8cm_CC46/1853_5164_08_IR_CC46.tif;https://download.data.grandlyon.com/files/grandlyon/imagerie/ortho2018/infrarouge/tif/1km_8cm_CC46/1853_5164_08_IR_CC46.tif;970
1853_5165_08_IR_CC46.tif;1853000;5165000;1854000;5166000;https://download.data.grandlyon.com/files/grandlyon/imagerie/ortho2018/infrarouge/GeoTiff_YcBcR/1km_8cm_CC46/1853_5165_08_IR_CC46.tif;https://download.data.grandlyon.com/files/grandlyon/imagerie/ortho2018/infrarouge/tif/1km_8cm_CC46/1853_5165_08_IR_CC46.tif;971
1853_5166_08_IR_CC46.tif;1853000;5166000;1854000;5167000;https://download.data.grandlyon.com/files/grandlyon/imagerie/ortho2018/infrarouge/GeoTiff_YcBcR/1km_8cm_CC46/1853_5166_08_IR_CC46.tif;https://download.data.grandlyon.com/files/grandlyon/imagerie/ortho2018/infrarouge/tif/1km_8cm_CC46/1853_5166_08_IR_CC46.tif;972
1853_5167_08_IR_CC46.tif;1853000;5167000;1854000;5168000;https://download.data.grandlyon.com/files/grandlyon/imagerie/ortho2018/infrarouge/GeoTiff_YcBcR/1km_8cm_CC46/1853_5167_08_IR_CC46.tif;https://download.data.grandlyon.com/files/grandlyon/imagerie/ortho2018/infrarouge/tif/1km_8cm_CC46/1853_5167_08_IR_CC46.tif;973
1853_5168_08_IR_CC46.tif;1853000;5168000;1854000;5169000;https://download.data.grandlyon.com/files/grandlyon/imagerie/ortho2018/infrarouge/GeoTiff_YcBcR/1km_8cm_CC46/1853_5168_08_IR_CC46.tif;https://download.data.grandlyon.com/files/grandlyon/imagerie/ortho2018/infrarouge/tif/1km_8cm_CC46/1853_5168_08_IR_CC46.tif;974
1853_5169_08_IR_CC46.tif;1853000;5169000;1854000;5170000;https://download.data.grandlyon.com/files/grandlyon/imagerie/ortho2018/infrarouge/GeoTiff_YcBcR/1km_8cm_CC46/1853_5169_08_IR_CC46.tif;https://download.data.grandlyon.com/files/grandlyon/imagerie/ortho2018/infrarouge/tif/1km_8cm_CC46/1853_5169_08_IR_CC46.tif;975
1853_5170_08_IR_CC46.tif;1853000;5170000;1854000;5171000;https://download.data.grandlyon.com/files/grandlyon/imagerie/ortho2018/infrarouge/GeoTiff_YcBcR/1km_8cm_CC46/1853_5170_08_IR_CC46.tif;https://download.data.grandlyon.com/files/grandlyon/imagerie/ortho2018/infrarouge/tif/1km_8cm_CC46/1853_5170_08_IR_CC46.tif;976
1853_5171_08_IR_CC46.tif;1853000;5171000;1854000;5172000;https://download.data.grandlyon.com/files/grandlyon/imagerie/ortho2018/infrarouge/GeoTiff_YcBcR/1km_8cm_CC46/1853_5171_08_IR_CC46.tif;https://download.data.grandlyon.com/files/grandlyon/imagerie/ortho2018/infrarouge/tif/1km_8cm_CC46/1853_5171_08_IR_CC46.tif;977
1853_5172_08_IR_CC46.tif;1853000;5172000;1854000;5173000;https://download.data.grandlyon.com/files/grandlyon/imagerie/ortho2018/infrarouge/GeoTiff_YcBcR/1km_8cm_CC46/1853_5172_08_IR_CC46.tif;https://download.data.grandlyon.com/files/grandlyon/imagerie/ortho2018/infrarouge/tif/1km_8cm_CC46/1853_5172_08_IR_CC46.tif;978
1853_5173_08_IR_CC46.tif;1853000;5173000;1854000;5174000;https://download.data.grandlyon.com/files/grandlyon/imagerie/ortho2018/infrarouge/GeoTiff_YcBcR/1km_8cm_CC46/1853_5173_08_IR_CC46.tif;https://download.data.grandlyon.com/files/grandlyon/imagerie/ortho2018/infrarouge/tif/1km_8cm_CC46/1853_5173_08_IR_CC46.tif;979
1853_5174_08_IR_CC46.tif;1853000;5174000;1854000;5175000;https://download.data.grandlyon.com/files/grandlyon/imagerie/ortho2018/infrarouge/GeoTiff_YcBcR/1km_8cm_CC46/1853_5174_08_IR_CC46.tif;https://download.data.grandlyon.com/files/grandlyon/imagerie/ortho2018/infrarouge/tif/1km_8cm_CC46/1853_5174_08_IR_CC46.tif;980
1853_5175_08_IR_CC46.tif;1853000;5175000;1854000;5176000;https://download.data.grandlyon.com/files/grandlyon/imagerie/ortho2018/infrarouge/GeoTiff_YcBcR/1km_8cm_CC46/1853_5175_08_IR_CC46.tif;https://download.data.grandlyon.com/files/grandlyon/imagerie/ortho2018/infrarouge/tif/1km_8cm_CC46/1853_5175_08_IR_CC46.tif;981
1853_5176_08_IR_CC46.tif;1853000;5176000;1854000;5177000;https://download.data.grandlyon.com/files/grandlyon/imagerie/ortho2018/infrarouge/GeoTiff_YcBcR/1km_8cm_CC46/1853_5176_08_IR_CC46.tif;https://download.data.grandlyon.com/files/grandlyon/imagerie/ortho2018/infrarouge/tif/1km_8cm_CC46/1853_5176_08_IR_CC46.tif;982
1853_5177_08_IR_CC46.tif;1853000;5177000;1854000;5178000;https://download.data.grandlyon.com/files/grandlyon/imagerie/ortho2018/infrarouge/GeoTiff_YcBcR/1km_8cm_CC46/1853_5177_08_IR_CC46.tif;https://download.data.grandlyon.com/files/grandlyon/imagerie/ortho2018/infrarouge/tif/1km_8cm_CC46/1853_5177_08_IR_CC46.tif;983
1853_5178_08_IR_CC46.tif;1853000;5178000;1854000;5179000;https://download.data.grandlyon.com/files/grandlyon/imagerie/ortho2018/infrarouge/GeoTiff_YcBcR/1km_8cm_CC46/1853_5178_08_IR_CC46.tif;https://download.data.grandlyon.com/files/grandlyon/imagerie/ortho2018/infrarouge/tif/1km_8cm_CC46/1853_5178_08_IR_CC46.tif;984
1853_5179_08_IR_CC46.tif;1853000;5179000;1854000;5180000;https://download.data.grandlyon.com/files/grandlyon/imagerie/ortho2018/infrarouge/GeoTiff_YcBcR/1km_8cm_CC46/1853_5179_08_IR_CC46.tif;https://download.data.grandlyon.com/files/grandlyon/imagerie/ortho2018/infrarouge/tif/1km_8cm_CC46/1853_5179_08_IR_CC46.tif;985
1853_5180_08_IR_CC46.tif;1853000;5180000;1854000;5181000;https://download.data.grandlyon.com/files/grandlyon/imagerie/ortho2018/infrarouge/GeoTiff_YcBcR/1km_8cm_CC46/1853_5180_08_IR_CC46.tif;https://download.data.grandlyon.com/files/grandlyon/imagerie/ortho2018/infrarouge/tif/1km_8cm_CC46/1853_5180_08_IR_CC46.tif;986
1853_5181_08_IR_CC46.tif;1853000;5181000;1854000;5182000;https://download.data.grandlyon.com/files/grandlyon/imagerie/ortho2018/infrarouge/GeoTiff_YcBcR/1km_8cm_CC46/1853_5181_08_IR_CC46.tif;https://download.data.grandlyon.com/files/grandlyon/imagerie/ortho2018/infrarouge/tif/1km_8cm_CC46/1853_5181_08_IR_CC46.tif;987
1853_5182_08_IR_CC46.tif;1853000;5182000;1854000;5183000;https://download.data.grandlyon.com/files/grandlyon/imagerie/ortho2018/infrarouge/GeoTiff_YcBcR/1km_8cm_CC46/1853_5182_08_IR_CC46.tif;https://download.data.grandlyon.com/files/grandlyon/imagerie/ortho2018/infrarouge/tif/1km_8cm_CC46/1853_5182_08_IR_CC46.tif;988
1853_5183_08_IR_CC46.tif;1853000;5183000;1854000;5184000;https://download.data.grandlyon.com/files/grandlyon/imagerie/ortho2018/infrarouge/GeoTiff_YcBcR/1km_8cm_CC46/1853_5183_08_IR_CC46.tif;https://download.data.grandlyon.com/files/grandlyon/imagerie/ortho2018/infrarouge/tif/1km_8cm_CC46/1853_5183_08_IR_CC46.tif;989
1853_5184_08_IR_CC46.tif;1853000;5184000;1854000;5185000;https://download.data.grandlyon.com/files/grandlyon/imagerie/ortho2018/infrarouge/GeoTiff_YcBcR/1km_8cm_CC46/1853_5184_08_IR_CC46.tif;https://download.data.grandlyon.com/files/grandlyon/imagerie/ortho2018/infrarouge/tif/1km_8cm_CC46/1853_5184_08_IR_CC46.tif;990
1853_5185_08_IR_CC46.tif;1853000;5185000;1854000;5186000;https://download.data.grandlyon.com/files/grandlyon/imagerie/ortho2018/infrarouge/GeoTiff_YcBcR/1km_8cm_CC46/1853_5185_08_IR_CC46.tif;https://download.data.grandlyon.com/files/grandlyon/imagerie/ortho2018/infrarouge/tif/1km_8cm_CC46/1853_5185_08_IR_CC46.tif;991
1853_5186_08_IR_CC46.tif;1853000;5186000;1854000;5187000;https://download.data.grandlyon.com/files/grandlyon/imagerie/ortho2018/infrarouge/GeoTiff_YcBcR/1km_8cm_CC46/1853_5186_08_IR_CC46.tif;https://download.data.grandlyon.com/files/grandlyon/imagerie/ortho2018/infrarouge/tif/1km_8cm_CC46/1853_5186_08_IR_CC46.tif;992
1853_5187_08_IR_CC46.tif;1853000;5187000;1854000;5188000;https://download.data.grandlyon.com/files/grandlyon/imagerie/ortho2018/infrarouge/GeoTiff_YcBcR/1km_8cm_CC46/1853_5187_08_IR_CC46.tif;https://download.data.grandlyon.com/files/grandlyon/imagerie/ortho2018/infrarouge/tif/1km_8cm_CC46/1853_5187_08_IR_CC46.tif;993
1853_5188_08_IR_CC46.tif;1853000;5188000;1854000;5189000;https://download.data.grandlyon.com/files/grandlyon/imagerie/ortho2018/infrarouge/GeoTiff_YcBcR/1km_8cm_CC46/1853_5188_08_IR_CC46.tif;https://download.data.grandlyon.com/files/grandlyon/imagerie/ortho2018/infrarouge/tif/1km_8cm_CC46/1853_5188_08_IR_CC46.tif;994
1854_5157_08_IR_CC46.tif;1854000;5157000;1855000;5158000;https://download.data.grandlyon.com/files/grandlyon/imagerie/ortho2018/infrarouge/GeoTiff_YcBcR/1km_8cm_CC46/1854_5157_08_IR_CC46.tif;https://download.data.grandlyon.com/files/grandlyon/imagerie/ortho2018/infrarouge/tif/1km_8cm_CC46/1854_5157_08_IR_CC46.tif;995
1854_5158_08_IR_CC46.tif;1854000;5158000;1855000;5159000;https://download.data.grandlyon.com/files/grandlyon/imagerie/ortho2018/infrarouge/GeoTiff_YcBcR/1km_8cm_CC46/1854_5158_08_IR_CC46.tif;https://download.data.grandlyon.com/files/grandlyon/imagerie/ortho2018/infrarouge/tif/1km_8cm_CC46/1854_5158_08_IR_CC46.tif;996
1854_5159_08_IR_CC46.tif;1854000;5159000;1855000;5160000;https://download.data.grandlyon.com/files/grandlyon/imagerie/ortho2018/infrarouge/GeoTiff_YcBcR/1km_8cm_CC46/1854_5159_08_IR_CC46.tif;https://download.data.grandlyon.com/files/grandlyon/imagerie/ortho2018/infrarouge/tif/1km_8cm_CC46/1854_5159_08_IR_CC46.tif;997
1854_5160_08_IR_CC46.tif;1854000;5160000;1855000;5161000;https://download.data.grandlyon.com/files/grandlyon/imagerie/ortho2018/infrarouge/GeoTiff_YcBcR/1km_8cm_CC46/1854_5160_08_IR_CC46.tif;https://download.data.grandlyon.com/files/grandlyon/imagerie/ortho2018/infrarouge/tif/1km_8cm_CC46/1854_5160_08_IR_CC46.tif;998
1854_5161_08_IR_CC46.tif;1854000;5161000;1855000;5162000;https://download.data.grandlyon.com/files/grandlyon/imagerie/ortho2018/infrarouge/GeoTiff_YcBcR/1km_8cm_CC46/1854_5161_08_IR_CC46.tif;https://download.data.grandlyon.com/files/grandlyon/imagerie/ortho2018/infrarouge/tif/1km_8cm_CC46/1854_5161_08_IR_CC46.tif;999
1854_5162_08_IR_CC46.tif;1854000;5162000;1855000;5163000;https://download.data.grandlyon.com/files/grandlyon/imagerie/ortho2018/infrarouge/GeoTiff_YcBcR/1km_8cm_CC46/1854_5162_08_IR_CC46.tif;https://download.data.grandlyon.com/files/grandlyon/imagerie/ortho2018/infrarouge/tif/1km_8cm_CC46/1854_5162_08_IR_CC46.tif;1000
1854_5163_08_IR_CC46.tif;1854000;5163000;1855000;5164000;https://download.data.grandlyon.com/files/grandlyon/imagerie/ortho2018/infrarouge/GeoTiff_YcBcR/1km_8cm_CC46/1854_5163_08_IR_CC46.tif;https://download.data.grandlyon.com/files/grandlyon/imagerie/ortho2018/infrarouge/tif/1km_8cm_CC46/1854_5163_08_IR_CC46.tif;1001
1854_5164_08_IR_CC46.tif;1854000;5164000;1855000;5165000;https://download.data.grandlyon.com/files/grandlyon/imagerie/ortho2018/infrarouge/GeoTiff_YcBcR/1km_8cm_CC46/1854_5164_08_IR_CC46.tif;https://download.data.grandlyon.com/files/grandlyon/imagerie/ortho2018/infrarouge/tif/1km_8cm_CC46/1854_5164_08_IR_CC46.tif;1002
1854_5165_08_IR_CC46.tif;1854000;5165000;1855000;5166000;https://download.data.grandlyon.com/files/grandlyon/imagerie/ortho2018/infrarouge/GeoTiff_YcBcR/1km_8cm_CC46/1854_5165_08_IR_CC46.tif;https://download.data.grandlyon.com/files/grandlyon/imagerie/ortho2018/infrarouge/tif/1km_8cm_CC46/1854_5165_08_IR_CC46.tif;1003
1854_5166_08_IR_CC46.tif;1854000;5166000;1855000;5167000;https://download.data.grandlyon.com/files/grandlyon/imagerie/ortho2018/infrarouge/GeoTiff_YcBcR/1km_8cm_CC46/1854_5166_08_IR_CC46.tif;https://download.data.grandlyon.com/files/grandlyon/imagerie/ortho2018/infrarouge/tif/1km_8cm_CC46/1854_5166_08_IR_CC46.tif;1004
1854_5167_08_IR_CC46.tif;1854000;5167000;1855000;5168000;https://download.data.grandlyon.com/files/grandlyon/imagerie/ortho2018/infrarouge/GeoTiff_YcBcR/1km_8cm_CC46/1854_5167_08_IR_CC46.tif;https://download.data.grandlyon.com/files/grandlyon/imagerie/ortho2018/infrarouge/tif/1km_8cm_CC46/1854_5167_08_IR_CC46.tif;1005
1854_5168_08_IR_CC46.tif;1854000;5168000;1855000;5169000;https://download.data.grandlyon.com/files/grandlyon/imagerie/ortho2018/infrarouge/GeoTiff_YcBcR/1km_8cm_CC46/1854_5168_08_IR_CC46.tif;https://download.data.grandlyon.com/files/grandlyon/imagerie/ortho2018/infrarouge/tif/1km_8cm_CC46/1854_5168_08_IR_CC46.tif;1006
1854_5169_08_IR_CC46.tif;1854000;5169000;1855000;5170000;https://download.data.grandlyon.com/files/grandlyon/imagerie/ortho2018/infrarouge/GeoTiff_YcBcR/1km_8cm_CC46/1854_5169_08_IR_CC46.tif;https://download.data.grandlyon.com/files/grandlyon/imagerie/ortho2018/infrarouge/tif/1km_8cm_CC46/1854_5169_08_IR_CC46.tif;1007
1854_5170_08_IR_CC46.tif;1854000;5170000;1855000;5171000;https://download.data.grandlyon.com/files/grandlyon/imagerie/ortho2018/infrarouge/GeoTiff_YcBcR/1km_8cm_CC46/1854_5170_08_IR_CC46.tif;https://download.data.grandlyon.com/files/grandlyon/imagerie/ortho2018/infrarouge/tif/1km_8cm_CC46/1854_5170_08_IR_CC46.tif;1008
1854_5171_08_IR_CC46.tif;1854000;5171000;1855000;5172000;https://download.data.grandlyon.com/files/grandlyon/imagerie/ortho2018/infrarouge/GeoTiff_YcBcR/1km_8cm_CC46/1854_5171_08_IR_CC46.tif;https://download.data.grandlyon.com/files/grandlyon/imagerie/ortho2018/infrarouge/tif/1km_8cm_CC46/1854_5171_08_IR_CC46.tif;1009
1854_5172_08_IR_CC46.tif;1854000;5172000;1855000;5173000;https://download.data.grandlyon.com/files/grandlyon/imagerie/ortho2018/infrarouge/GeoTiff_YcBcR/1km_8cm_CC46/1854_5172_08_IR_CC46.tif;https://download.data.grandlyon.com/files/grandlyon/imagerie/ortho2018/infrarouge/tif/1km_8cm_CC46/1854_5172_08_IR_CC46.tif;1010
1854_5173_08_IR_CC46.tif;1854000;5173000;1855000;5174000;https://download.data.grandlyon.com/files/grandlyon/imagerie/ortho2018/infrarouge/GeoTiff_YcBcR/1km_8cm_CC46/1854_5173_08_IR_CC46.tif;https://download.data.grandlyon.com/files/grandlyon/imagerie/ortho2018/infrarouge/tif/1km_8cm_CC46/1854_5173_08_IR_CC46.tif;1011
1854_5174_08_IR_CC46.tif;1854000;5174000;1855000;5175000;https://download.data.grandlyon.com/files/grandlyon/imagerie/ortho2018/infrarouge/GeoTiff_YcBcR/1km_8cm_CC46/1854_5174_08_IR_CC46.tif;https://download.data.grandlyon.com/files/grandlyon/imagerie/ortho2018/infrarouge/tif/1km_8cm_CC46/1854_5174_08_IR_CC46.tif;1012
1854_5175_08_IR_CC46.tif;1854000;5175000;1855000;5176000;https://download.data.grandlyon.com/files/grandlyon/imagerie/ortho2018/infrarouge/GeoTiff_YcBcR/1km_8cm_CC46/1854_5175_08_IR_CC46.tif;https://download.data.grandlyon.com/files/grandlyon/imagerie/ortho2018/infrarouge/tif/1km_8cm_CC46/1854_5175_08_IR_CC46.tif;1013
1854_5176_08_IR_CC46.tif;1854000;5176000;1855000;5177000;https://download.data.grandlyon.com/files/grandlyon/imagerie/ortho2018/infrarouge/GeoTiff_YcBcR/1km_8cm_CC46/1854_5176_08_IR_CC46.tif;https://download.data.grandlyon.com/files/grandlyon/imagerie/ortho2018/infrarouge/tif/1km_8cm_CC46/1854_5176_08_IR_CC46.tif;1014
1854_5177_08_IR_CC46.tif;1854000;5177000;1855000;5178000;https://download.data.grandlyon.com/files/grandlyon/imagerie/ortho2018/infrarouge/GeoTiff_YcBcR/1km_8cm_CC46/1854_5177_08_IR_CC46.tif;https://download.data.grandlyon.com/files/grandlyon/imagerie/ortho2018/infrarouge/tif/1km_8cm_CC46/1854_5177_08_IR_CC46.tif;1015
1854_5178_08_IR_CC46.tif;1854000;5178000;1855000;5179000;https://download.data.grandlyon.com/files/grandlyon/imagerie/ortho2018/infrarouge/GeoTiff_YcBcR/1km_8cm_CC46/1854_5178_08_IR_CC46.tif;https://download.data.grandlyon.com/files/grandlyon/imagerie/ortho2018/infrarouge/tif/1km_8cm_CC46/1854_5178_08_IR_CC46.tif;1016
1854_5179_08_IR_CC46.tif;1854000;5179000;1855000;5180000;https://download.data.grandlyon.com/files/grandlyon/imagerie/ortho2018/infrarouge/GeoTiff_YcBcR/1km_8cm_CC46/1854_5179_08_IR_CC46.tif;https://download.data.grandlyon.com/files/grandlyon/imagerie/ortho2018/infrarouge/tif/1km_8cm_CC46/1854_5179_08_IR_CC46.tif;1017
1854_5180_08_IR_CC46.tif;1854000;5180000;1855000;5181000;https://download.data.grandlyon.com/files/grandlyon/imagerie/ortho2018/infrarouge/GeoTiff_YcBcR/1km_8cm_CC46/1854_5180_08_IR_CC46.tif;https://download.data.grandlyon.com/files/grandlyon/imagerie/ortho2018/infrarouge/tif/1km_8cm_CC46/1854_5180_08_IR_CC46.tif;1018
1854_5181_08_IR_CC46.tif;1854000;5181000;1855000;5182000;https://download.data.grandlyon.com/files/grandlyon/imagerie/ortho2018/infrarouge/GeoTiff_YcBcR/1km_8cm_CC46/1854_5181_08_IR_CC46.tif;https://download.data.grandlyon.com/files/grandlyon/imagerie/ortho2018/infrarouge/tif/1km_8cm_CC46/1854_5181_08_IR_CC46.tif;1019
1854_5182_08_IR_CC46.tif;1854000;5182000;1855000;5183000;https://download.data.grandlyon.com/files/grandlyon/imagerie/ortho2018/infrarouge/GeoTiff_YcBcR/1km_8cm_CC46/1854_5182_08_IR_CC46.tif;https://download.data.grandlyon.com/files/grandlyon/imagerie/ortho2018/infrarouge/tif/1km_8cm_CC46/1854_5182_08_IR_CC46.tif;1020
1854_5183_08_IR_CC46.tif;1854000;5183000;1855000;5184000;https://download.data.grandlyon.com/files/grandlyon/imagerie/ortho2018/infrarouge/GeoTiff_YcBcR/1km_8cm_CC46/1854_5183_08_IR_CC46.tif;https://download.data.grandlyon.com/files/grandlyon/imagerie/ortho2018/infrarouge/tif/1km_8cm_CC46/1854_5183_08_IR_CC46.tif;1021
1854_5184_08_IR_CC46.tif;1854000;5184000;1855000;5185000;https://download.data.grandlyon.com/files/grandlyon/imagerie/ortho2018/infrarouge/GeoTiff_YcBcR/1km_8cm_CC46/1854_5184_08_IR_CC46.tif;https://download.data.grandlyon.com/files/grandlyon/imagerie/ortho2018/infrarouge/tif/1km_8cm_CC46/1854_5184_08_IR_CC46.tif;1022
1854_5185_08_IR_CC46.tif;1854000;5185000;1855000;5186000;https://download.data.grandlyon.com/files/grandlyon/imagerie/ortho2018/infrarouge/GeoTiff_YcBcR/1km_8cm_CC46/1854_5185_08_IR_CC46.tif;https://download.data.grandlyon.com/files/grandlyon/imagerie/ortho2018/infrarouge/tif/1km_8cm_CC46/1854_5185_08_IR_CC46.tif;1023
1854_5186_08_IR_CC46.tif;1854000;5186000;1855000;5187000;https://download.data.grandlyon.com/files/grandlyon/imagerie/ortho2018/infrarouge/GeoTiff_YcBcR/1km_8cm_CC46/1854_5186_08_IR_CC46.tif;https://download.data.grandlyon.com/files/grandlyon/imagerie/ortho2018/infrarouge/tif/1km_8cm_CC46/1854_5186_08_IR_CC46.tif;1024
1854_5187_08_IR_CC46.tif;1854000;5187000;1855000;5188000;https://download.data.grandlyon.com/files/grandlyon/imagerie/ortho2018/infrarouge/GeoTiff_YcBcR/1km_8cm_CC46/1854_5187_08_IR_CC46.tif;https://download.data.grandlyon.com/files/grandlyon/imagerie/ortho2018/infrarouge/tif/1km_8cm_CC46/1854_5187_08_IR_CC46.tif;1025
1854_5188_08_IR_CC46.tif;1854000;5188000;1855000;5189000;https://download.data.grandlyon.com/files/grandlyon/imagerie/ortho2018/infrarouge/GeoTiff_YcBcR/1km_8cm_CC46/1854_5188_08_IR_CC46.tif;https://download.data.grandlyon.com/files/grandlyon/imagerie/ortho2018/infrarouge/tif/1km_8cm_CC46/1854_5188_08_IR_CC46.tif;1026
1855_5157_08_IR_CC46.tif;1855000;5157000;1856000;5158000;https://download.data.grandlyon.com/files/grandlyon/imagerie/ortho2018/infrarouge/GeoTiff_YcBcR/1km_8cm_CC46/1855_5157_08_IR_CC46.tif;https://download.data.grandlyon.com/files/grandlyon/imagerie/ortho2018/infrarouge/tif/1km_8cm_CC46/1855_5157_08_IR_CC46.tif;1027
1855_5158_08_IR_CC46.tif;1855000;5158000;1856000;5159000;https://download.data.grandlyon.com/files/grandlyon/imagerie/ortho2018/infrarouge/GeoTiff_YcBcR/1km_8cm_CC46/1855_5158_08_IR_CC46.tif;https://download.data.grandlyon.com/files/grandlyon/imagerie/ortho2018/infrarouge/tif/1km_8cm_CC46/1855_5158_08_IR_CC46.tif;1028
1855_5159_08_IR_CC46.tif;1855000;5159000;1856000;5160000;https://download.data.grandlyon.com/files/grandlyon/imagerie/ortho2018/infrarouge/GeoTiff_YcBcR/1km_8cm_CC46/1855_5159_08_IR_CC46.tif;https://download.data.grandlyon.com/files/grandlyon/imagerie/ortho2018/infrarouge/tif/1km_8cm_CC46/1855_5159_08_IR_CC46.tif;1029
1855_5160_08_IR_CC46.tif;1855000;5160000;1856000;5161000;https://download.data.grandlyon.com/files/grandlyon/imagerie/ortho2018/infrarouge/GeoTiff_YcBcR/1km_8cm_CC46/1855_5160_08_IR_CC46.tif;https://download.data.grandlyon.com/files/grandlyon/imagerie/ortho2018/infrarouge/tif/1km_8cm_CC46/1855_5160_08_IR_CC46.tif;1030
1855_5161_08_IR_CC46.tif;1855000;5161000;1856000;5162000;https://download.data.grandlyon.com/files/grandlyon/imagerie/ortho2018/infrarouge/GeoTiff_YcBcR/1km_8cm_CC46/1855_5161_08_IR_CC46.tif;https://download.data.grandlyon.com/files/grandlyon/imagerie/ortho2018/infrarouge/tif/1km_8cm_CC46/1855_5161_08_IR_CC46.tif;1031
1855_5162_08_IR_CC46.tif;1855000;5162000;1856000;5163000;https://download.data.grandlyon.com/files/grandlyon/imagerie/ortho2018/infrarouge/GeoTiff_YcBcR/1km_8cm_CC46/1855_5162_08_IR_CC46.tif;https://download.data.grandlyon.com/files/grandlyon/imagerie/ortho2018/infrarouge/tif/1km_8cm_CC46/1855_5162_08_IR_CC46.tif;1032
1855_5163_08_IR_CC46.tif;1855000;5163000;1856000;5164000;https://download.data.grandlyon.com/files/grandlyon/imagerie/ortho2018/infrarouge/GeoTiff_YcBcR/1km_8cm_CC46/1855_5163_08_IR_CC46.tif;https://download.data.grandlyon.com/files/grandlyon/imagerie/ortho2018/infrarouge/tif/1km_8cm_CC46/1855_5163_08_IR_CC46.tif;1033
1855_5164_08_IR_CC46.tif;1855000;5164000;1856000;5165000;https://download.data.grandlyon.com/files/grandlyon/imagerie/ortho2018/infrarouge/GeoTiff_YcBcR/1km_8cm_CC46/1855_5164_08_IR_CC46.tif;https://download.data.grandlyon.com/files/grandlyon/imagerie/ortho2018/infrarouge/tif/1km_8cm_CC46/1855_5164_08_IR_CC46.tif;1034
1855_5165_08_IR_CC46.tif;1855000;5165000;1856000;5166000;https://download.data.grandlyon.com/files/grandlyon/imagerie/ortho2018/infrarouge/GeoTiff_YcBcR/1km_8cm_CC46/1855_5165_08_IR_CC46.tif;https://download.data.grandlyon.com/files/grandlyon/imagerie/ortho2018/infrarouge/tif/1km_8cm_CC46/1855_5165_08_IR_CC46.tif;1035
1855_5166_08_IR_CC46.tif;1855000;5166000;1856000;5167000;https://download.data.grandlyon.com/files/grandlyon/imagerie/ortho2018/infrarouge/GeoTiff_YcBcR/1km_8cm_CC46/1855_5166_08_IR_CC46.tif;https://download.data.grandlyon.com/files/grandlyon/imagerie/ortho2018/infrarouge/tif/1km_8cm_CC46/1855_5166_08_IR_CC46.tif;1036
1855_5167_08_IR_CC46.tif;1855000;5167000;1856000;5168000;https://download.data.grandlyon.com/files/grandlyon/imagerie/ortho2018/infrarouge/GeoTiff_YcBcR/1km_8cm_CC46/1855_5167_08_IR_CC46.tif;https://download.data.grandlyon.com/files/grandlyon/imagerie/ortho2018/infrarouge/tif/1km_8cm_CC46/1855_5167_08_IR_CC46.tif;1037
1855_5168_08_IR_CC46.tif;1855000;5168000;1856000;5169000;https://download.data.grandlyon.com/files/grandlyon/imagerie/ortho2018/infrarouge/GeoTiff_YcBcR/1km_8cm_CC46/1855_5168_08_IR_CC46.tif;https://download.data.grandlyon.com/files/grandlyon/imagerie/ortho2018/infrarouge/tif/1km_8cm_CC46/1855_5168_08_IR_CC46.tif;1038
1855_5169_08_IR_CC46.tif;1855000;5169000;1856000;5170000;https://download.data.grandlyon.com/files/grandlyon/imagerie/ortho2018/infrarouge/GeoTiff_YcBcR/1km_8cm_CC46/1855_5169_08_IR_CC46.tif;https://download.data.grandlyon.com/files/grandlyon/imagerie/ortho2018/infrarouge/tif/1km_8cm_CC46/1855_5169_08_IR_CC46.tif;1039
1855_5170_08_IR_CC46.tif;1855000;5170000;1856000;5171000;https://download.data.grandlyon.com/files/grandlyon/imagerie/ortho2018/infrarouge/GeoTiff_YcBcR/1km_8cm_CC46/1855_5170_08_IR_CC46.tif;https://download.data.grandlyon.com/files/grandlyon/imagerie/ortho2018/infrarouge/tif/1km_8cm_CC46/1855_5170_08_IR_CC46.tif;1040
1855_5171_08_IR_CC46.tif;1855000;5171000;1856000;5172000;https://download.data.grandlyon.com/files/grandlyon/imagerie/ortho2018/infrarouge/GeoTiff_YcBcR/1km_8cm_CC46/1855_5171_08_IR_CC46.tif;https://download.data.grandlyon.com/files/grandlyon/imagerie/ortho2018/infrarouge/tif/1km_8cm_CC46/1855_5171_08_IR_CC46.tif;1041
1855_5172_08_IR_CC46.tif;1855000;5172000;1856000;5173000;https://download.data.grandlyon.com/files/grandlyon/imagerie/ortho2018/infrarouge/GeoTiff_YcBcR/1km_8cm_CC46/1855_5172_08_IR_CC46.tif;https://download.data.grandlyon.com/files/grandlyon/imagerie/ortho2018/infrarouge/tif/1km_8cm_CC46/1855_5172_08_IR_CC46.tif;1042
1855_5173_08_IR_CC46.tif;1855000;5173000;1856000;5174000;https://download.data.grandlyon.com/files/grandlyon/imagerie/ortho2018/infrarouge/GeoTiff_YcBcR/1km_8cm_CC46/1855_5173_08_IR_CC46.tif;https://download.data.grandlyon.com/files/grandlyon/imagerie/ortho2018/infrarouge/tif/1km_8cm_CC46/1855_5173_08_IR_CC46.tif;1043
1855_5174_08_IR_CC46.tif;1855000;5174000;1856000;5175000;https://download.data.grandlyon.com/files/grandlyon/imagerie/ortho2018/infrarouge/GeoTiff_YcBcR/1km_8cm_CC46/1855_5174_08_IR_CC46.tif;https://download.data.grandlyon.com/files/grandlyon/imagerie/ortho2018/infrarouge/tif/1km_8cm_CC46/1855_5174_08_IR_CC46.tif;1044
1855_5175_08_IR_CC46.tif;1855000;5175000;1856000;5176000;https://download.data.grandlyon.com/files/grandlyon/imagerie/ortho2018/infrarouge/GeoTiff_YcBcR/1km_8cm_CC46/1855_5175_08_IR_CC46.tif;https://download.data.grandlyon.com/files/grandlyon/imagerie/ortho2018/infrarouge/tif/1km_8cm_CC46/1855_5175_08_IR_CC46.tif;1045
1855_5176_08_IR_CC46.tif;1855000;5176000;1856000;5177000;https://download.data.grandlyon.com/files/grandlyon/imagerie/ortho2018/infrarouge/GeoTiff_YcBcR/1km_8cm_CC46/1855_5176_08_IR_CC46.tif;https://download.data.grandlyon.com/files/grandlyon/imagerie/ortho2018/infrarouge/tif/1km_8cm_CC46/1855_5176_08_IR_CC46.tif;1046
1855_5177_08_IR_CC46.tif;1855000;5177000;1856000;5178000;https://download.data.grandlyon.com/files/grandlyon/imagerie/ortho2018/infrarouge/GeoTiff_YcBcR/1km_8cm_CC46/1855_5177_08_IR_CC46.tif;https://download.data.grandlyon.com/files/grandlyon/imagerie/ortho2018/infrarouge/tif/1km_8cm_CC46/1855_5177_08_IR_CC46.tif;1047
1855_5178_08_IR_CC46.tif;1855000;5178000;1856000;5179000;https://download.data.grandlyon.com/files/grandlyon/imagerie/ortho2018/infrarouge/GeoTiff_YcBcR/1km_8cm_CC46/1855_5178_08_IR_CC46.tif;https://download.data.grandlyon.com/files/grandlyon/imagerie/ortho2018/infrarouge/tif/1km_8cm_CC46/1855_5178_08_IR_CC46.tif;1048
1855_5179_08_IR_CC46.tif;1855000;5179000;1856000;5180000;https://download.data.grandlyon.com/files/grandlyon/imagerie/ortho2018/infrarouge/GeoTiff_YcBcR/1km_8cm_CC46/1855_5179_08_IR_CC46.tif;https://download.data.grandlyon.com/files/grandlyon/imagerie/ortho2018/infrarouge/tif/1km_8cm_CC46/1855_5179_08_IR_CC46.tif;1049
1855_5180_08_IR_CC46.tif;1855000;5180000;1856000;5181000;https://download.data.grandlyon.com/files/grandlyon/imagerie/ortho2018/infrarouge/GeoTiff_YcBcR/1km_8cm_CC46/1855_5180_08_IR_CC46.tif;https://download.data.grandlyon.com/files/grandlyon/imagerie/ortho2018/infrarouge/tif/1km_8cm_CC46/1855_5180_08_IR_CC46.tif;1050
1855_5181_08_IR_CC46.tif;1855000;5181000;1856000;5182000;https://download.data.grandlyon.com/files/grandlyon/imagerie/ortho2018/infrarouge/GeoTiff_YcBcR/1km_8cm_CC46/1855_5181_08_IR_CC46.tif;https://download.data.grandlyon.com/files/grandlyon/imagerie/ortho2018/infrarouge/tif/1km_8cm_CC46/1855_5181_08_IR_CC46.tif;1051
1855_5182_08_IR_CC46.tif;1855000;5182000;1856000;5183000;https://download.data.grandlyon.com/files/grandlyon/imagerie/ortho2018/infrarouge/GeoTiff_YcBcR/1km_8cm_CC46/1855_5182_08_IR_CC46.tif;https://download.data.grandlyon.com/files/grandlyon/imagerie/ortho2018/infrarouge/tif/1km_8cm_CC46/1855_5182_08_IR_CC46.tif;1052
1855_5183_08_IR_CC46.tif;1855000;5183000;1856000;5184000;https://download.data.grandlyon.com/files/grandlyon/imagerie/ortho2018/infrarouge/GeoTiff_YcBcR/1km_8cm_CC46/1855_5183_08_IR_CC46.tif;https://download.data.grandlyon.com/files/grandlyon/imagerie/ortho2018/infrarouge/tif/1km_8cm_CC46/1855_5183_08_IR_CC46.tif;1053
1855_5184_08_IR_CC46.tif;1855000;5184000;1856000;5185000;https://download.data.grandlyon.com/files/grandlyon/imagerie/ortho2018/infrarouge/GeoTiff_YcBcR/1km_8cm_CC46/1855_5184_08_IR_CC46.tif;https://download.data.grandlyon.com/files/grandlyon/imagerie/ortho2018/infrarouge/tif/1km_8cm_CC46/1855_5184_08_IR_CC46.tif;1054
1855_5185_08_IR_CC46.tif;1855000;5185000;1856000;5186000;https://download.data.grandlyon.com/files/grandlyon/imagerie/ortho2018/infrarouge/GeoTiff_YcBcR/1km_8cm_CC46/1855_5185_08_IR_CC46.tif;https://download.data.grandlyon.com/files/grandlyon/imagerie/ortho2018/infrarouge/tif/1km_8cm_CC46/1855_5185_08_IR_CC46.tif;1055
1855_5186_08_IR_CC46.tif;1855000;5186000;1856000;5187000;https://download.data.grandlyon.com/files/grandlyon/imagerie/ortho2018/infrarouge/GeoTiff_YcBcR/1km_8cm_CC46/1855_5186_08_IR_CC46.tif;https://download.data.grandlyon.com/files/grandlyon/imagerie/ortho2018/infrarouge/tif/1km_8cm_CC46/1855_5186_08_IR_CC46.tif;1056
1855_5187_08_IR_CC46.tif;1855000;5187000;1856000;5188000;https://download.data.grandlyon.com/files/grandlyon/imagerie/ortho2018/infrarouge/GeoTiff_YcBcR/1km_8cm_CC46/1855_5187_08_IR_CC46.tif;https://download.data.grandlyon.com/files/grandlyon/imagerie/ortho2018/infrarouge/tif/1km_8cm_CC46/1855_5187_08_IR_CC46.tif;1057
1855_5188_08_IR_CC46.tif;1855000;5188000;1856000;5189000;https://download.data.grandlyon.com/files/grandlyon/imagerie/ortho2018/infrarouge/GeoTiff_YcBcR/1km_8cm_CC46/1855_5188_08_IR_CC46.tif;https://download.data.grandlyon.com/files/grandlyon/imagerie/ortho2018/infrarouge/tif/1km_8cm_CC46/1855_5188_08_IR_CC46.tif;1058
1856_5157_08_IR_CC46.tif;1856000;5157000;1857000;5158000;https://download.data.grandlyon.com/files/grandlyon/imagerie/ortho2018/infrarouge/GeoTiff_YcBcR/1km_8cm_CC46/1856_5157_08_IR_CC46.tif;https://download.data.grandlyon.com/files/grandlyon/imagerie/ortho2018/infrarouge/tif/1km_8cm_CC46/1856_5157_08_IR_CC46.tif;1059
1856_5158_08_IR_CC46.tif;1856000;5158000;1857000;5159000;https://download.data.grandlyon.com/files/grandlyon/imagerie/ortho2018/infrarouge/GeoTiff_YcBcR/1km_8cm_CC46/1856_5158_08_IR_CC46.tif;https://download.data.grandlyon.com/files/grandlyon/imagerie/ortho2018/infrarouge/tif/1km_8cm_CC46/1856_5158_08_IR_CC46.tif;1060
1856_5159_08_IR_CC46.tif;1856000;5159000;1857000;5160000;https://download.data.grandlyon.com/files/grandlyon/imagerie/ortho2018/infrarouge/GeoTiff_YcBcR/1km_8cm_CC46/1856_5159_08_IR_CC46.tif;https://download.data.grandlyon.com/files/grandlyon/imagerie/ortho2018/infrarouge/tif/1km_8cm_CC46/1856_5159_08_IR_CC46.tif;1061
1856_5160_08_IR_CC46.tif;1856000;5160000;1857000;5161000;https://download.data.grandlyon.com/files/grandlyon/imagerie/ortho2018/infrarouge/GeoTiff_YcBcR/1km_8cm_CC46/1856_5160_08_IR_CC46.tif;https://download.data.grandlyon.com/files/grandlyon/imagerie/ortho2018/infrarouge/tif/1km_8cm_CC46/1856_5160_08_IR_CC46.tif;1062
1856_5161_08_IR_CC46.tif;1856000;5161000;1857000;5162000;https://download.data.grandlyon.com/files/grandlyon/imagerie/ortho2018/infrarouge/GeoTiff_YcBcR/1km_8cm_CC46/1856_5161_08_IR_CC46.tif;https://download.data.grandlyon.com/files/grandlyon/imagerie/ortho2018/infrarouge/tif/1km_8cm_CC46/1856_5161_08_IR_CC46.tif;1063
1856_5162_08_IR_CC46.tif;1856000;5162000;1857000;5163000;https://download.data.grandlyon.com/files/grandlyon/imagerie/ortho2018/infrarouge/GeoTiff_YcBcR/1km_8cm_CC46/1856_5162_08_IR_CC46.tif;https://download.data.grandlyon.com/files/grandlyon/imagerie/ortho2018/infrarouge/tif/1km_8cm_CC46/1856_5162_08_IR_CC46.tif;1064
1856_5163_08_IR_CC46.tif;1856000;5163000;1857000;5164000;https://download.data.grandlyon.com/files/grandlyon/imagerie/ortho2018/infrarouge/GeoTiff_YcBcR/1km_8cm_CC46/1856_5163_08_IR_CC46.tif;https://download.data.grandlyon.com/files/grandlyon/imagerie/ortho2018/infrarouge/tif/1km_8cm_CC46/1856_5163_08_IR_CC46.tif;1065
1856_5164_08_IR_CC46.tif;1856000;5164000;1857000;5165000;https://download.data.grandlyon.com/files/grandlyon/imagerie/ortho2018/infrarouge/GeoTiff_YcBcR/1km_8cm_CC46/1856_5164_08_IR_CC46.tif;https://download.data.grandlyon.com/files/grandlyon/imagerie/ortho2018/infrarouge/tif/1km_8cm_CC46/1856_5164_08_IR_CC46.tif;1066
1856_5165_08_IR_CC46.tif;1856000;5165000;1857000;5166000;https://download.data.grandlyon.com/files/grandlyon/imagerie/ortho2018/infrarouge/GeoTiff_YcBcR/1km_8cm_CC46/1856_5165_08_IR_CC46.tif;https://download.data.grandlyon.com/files/grandlyon/imagerie/ortho2018/infrarouge/tif/1km_8cm_CC46/1856_5165_08_IR_CC46.tif;1067
1856_5166_08_IR_CC46.tif;1856000;5166000;1857000;5167000;https://download.data.grandlyon.com/files/grandlyon/imagerie/ortho2018/infrarouge/GeoTiff_YcBcR/1km_8cm_CC46/1856_5166_08_IR_CC46.tif;https://download.data.grandlyon.com/files/grandlyon/imagerie/ortho2018/infrarouge/tif/1km_8cm_CC46/1856_5166_08_IR_CC46.tif;1068
1856_5167_08_IR_CC46.tif;1856000;5167000;1857000;5168000;https://download.data.grandlyon.com/files/grandlyon/imagerie/ortho2018/infrarouge/GeoTiff_YcBcR/1km_8cm_CC46/1856_5167_08_IR_CC46.tif;https://download.data.grandlyon.com/files/grandlyon/imagerie/ortho2018/infrarouge/tif/1km_8cm_CC46/1856_5167_08_IR_CC46.tif;1069
1856_5168_08_IR_CC46.tif;1856000;5168000;1857000;5169000;https://download.data.grandlyon.com/files/grandlyon/imagerie/ortho2018/infrarouge/GeoTiff_YcBcR/1km_8cm_CC46/1856_5168_08_IR_CC46.tif;https://download.data.grandlyon.com/files/grandlyon/imagerie/ortho2018/infrarouge/tif/1km_8cm_CC46/1856_5168_08_IR_CC46.tif;1070
1856_5169_08_IR_CC46.tif;1856000;5169000;1857000;5170000;https://download.data.grandlyon.com/files/grandlyon/imagerie/ortho2018/infrarouge/GeoTiff_YcBcR/1km_8cm_CC46/1856_5169_08_IR_CC46.tif;https://download.data.grandlyon.com/files/grandlyon/imagerie/ortho2018/infrarouge/tif/1km_8cm_CC46/1856_5169_08_IR_CC46.tif;1071
1856_5170_08_IR_CC46.tif;1856000;5170000;1857000;5171000;https://download.data.grandlyon.com/files/grandlyon/imagerie/ortho2018/infrarouge/GeoTiff_YcBcR/1km_8cm_CC46/1856_5170_08_IR_CC46.tif;https://download.data.grandlyon.com/files/grandlyon/imagerie/ortho2018/infrarouge/tif/1km_8cm_CC46/1856_5170_08_IR_CC46.tif;1072
1856_5171_08_IR_CC46.tif;1856000;5171000;1857000;5172000;https://download.data.grandlyon.com/files/grandlyon/imagerie/ortho2018/infrarouge/GeoTiff_YcBcR/1km_8cm_CC46/1856_5171_08_IR_CC46.tif;https://download.data.grandlyon.com/files/grandlyon/imagerie/ortho2018/infrarouge/tif/1km_8cm_CC46/1856_5171_08_IR_CC46.tif;1073
1856_5172_08_IR_CC46.tif;1856000;5172000;1857000;5173000;https://download.data.grandlyon.com/files/grandlyon/imagerie/ortho2018/infrarouge/GeoTiff_YcBcR/1km_8cm_CC46/1856_5172_08_IR_CC46.tif;https://download.data.grandlyon.com/files/grandlyon/imagerie/ortho2018/infrarouge/tif/1km_8cm_CC46/1856_5172_08_IR_CC46.tif;1074
1856_5173_08_IR_CC46.tif;1856000;5173000;1857000;5174000;https://download.data.grandlyon.com/files/grandlyon/imagerie/ortho2018/infrarouge/GeoTiff_YcBcR/1km_8cm_CC46/1856_5173_08_IR_CC46.tif;https://download.data.grandlyon.com/files/grandlyon/imagerie/ortho2018/infrarouge/tif/1km_8cm_CC46/1856_5173_08_IR_CC46.tif;1075
1856_5174_08_IR_CC46.tif;1856000;5174000;1857000;5175000;https://download.data.grandlyon.com/files/grandlyon/imagerie/ortho2018/infrarouge/GeoTiff_YcBcR/1km_8cm_CC46/1856_5174_08_IR_CC46.tif;https://download.data.grandlyon.com/files/grandlyon/imagerie/ortho2018/infrarouge/tif/1km_8cm_CC46/1856_5174_08_IR_CC46.tif;1076
1856_5175_08_IR_CC46.tif;1856000;5175000;1857000;5176000;https://download.data.grandlyon.com/files/grandlyon/imagerie/ortho2018/infrarouge/GeoTiff_YcBcR/1km_8cm_CC46/1856_5175_08_IR_CC46.tif;https://download.data.grandlyon.com/files/grandlyon/imagerie/ortho2018/infrarouge/tif/1km_8cm_CC46/1856_5175_08_IR_CC46.tif;1077
1856_5176_08_IR_CC46.tif;1856000;5176000;1857000;5177000;https://download.data.grandlyon.com/files/grandlyon/imagerie/ortho2018/infrarouge/GeoTiff_YcBcR/1km_8cm_CC46/1856_5176_08_IR_CC46.tif;https://download.data.grandlyon.com/files/grandlyon/imagerie/ortho2018/infrarouge/tif/1km_8cm_CC46/1856_5176_08_IR_CC46.tif;1078
1856_5177_08_IR_CC46.tif;1856000;5177000;1857000;5178000;https://download.data.grandlyon.com/files/grandlyon/imagerie/ortho2018/infrarouge/GeoTiff_YcBcR/1km_8cm_CC46/1856_5177_08_IR_CC46.tif;https://download.data.grandlyon.com/files/grandlyon/imagerie/ortho2018/infrarouge/tif/1km_8cm_CC46/1856_5177_08_IR_CC46.tif;1079
1856_5178_08_IR_CC46.tif;1856000;5178000;1857000;5179000;https://download.data.grandlyon.com/files/grandlyon/imagerie/ortho2018/infrarouge/GeoTiff_YcBcR/1km_8cm_CC46/1856_5178_08_IR_CC46.tif;https://download.data.grandlyon.com/files/grandlyon/imagerie/ortho2018/infrarouge/tif/1km_8cm_CC46/1856_5178_08_IR_CC46.tif;1080
1856_5179_08_IR_CC46.tif;1856000;5179000;1857000;5180000;https://download.data.grandlyon.com/files/grandlyon/imagerie/ortho2018/infrarouge/GeoTiff_YcBcR/1km_8cm_CC46/1856_5179_08_IR_CC46.tif;https://download.data.grandlyon.com/files/grandlyon/imagerie/ortho2018/infrarouge/tif/1km_8cm_CC46/1856_5179_08_IR_CC46.tif;1081
1856_5180_08_IR_CC46.tif;1856000;5180000;1857000;5181000;https://download.data.grandlyon.com/files/grandlyon/imagerie/ortho2018/infrarouge/GeoTiff_YcBcR/1km_8cm_CC46/1856_5180_08_IR_CC46.tif;https://download.data.grandlyon.com/files/grandlyon/imagerie/ortho2018/infrarouge/tif/1km_8cm_CC46/1856_5180_08_IR_CC46.tif;1082
1856_5181_08_IR_CC46.tif;1856000;5181000;1857000;5182000;https://download.data.grandlyon.com/files/grandlyon/imagerie/ortho2018/infrarouge/GeoTiff_YcBcR/1km_8cm_CC46/1856_5181_08_IR_CC46.tif;https://download.data.grandlyon.com/files/grandlyon/imagerie/ortho2018/infrarouge/tif/1km_8cm_CC46/1856_5181_08_IR_CC46.tif;1083
1856_5182_08_IR_CC46.tif;1856000;5182000;1857000;5183000;https://download.data.grandlyon.com/files/grandlyon/imagerie/ortho2018/infrarouge/GeoTiff_YcBcR/1km_8cm_CC46/1856_5182_08_IR_CC46.tif;https://download.data.grandlyon.com/files/grandlyon/imagerie/ortho2018/infrarouge/tif/1km_8cm_CC46/1856_5182_08_IR_CC46.tif;1084
1856_5183_08_IR_CC46.tif;1856000;5183000;1857000;5184000;https://download.data.grandlyon.com/files/grandlyon/imagerie/ortho2018/infrarouge/GeoTiff_YcBcR/1km_8cm_CC46/1856_5183_08_IR_CC46.tif;https://download.data.grandlyon.com/files/grandlyon/imagerie/ortho2018/infrarouge/tif/1km_8cm_CC46/1856_5183_08_IR_CC46.tif;1085
1856_5184_08_IR_CC46.tif;1856000;5184000;1857000;5185000;https://download.data.grandlyon.com/files/grandlyon/imagerie/ortho2018/infrarouge/GeoTiff_YcBcR/1km_8cm_CC46/1856_5184_08_IR_CC46.tif;https://download.data.grandlyon.com/files/grandlyon/imagerie/ortho2018/infrarouge/tif/1km_8cm_CC46/1856_5184_08_IR_CC46.tif;1086
1856_5185_08_IR_CC46.tif;1856000;5185000;1857000;5186000;https://download.data.grandlyon.com/files/grandlyon/imagerie/ortho2018/infrarouge/GeoTiff_YcBcR/1km_8cm_CC46/1856_5185_08_IR_CC46.tif;https://download.data.grandlyon.com/files/grandlyon/imagerie/ortho2018/infrarouge/tif/1km_8cm_CC46/1856_5185_08_IR_CC46.tif;1087
1856_5186_08_IR_CC46.tif;1856000;5186000;1857000;5187000;https://download.data.grandlyon.com/files/grandlyon/imagerie/ortho2018/infrarouge/GeoTiff_YcBcR/1km_8cm_CC46/1856_5186_08_IR_CC46.tif;https://download.data.grandlyon.com/files/grandlyon/imagerie/ortho2018/infrarouge/tif/1km_8cm_CC46/1856_5186_08_IR_CC46.tif;1088
1856_5187_08_IR_CC46.tif;1856000;5187000;1857000;5188000;https://download.data.grandlyon.com/files/grandlyon/imagerie/ortho2018/infrarouge/GeoTiff_YcBcR/1km_8cm_CC46/1856_5187_08_IR_CC46.tif;https://download.data.grandlyon.com/files/grandlyon/imagerie/ortho2018/infrarouge/tif/1km_8cm_CC46/1856_5187_08_IR_CC46.tif;1089
1856_5188_08_IR_CC46.tif;1856000;5188000;1857000;5189000;https://download.data.grandlyon.com/files/grandlyon/imagerie/ortho2018/infrarouge/GeoTiff_YcBcR/1km_8cm_CC46/1856_5188_08_IR_CC46.tif;https://download.data.grandlyon.com/files/grandlyon/imagerie/ortho2018/infrarouge/tif/1km_8cm_CC46/1856_5188_08_IR_CC46.tif;1090
1857_5157_08_IR_CC46.tif;1857000;5157000;1858000;5158000;https://download.data.grandlyon.com/files/grandlyon/imagerie/ortho2018/infrarouge/GeoTiff_YcBcR/1km_8cm_CC46/1857_5157_08_IR_CC46.tif;https://download.data.grandlyon.com/files/grandlyon/imagerie/ortho2018/infrarouge/tif/1km_8cm_CC46/1857_5157_08_IR_CC46.tif;1091
1857_5158_08_IR_CC46.tif;1857000;5158000;1858000;5159000;https://download.data.grandlyon.com/files/grandlyon/imagerie/ortho2018/infrarouge/GeoTiff_YcBcR/1km_8cm_CC46/1857_5158_08_IR_CC46.tif;https://download.data.grandlyon.com/files/grandlyon/imagerie/ortho2018/infrarouge/tif/1km_8cm_CC46/1857_5158_08_IR_CC46.tif;1092
1857_5159_08_IR_CC46.tif;1857000;5159000;1858000;5160000;https://download.data.grandlyon.com/files/grandlyon/imagerie/ortho2018/infrarouge/GeoTiff_YcBcR/1km_8cm_CC46/1857_5159_08_IR_CC46.tif;https://download.data.grandlyon.com/files/grandlyon/imagerie/ortho2018/infrarouge/tif/1km_8cm_CC46/1857_5159_08_IR_CC46.tif;1093
1857_5160_08_IR_CC46.tif;1857000;5160000;1858000;5161000;https://download.data.grandlyon.com/files/grandlyon/imagerie/ortho2018/infrarouge/GeoTiff_YcBcR/1km_8cm_CC46/1857_5160_08_IR_CC46.tif;https://download.data.grandlyon.com/files/grandlyon/imagerie/ortho2018/infrarouge/tif/1km_8cm_CC46/1857_5160_08_IR_CC46.tif;1094
1857_5161_08_IR_CC46.tif;1857000;5161000;1858000;5162000;https://download.data.grandlyon.com/files/grandlyon/imagerie/ortho2018/infrarouge/GeoTiff_YcBcR/1km_8cm_CC46/1857_5161_08_IR_CC46.tif;https://download.data.grandlyon.com/files/grandlyon/imagerie/ortho2018/infrarouge/tif/1km_8cm_CC46/1857_5161_08_IR_CC46.tif;1095
1857_5162_08_IR_CC46.tif;1857000;5162000;1858000;5163000;https://download.data.grandlyon.com/files/grandlyon/imagerie/ortho2018/infrarouge/GeoTiff_YcBcR/1km_8cm_CC46/1857_5162_08_IR_CC46.tif;https://download.data.grandlyon.com/files/grandlyon/imagerie/ortho2018/infrarouge/tif/1km_8cm_CC46/1857_5162_08_IR_CC46.tif;1096
1857_5163_08_IR_CC46.tif;1857000;5163000;1858000;5164000;https://download.data.grandlyon.com/files/grandlyon/imagerie/ortho2018/infrarouge/GeoTiff_YcBcR/1km_8cm_CC46/1857_5163_08_IR_CC46.tif;https://download.data.grandlyon.com/files/grandlyon/imagerie/ortho2018/infrarouge/tif/1km_8cm_CC46/1857_5163_08_IR_CC46.tif;1097
1857_5164_08_IR_CC46.tif;1857000;5164000;1858000;5165000;https://download.data.grandlyon.com/files/grandlyon/imagerie/ortho2018/infrarouge/GeoTiff_YcBcR/1km_8cm_CC46/1857_5164_08_IR_CC46.tif;https://download.data.grandlyon.com/files/grandlyon/imagerie/ortho2018/infrarouge/tif/1km_8cm_CC46/1857_5164_08_IR_CC46.tif;1098
1857_5165_08_IR_CC46.tif;1857000;5165000;1858000;5166000;https://download.data.grandlyon.com/files/grandlyon/imagerie/ortho2018/infrarouge/GeoTiff_YcBcR/1km_8cm_CC46/1857_5165_08_IR_CC46.tif;https://download.data.grandlyon.com/files/grandlyon/imagerie/ortho2018/infrarouge/tif/1km_8cm_CC46/1857_5165_08_IR_CC46.tif;1099
1857_5166_08_IR_CC46.tif;1857000;5166000;1858000;5167000;https://download.data.grandlyon.com/files/grandlyon/imagerie/ortho2018/infrarouge/GeoTiff_YcBcR/1km_8cm_CC46/1857_5166_08_IR_CC46.tif;https://download.data.grandlyon.com/files/grandlyon/imagerie/ortho2018/infrarouge/tif/1km_8cm_CC46/1857_5166_08_IR_CC46.tif;1100
1857_5167_08_IR_CC46.tif;1857000;5167000;1858000;5168000;https://download.data.grandlyon.com/files/grandlyon/imagerie/ortho2018/infrarouge/GeoTiff_YcBcR/1km_8cm_CC46/1857_5167_08_IR_CC46.tif;https://download.data.grandlyon.com/files/grandlyon/imagerie/ortho2018/infrarouge/tif/1km_8cm_CC46/1857_5167_08_IR_CC46.tif;1101
1857_5168_08_IR_CC46.tif;1857000;5168000;1858000;5169000;https://download.data.grandlyon.com/files/grandlyon/imagerie/ortho2018/infrarouge/GeoTiff_YcBcR/1km_8cm_CC46/1857_5168_08_IR_CC46.tif;https://download.data.grandlyon.com/files/grandlyon/imagerie/ortho2018/infrarouge/tif/1km_8cm_CC46/1857_5168_08_IR_CC46.tif;1102
1857_5169_08_IR_CC46.tif;1857000;5169000;1858000;5170000;https://download.data.grandlyon.com/files/grandlyon/imagerie/ortho2018/infrarouge/GeoTiff_YcBcR/1km_8cm_CC46/1857_5169_08_IR_CC46.tif;https://download.data.grandlyon.com/files/grandlyon/imagerie/ortho2018/infrarouge/tif/1km_8cm_CC46/1857_5169_08_IR_CC46.tif;1103
1857_5170_08_IR_CC46.tif;1857000;5170000;1858000;5171000;https://download.data.grandlyon.com/files/grandlyon/imagerie/ortho2018/infrarouge/GeoTiff_YcBcR/1km_8cm_CC46/1857_5170_08_IR_CC46.tif;https://download.data.grandlyon.com/files/grandlyon/imagerie/ortho2018/infrarouge/tif/1km_8cm_CC46/1857_5170_08_IR_CC46.tif;1104
1857_5171_08_IR_CC46.tif;1857000;5171000;1858000;5172000;https://download.data.grandlyon.com/files/grandlyon/imagerie/ortho2018/infrarouge/GeoTiff_YcBcR/1km_8cm_CC46/1857_5171_08_IR_CC46.tif;https://download.data.grandlyon.com/files/grandlyon/imagerie/ortho2018/infrarouge/tif/1km_8cm_CC46/1857_5171_08_IR_CC46.tif;1105
1857_5172_08_IR_CC46.tif;1857000;5172000;1858000;5173000;https://download.data.grandlyon.com/files/grandlyon/imagerie/ortho2018/infrarouge/GeoTiff_YcBcR/1km_8cm_CC46/1857_5172_08_IR_CC46.tif;https://download.data.grandlyon.com/files/grandlyon/imagerie/ortho2018/infrarouge/tif/1km_8cm_CC46/1857_5172_08_IR_CC46.tif;1106
1857_5173_08_IR_CC46.tif;1857000;5173000;1858000;5174000;https://download.data.grandlyon.com/files/grandlyon/imagerie/ortho2018/infrarouge/GeoTiff_YcBcR/1km_8cm_CC46/1857_5173_08_IR_CC46.tif;https://download.data.grandlyon.com/files/grandlyon/imagerie/ortho2018/infrarouge/tif/1km_8cm_CC46/1857_5173_08_IR_CC46.tif;1107
1857_5174_08_IR_CC46.tif;1857000;5174000;1858000;5175000;https://download.data.grandlyon.com/files/grandlyon/imagerie/ortho2018/infrarouge/GeoTiff_YcBcR/1km_8cm_CC46/1857_5174_08_IR_CC46.tif;https://download.data.grandlyon.com/files/grandlyon/imagerie/ortho2018/infrarouge/tif/1km_8cm_CC46/1857_5174_08_IR_CC46.tif;1108
1857_5175_08_IR_CC46.tif;1857000;5175000;1858000;5176000;https://download.data.grandlyon.com/files/grandlyon/imagerie/ortho2018/infrarouge/GeoTiff_YcBcR/1km_8cm_CC46/1857_5175_08_IR_CC46.tif;https://download.data.grandlyon.com/files/grandlyon/imagerie/ortho2018/infrarouge/tif/1km_8cm_CC46/1857_5175_08_IR_CC46.tif;1109
1857_5176_08_IR_CC46.tif;1857000;5176000;1858000;5177000;https://download.data.grandlyon.com/files/grandlyon/imagerie/ortho2018/infrarouge/GeoTiff_YcBcR/1km_8cm_CC46/1857_5176_08_IR_CC46.tif;https://download.data.grandlyon.com/files/grandlyon/imagerie/ortho2018/infrarouge/tif/1km_8cm_CC46/1857_5176_08_IR_CC46.tif;1110
1857_5177_08_IR_CC46.tif;1857000;5177000;1858000;5178000;https://download.data.grandlyon.com/files/grandlyon/imagerie/ortho2018/infrarouge/GeoTiff_YcBcR/1km_8cm_CC46/1857_5177_08_IR_CC46.tif;https://download.data.grandlyon.com/files/grandlyon/imagerie/ortho2018/infrarouge/tif/1km_8cm_CC46/1857_5177_08_IR_CC46.tif;1111
1857_5178_08_IR_CC46.tif;1857000;5178000;1858000;5179000;https://download.data.grandlyon.com/files/grandlyon/imagerie/ortho2018/infrarouge/GeoTiff_YcBcR/1km_8cm_CC46/1857_5178_08_IR_CC46.tif;https://download.data.grandlyon.com/files/grandlyon/imagerie/ortho2018/infrarouge/tif/1km_8cm_CC46/1857_5178_08_IR_CC46.tif;1112
1857_5179_08_IR_CC46.tif;1857000;5179000;1858000;5180000;https://download.data.grandlyon.com/files/grandlyon/imagerie/ortho2018/infrarouge/GeoTiff_YcBcR/1km_8cm_CC46/1857_5179_08_IR_CC46.tif;https://download.data.grandlyon.com/files/grandlyon/imagerie/ortho2018/infrarouge/tif/1km_8cm_CC46/1857_5179_08_IR_CC46.tif;1113
1857_5180_08_IR_CC46.tif;1857000;5180000;1858000;5181000;https://download.data.grandlyon.com/files/grandlyon/imagerie/ortho2018/infrarouge/GeoTiff_YcBcR/1km_8cm_CC46/1857_5180_08_IR_CC46.tif;https://download.data.grandlyon.com/files/grandlyon/imagerie/ortho2018/infrarouge/tif/1km_8cm_CC46/1857_5180_08_IR_CC46.tif;1114
1857_5181_08_IR_CC46.tif;1857000;5181000;1858000;5182000;https://download.data.grandlyon.com/files/grandlyon/imagerie/ortho2018/infrarouge/GeoTiff_YcBcR/1km_8cm_CC46/1857_5181_08_IR_CC46.tif;https://download.data.grandlyon.com/files/grandlyon/imagerie/ortho2018/infrarouge/tif/1km_8cm_CC46/1857_5181_08_IR_CC46.tif;1115
1857_5182_08_IR_CC46.tif;1857000;5182000;1858000;5183000;https://download.data.grandlyon.com/files/grandlyon/imagerie/ortho2018/infrarouge/GeoTiff_YcBcR/1km_8cm_CC46/1857_5182_08_IR_CC46.tif;https://download.data.grandlyon.com/files/grandlyon/imagerie/ortho2018/infrarouge/tif/1km_8cm_CC46/1857_5182_08_IR_CC46.tif;1116
1857_5183_08_IR_CC46.tif;1857000;5183000;1858000;5184000;https://download.data.grandlyon.com/files/grandlyon/imagerie/ortho2018/infrarouge/GeoTiff_YcBcR/1km_8cm_CC46/1857_5183_08_IR_CC46.tif;https://download.data.grandlyon.com/files/grandlyon/imagerie/ortho2018/infrarouge/tif/1km_8cm_CC46/1857_5183_08_IR_CC46.tif;1117
1857_5184_08_IR_CC46.tif;1857000;5184000;1858000;5185000;https://download.data.grandlyon.com/files/grandlyon/imagerie/ortho2018/infrarouge/GeoTiff_YcBcR/1km_8cm_CC46/1857_5184_08_IR_CC46.tif;https://download.data.grandlyon.com/files/grandlyon/imagerie/ortho2018/infrarouge/tif/1km_8cm_CC46/1857_5184_08_IR_CC46.tif;1118
1857_5185_08_IR_CC46.tif;1857000;5185000;1858000;5186000;https://download.data.grandlyon.com/files/grandlyon/imagerie/ortho2018/infrarouge/GeoTiff_YcBcR/1km_8cm_CC46/1857_5185_08_IR_CC46.tif;https://download.data.grandlyon.com/files/grandlyon/imagerie/ortho2018/infrarouge/tif/1km_8cm_CC46/1857_5185_08_IR_CC46.tif;1119
1857_5186_08_IR_CC46.tif;1857000;5186000;1858000;5187000;https://download.data.grandlyon.com/files/grandlyon/imagerie/ortho2018/infrarouge/GeoTiff_YcBcR/1km_8cm_CC46/1857_5186_08_IR_CC46.tif;https://download.data.grandlyon.com/files/grandlyon/imagerie/ortho2018/infrarouge/tif/1km_8cm_CC46/1857_5186_08_IR_CC46.tif;1120
1857_5187_08_IR_CC46.tif;1857000;5187000;1858000;5188000;https://download.data.grandlyon.com/files/grandlyon/imagerie/ortho2018/infrarouge/GeoTiff_YcBcR/1km_8cm_CC46/1857_5187_08_IR_CC46.tif;https://download.data.grandlyon.com/files/grandlyon/imagerie/ortho2018/infrarouge/tif/1km_8cm_CC46/1857_5187_08_IR_CC46.tif;1121
1857_5188_08_IR_CC46.tif;1857000;5188000;1858000;5189000;https://download.data.grandlyon.com/files/grandlyon/imagerie/ortho2018/infrarouge/GeoTiff_YcBcR/1km_8cm_CC46/1857_5188_08_IR_CC46.tif;https://download.data.grandlyon.com/files/grandlyon/imagerie/ortho2018/infrarouge/tif/1km_8cm_CC46/1857_5188_08_IR_CC46.tif;1122
1858_5157_08_IR_CC46.tif;1858000;5157000;1859000;5158000;https://download.data.grandlyon.com/files/grandlyon/imagerie/ortho2018/infrarouge/GeoTiff_YcBcR/1km_8cm_CC46/1858_5157_08_IR_CC46.tif;https://download.data.grandlyon.com/files/grandlyon/imagerie/ortho2018/infrarouge/tif/1km_8cm_CC46/1858_5157_08_IR_CC46.tif;1123
1858_5158_08_IR_CC46.tif;1858000;5158000;1859000;5159000;https://download.data.grandlyon.com/files/grandlyon/imagerie/ortho2018/infrarouge/GeoTiff_YcBcR/1km_8cm_CC46/1858_5158_08_IR_CC46.tif;https://download.data.grandlyon.com/files/grandlyon/imagerie/ortho2018/infrarouge/tif/1km_8cm_CC46/1858_5158_08_IR_CC46.tif;1124
1858_5159_08_IR_CC46.tif;1858000;5159000;1859000;5160000;https://download.data.grandlyon.com/files/grandlyon/imagerie/ortho2018/infrarouge/GeoTiff_YcBcR/1km_8cm_CC46/1858_5159_08_IR_CC46.tif;https://download.data.grandlyon.com/files/grandlyon/imagerie/ortho2018/infrarouge/tif/1km_8cm_CC46/1858_5159_08_IR_CC46.tif;1125
1858_5160_08_IR_CC46.tif;1858000;5160000;1859000;5161000;https://download.data.grandlyon.com/files/grandlyon/imagerie/ortho2018/infrarouge/GeoTiff_YcBcR/1km_8cm_CC46/1858_5160_08_IR_CC46.tif;https://download.data.grandlyon.com/files/grandlyon/imagerie/ortho2018/infrarouge/tif/1km_8cm_CC46/1858_5160_08_IR_CC46.tif;1126
1858_5161_08_IR_CC46.tif;1858000;5161000;1859000;5162000;https://download.data.grandlyon.com/files/grandlyon/imagerie/ortho2018/infrarouge/GeoTiff_YcBcR/1km_8cm_CC46/1858_5161_08_IR_CC46.tif;https://download.data.grandlyon.com/files/grandlyon/imagerie/ortho2018/infrarouge/tif/1km_8cm_CC46/1858_5161_08_IR_CC46.tif;1127
1858_5162_08_IR_CC46.tif;1858000;5162000;1859000;5163000;https://download.data.grandlyon.com/files/grandlyon/imagerie/ortho2018/infrarouge/GeoTiff_YcBcR/1km_8cm_CC46/1858_5162_08_IR_CC46.tif;https://download.data.grandlyon.com/files/grandlyon/imagerie/ortho2018/infrarouge/tif/1km_8cm_CC46/1858_5162_08_IR_CC46.tif;1128
1858_5163_08_IR_CC46.tif;1858000;5163000;1859000;5164000;https://download.data.grandlyon.com/files/grandlyon/imagerie/ortho2018/infrarouge/GeoTiff_YcBcR/1km_8cm_CC46/1858_5163_08_IR_CC46.tif;https://download.data.grandlyon.com/files/grandlyon/imagerie/ortho2018/infrarouge/tif/1km_8cm_CC46/1858_5163_08_IR_CC46.tif;1129
1858_5164_08_IR_CC46.tif;1858000;5164000;1859000;5165000;https://download.data.grandlyon.com/files/grandlyon/imagerie/ortho2018/infrarouge/GeoTiff_YcBcR/1km_8cm_CC46/1858_5164_08_IR_CC46.tif;https://download.data.grandlyon.com/files/grandlyon/imagerie/ortho2018/infrarouge/tif/1km_8cm_CC46/1858_5164_08_IR_CC46.tif;1130
1858_5165_08_IR_CC46.tif;1858000;5165000;1859000;5166000;https://download.data.grandlyon.com/files/grandlyon/imagerie/ortho2018/infrarouge/GeoTiff_YcBcR/1km_8cm_CC46/1858_5165_08_IR_CC46.tif;https://download.data.grandlyon.com/files/grandlyon/imagerie/ortho2018/infrarouge/tif/1km_8cm_CC46/1858_5165_08_IR_CC46.tif;1131
1858_5166_08_IR_CC46.tif;1858000;5166000;1859000;5167000;https://download.data.grandlyon.com/files/grandlyon/imagerie/ortho2018/infrarouge/GeoTiff_YcBcR/1km_8cm_CC46/1858_5166_08_IR_CC46.tif;https://download.data.grandlyon.com/files/grandlyon/imagerie/ortho2018/infrarouge/tif/1km_8cm_CC46/1858_5166_08_IR_CC46.tif;1132
1858_5167_08_IR_CC46.tif;1858000;5167000;1859000;5168000;https://download.data.grandlyon.com/files/grandlyon/imagerie/ortho2018/infrarouge/GeoTiff_YcBcR/1km_8cm_CC46/1858_5167_08_IR_CC46.tif;https://download.data.grandlyon.com/files/grandlyon/imagerie/ortho2018/infrarouge/tif/1km_8cm_CC46/1858_5167_08_IR_CC46.tif;1133
1858_5168_08_IR_CC46.tif;1858000;5168000;1859000;5169000;https://download.data.grandlyon.com/files/grandlyon/imagerie/ortho2018/infrarouge/GeoTiff_YcBcR/1km_8cm_CC46/1858_5168_08_IR_CC46.tif;https://download.data.grandlyon.com/files/grandlyon/imagerie/ortho2018/infrarouge/tif/1km_8cm_CC46/1858_5168_08_IR_CC46.tif;1134
1858_5169_08_IR_CC46.tif;1858000;5169000;1859000;5170000;https://download.data.grandlyon.com/files/grandlyon/imagerie/ortho2018/infrarouge/GeoTiff_YcBcR/1km_8cm_CC46/1858_5169_08_IR_CC46.tif;https://download.data.grandlyon.com/files/grandlyon/imagerie/ortho2018/infrarouge/tif/1km_8cm_CC46/1858_5169_08_IR_CC46.tif;1135
1858_5170_08_IR_CC46.tif;1858000;5170000;1859000;5171000;https://download.data.grandlyon.com/files/grandlyon/imagerie/ortho2018/infrarouge/GeoTiff_YcBcR/1km_8cm_CC46/1858_5170_08_IR_CC46.tif;https://download.data.grandlyon.com/files/grandlyon/imagerie/ortho2018/infrarouge/tif/1km_8cm_CC46/1858_5170_08_IR_CC46.tif;1136
1858_5171_08_IR_CC46.tif;1858000;5171000;1859000;5172000;https://download.data.grandlyon.com/files/grandlyon/imagerie/ortho2018/infrarouge/GeoTiff_YcBcR/1km_8cm_CC46/1858_5171_08_IR_CC46.tif;https://download.data.grandlyon.com/files/grandlyon/imagerie/ortho2018/infrarouge/tif/1km_8cm_CC46/1858_5171_08_IR_CC46.tif;1137
1858_5172_08_IR_CC46.tif;1858000;5172000;1859000;5173000;https://download.data.grandlyon.com/files/grandlyon/imagerie/ortho2018/infrarouge/GeoTiff_YcBcR/1km_8cm_CC46/1858_5172_08_IR_CC46.tif;https://download.data.grandlyon.com/files/grandlyon/imagerie/ortho2018/infrarouge/tif/1km_8cm_CC46/1858_5172_08_IR_CC46.tif;1138
1858_5173_08_IR_CC46.tif;1858000;5173000;1859000;5174000;https://download.data.grandlyon.com/files/grandlyon/imagerie/ortho2018/infrarouge/GeoTiff_YcBcR/1km_8cm_CC46/1858_5173_08_IR_CC46.tif;https://download.data.grandlyon.com/files/grandlyon/imagerie/ortho2018/infrarouge/tif/1km_8cm_CC46/1858_5173_08_IR_CC46.tif;1139
1858_5174_08_IR_CC46.tif;1858000;5174000;1859000;5175000;https://download.data.grandlyon.com/files/grandlyon/imagerie/ortho2018/infrarouge/GeoTiff_YcBcR/1km_8cm_CC46/1858_5174_08_IR_CC46.tif;https://download.data.grandlyon.com/files/grandlyon/imagerie/ortho2018/infrarouge/tif/1km_8cm_CC46/1858_5174_08_IR_CC46.tif;1140
1858_5175_08_IR_CC46.tif;1858000;5175000;1859000;5176000;https://download.data.grandlyon.com/files/grandlyon/imagerie/ortho2018/infrarouge/GeoTiff_YcBcR/1km_8cm_CC46/1858_5175_08_IR_CC46.tif;https://download.data.grandlyon.com/files/grandlyon/imagerie/ortho2018/infrarouge/tif/1km_8cm_CC46/1858_5175_08_IR_CC46.tif;1141
1858_5176_08_IR_CC46.tif;1858000;5176000;1859000;5177000;https://download.data.grandlyon.com/files/grandlyon/imagerie/ortho2018/infrarouge/GeoTiff_YcBcR/1km_8cm_CC46/1858_5176_08_IR_CC46.tif;https://download.data.grandlyon.com/files/grandlyon/imagerie/ortho2018/infrarouge/tif/1km_8cm_CC46/1858_5176_08_IR_CC46.tif;1142
1858_5177_08_IR_CC46.tif;1858000;5177000;1859000;5178000;https://download.data.grandlyon.com/files/grandlyon/imagerie/ortho2018/infrarouge/GeoTiff_YcBcR/1km_8cm_CC46/1858_5177_08_IR_CC46.tif;https://download.data.grandlyon.com/files/grandlyon/imagerie/ortho2018/infrarouge/tif/1km_8cm_CC46/1858_5177_08_IR_CC46.tif;1143
1858_5178_08_IR_CC46.tif;1858000;5178000;1859000;5179000;https://download.data.grandlyon.com/files/grandlyon/imagerie/ortho2018/infrarouge/GeoTiff_YcBcR/1km_8cm_CC46/1858_5178_08_IR_CC46.tif;https://download.data.grandlyon.com/files/grandlyon/imagerie/ortho2018/infrarouge/tif/1km_8cm_CC46/1858_5178_08_IR_CC46.tif;1144
1858_5179_08_IR_CC46.tif;1858000;5179000;1859000;5180000;https://download.data.grandlyon.com/files/grandlyon/imagerie/ortho2018/infrarouge/GeoTiff_YcBcR/1km_8cm_CC46/1858_5179_08_IR_CC46.tif;https://download.data.grandlyon.com/files/grandlyon/imagerie/ortho2018/infrarouge/tif/1km_8cm_CC46/1858_5179_08_IR_CC46.tif;1145
1858_5180_08_IR_CC46.tif;1858000;5180000;1859000;5181000;https://download.data.grandlyon.com/files/grandlyon/imagerie/ortho2018/infrarouge/GeoTiff_YcBcR/1km_8cm_CC46/1858_5180_08_IR_CC46.tif;https://download.data.grandlyon.com/files/grandlyon/imagerie/ortho2018/infrarouge/tif/1km_8cm_CC46/1858_5180_08_IR_CC46.tif;1146
1858_5181_08_IR_CC46.tif;1858000;5181000;1859000;5182000;https://download.data.grandlyon.com/files/grandlyon/imagerie/ortho2018/infrarouge/GeoTiff_YcBcR/1km_8cm_CC46/1858_5181_08_IR_CC46.tif;https://download.data.grandlyon.com/files/grandlyon/imagerie/ortho2018/infrarouge/tif/1km_8cm_CC46/1858_5181_08_IR_CC46.tif;1147
1858_5182_08_IR_CC46.tif;1858000;5182000;1859000;5183000;https://download.data.grandlyon.com/files/grandlyon/imagerie/ortho2018/infrarouge/GeoTiff_YcBcR/1km_8cm_CC46/1858_5182_08_IR_CC46.tif;https://download.data.grandlyon.com/files/grandlyon/imagerie/ortho2018/infrarouge/tif/1km_8cm_CC46/1858_5182_08_IR_CC46.tif;1148
1858_5183_08_IR_CC46.tif;1858000;5183000;1859000;5184000;https://download.data.grandlyon.com/files/grandlyon/imagerie/ortho2018/infrarouge/GeoTiff_YcBcR/1km_8cm_CC46/1858_5183_08_IR_CC46.tif;https://download.data.grandlyon.com/files/grandlyon/imagerie/ortho2018/infrarouge/tif/1km_8cm_CC46/1858_5183_08_IR_CC46.tif;1149
1858_5184_08_IR_CC46.tif;1858000;5184000;1859000;5185000;https://download.data.grandlyon.com/files/grandlyon/imagerie/ortho2018/infrarouge/GeoTiff_YcBcR/1km_8cm_CC46/1858_5184_08_IR_CC46.tif;https://download.data.grandlyon.com/files/grandlyon/imagerie/ortho2018/infrarouge/tif/1km_8cm_CC46/1858_5184_08_IR_CC46.tif;1150
1858_5185_08_IR_CC46.tif;1858000;5185000;1859000;5186000;https://download.data.grandlyon.com/files/grandlyon/imagerie/ortho2018/infrarouge/GeoTiff_YcBcR/1km_8cm_CC46/1858_5185_08_IR_CC46.tif;https://download.data.grandlyon.com/files/grandlyon/imagerie/ortho2018/infrarouge/tif/1km_8cm_CC46/1858_5185_08_IR_CC46.tif;1151
1858_5186_08_IR_CC46.tif;1858000;5186000;1859000;5187000;https://download.data.grandlyon.com/files/grandlyon/imagerie/ortho2018/infrarouge/GeoTiff_YcBcR/1km_8cm_CC46/1858_5186_08_IR_CC46.tif;https://download.data.grandlyon.com/files/grandlyon/imagerie/ortho2018/infrarouge/tif/1km_8cm_CC46/1858_5186_08_IR_CC46.tif;1152
1858_5187_08_IR_CC46.tif;1858000;5187000;1859000;5188000;https://download.data.grandlyon.com/files/grandlyon/imagerie/ortho2018/infrarouge/GeoTiff_YcBcR/1km_8cm_CC46/1858_5187_08_IR_CC46.tif;https://download.data.grandlyon.com/files/grandlyon/imagerie/ortho2018/infrarouge/tif/1km_8cm_CC46/1858_5187_08_IR_CC46.tif;1153
1858_5188_08_IR_CC46.tif;1858000;5188000;1859000;5189000;https://download.data.grandlyon.com/files/grandlyon/imagerie/ortho2018/infrarouge/GeoTiff_YcBcR/1km_8cm_CC46/1858_5188_08_IR_CC46.tif;https://download.data.grandlyon.com/files/grandlyon/imagerie/ortho2018/infrarouge/tif/1km_8cm_CC46/1858_5188_08_IR_CC46.tif;1154
1859_5157_08_IR_CC46.tif;1859000;5157000;1860000;5158000;https://download.data.grandlyon.com/files/grandlyon/imagerie/ortho2018/infrarouge/GeoTiff_YcBcR/1km_8cm_CC46/1859_5157_08_IR_CC46.tif;https://download.data.grandlyon.com/files/grandlyon/imagerie/ortho2018/infrarouge/tif/1km_8cm_CC46/1859_5157_08_IR_CC46.tif;1155
1859_5158_08_IR_CC46.tif;1859000;5158000;1860000;5159000;https://download.data.grandlyon.com/files/grandlyon/imagerie/ortho2018/infrarouge/GeoTiff_YcBcR/1km_8cm_CC46/1859_5158_08_IR_CC46.tif;https://download.data.grandlyon.com/files/grandlyon/imagerie/ortho2018/infrarouge/tif/1km_8cm_CC46/1859_5158_08_IR_CC46.tif;1156
1859_5159_08_IR_CC46.tif;1859000;5159000;1860000;5160000;https://download.data.grandlyon.com/files/grandlyon/imagerie/ortho2018/infrarouge/GeoTiff_YcBcR/1km_8cm_CC46/1859_5159_08_IR_CC46.tif;https://download.data.grandlyon.com/files/grandlyon/imagerie/ortho2018/infrarouge/tif/1km_8cm_CC46/1859_5159_08_IR_CC46.tif;1157
1859_5160_08_IR_CC46.tif;1859000;5160000;1860000;5161000;https://download.data.grandlyon.com/files/grandlyon/imagerie/ortho2018/infrarouge/GeoTiff_YcBcR/1km_8cm_CC46/1859_5160_08_IR_CC46.tif;https://download.data.grandlyon.com/files/grandlyon/imagerie/ortho2018/infrarouge/tif/1km_8cm_CC46/1859_5160_08_IR_CC46.tif;1158
1859_5161_08_IR_CC46.tif;1859000;5161000;1860000;5162000;https://download.data.grandlyon.com/files/grandlyon/imagerie/ortho2018/infrarouge/GeoTiff_YcBcR/1km_8cm_CC46/1859_5161_08_IR_CC46.tif;https://download.data.grandlyon.com/files/grandlyon/imagerie/ortho2018/infrarouge/tif/1km_8cm_CC46/1859_5161_08_IR_CC46.tif;1159
1859_5162_08_IR_CC46.tif;1859000;5162000;1860000;5163000;https://download.data.grandlyon.com/files/grandlyon/imagerie/ortho2018/infrarouge/GeoTiff_YcBcR/1km_8cm_CC46/1859_5162_08_IR_CC46.tif;https://download.data.grandlyon.com/files/grandlyon/imagerie/ortho2018/infrarouge/tif/1km_8cm_CC46/1859_5162_08_IR_CC46.tif;1160
1859_5163_08_IR_CC46.tif;1859000;5163000;1860000;5164000;https://download.data.grandlyon.com/files/grandlyon/imagerie/ortho2018/infrarouge/GeoTiff_YcBcR/1km_8cm_CC46/1859_5163_08_IR_CC46.tif;https://download.data.grandlyon.com/files/grandlyon/imagerie/ortho2018/infrarouge/tif/1km_8cm_CC46/1859_5163_08_IR_CC46.tif;1161
1859_5164_08_IR_CC46.tif;1859000;5164000;1860000;5165000;https://download.data.grandlyon.com/files/grandlyon/imagerie/ortho2018/infrarouge/GeoTiff_YcBcR/1km_8cm_CC46/1859_5164_08_IR_CC46.tif;https://download.data.grandlyon.com/files/grandlyon/imagerie/ortho2018/infrarouge/tif/1km_8cm_CC46/1859_5164_08_IR_CC46.tif;1162
1859_5165_08_IR_CC46.tif;1859000;5165000;1860000;5166000;https://download.data.grandlyon.com/files/grandlyon/imagerie/ortho2018/infrarouge/GeoTiff_YcBcR/1km_8cm_CC46/1859_5165_08_IR_CC46.tif;https://download.data.grandlyon.com/files/grandlyon/imagerie/ortho2018/infrarouge/tif/1km_8cm_CC46/1859_5165_08_IR_CC46.tif;1163
1859_5166_08_IR_CC46.tif;1859000;5166000;1860000;5167000;https://download.data.grandlyon.com/files/grandlyon/imagerie/ortho2018/infrarouge/GeoTiff_YcBcR/1km_8cm_CC46/1859_5166_08_IR_CC46.tif;https://download.data.grandlyon.com/files/grandlyon/imagerie/ortho2018/infrarouge/tif/1km_8cm_CC46/1859_5166_08_IR_CC46.tif;1164
1859_5167_08_IR_CC46.tif;1859000;5167000;1860000;5168000;https://download.data.grandlyon.com/files/grandlyon/imagerie/ortho2018/infrarouge/GeoTiff_YcBcR/1km_8cm_CC46/1859_5167_08_IR_CC46.tif;https://download.data.grandlyon.com/files/grandlyon/imagerie/ortho2018/infrarouge/tif/1km_8cm_CC46/1859_5167_08_IR_CC46.tif;1165
1859_5168_08_IR_CC46.tif;1859000;5168000;1860000;5169000;https://download.data.grandlyon.com/files/grandlyon/imagerie/ortho2018/infrarouge/GeoTiff_YcBcR/1km_8cm_CC46/1859_5168_08_IR_CC46.tif;https://download.data.grandlyon.com/files/grandlyon/imagerie/ortho2018/infrarouge/tif/1km_8cm_CC46/1859_5168_08_IR_CC46.tif;1166
1859_5169_08_IR_CC46.tif;1859000;5169000;1860000;5170000;https://download.data.grandlyon.com/files/grandlyon/imagerie/ortho2018/infrarouge/GeoTiff_YcBcR/1km_8cm_CC46/1859_5169_08_IR_CC46.tif;https://download.data.grandlyon.com/files/grandlyon/imagerie/ortho2018/infrarouge/tif/1km_8cm_CC46/1859_5169_08_IR_CC46.tif;1167
1859_5170_08_IR_CC46.tif;1859000;5170000;1860000;5171000;https://download.data.grandlyon.com/files/grandlyon/imagerie/ortho2018/infrarouge/GeoTiff_YcBcR/1km_8cm_CC46/1859_5170_08_IR_CC46.tif;https://download.data.grandlyon.com/files/grandlyon/imagerie/ortho2018/infrarouge/tif/1km_8cm_CC46/1859_5170_08_IR_CC46.tif;1168
1859_5171_08_IR_CC46.tif;1859000;5171000;1860000;5172000;https://download.data.grandlyon.com/files/grandlyon/imagerie/ortho2018/infrarouge/GeoTiff_YcBcR/1km_8cm_CC46/1859_5171_08_IR_CC46.tif;https://download.data.grandlyon.com/files/grandlyon/imagerie/ortho2018/infrarouge/tif/1km_8cm_CC46/1859_5171_08_IR_CC46.tif;1169
1859_5172_08_IR_CC46.tif;1859000;5172000;1860000;5173000;https://download.data.grandlyon.com/files/grandlyon/imagerie/ortho2018/infrarouge/GeoTiff_YcBcR/1km_8cm_CC46/1859_5172_08_IR_CC46.tif;https://download.data.grandlyon.com/files/grandlyon/imagerie/ortho2018/infrarouge/tif/1km_8cm_CC46/1859_5172_08_IR_CC46.tif;1170
1859_5173_08_IR_CC46.tif;1859000;5173000;1860000;5174000;https://download.data.grandlyon.com/files/grandlyon/imagerie/ortho2018/infrarouge/GeoTiff_YcBcR/1km_8cm_CC46/1859_5173_08_IR_CC46.tif;https://download.data.grandlyon.com/files/grandlyon/imagerie/ortho2018/infrarouge/tif/1km_8cm_CC46/1859_5173_08_IR_CC46.tif;1171
1859_5174_08_IR_CC46.tif;1859000;5174000;1860000;5175000;https://download.data.grandlyon.com/files/grandlyon/imagerie/ortho2018/infrarouge/GeoTiff_YcBcR/1km_8cm_CC46/1859_5174_08_IR_CC46.tif;https://download.data.grandlyon.com/files/grandlyon/imagerie/ortho2018/infrarouge/tif/1km_8cm_CC46/1859_5174_08_IR_CC46.tif;1172
1859_5175_08_IR_CC46.tif;1859000;5175000;1860000;5176000;https://download.data.grandlyon.com/files/grandlyon/imagerie/ortho2018/infrarouge/GeoTiff_YcBcR/1km_8cm_CC46/1859_5175_08_IR_CC46.tif;https://download.data.grandlyon.com/files/grandlyon/imagerie/ortho2018/infrarouge/tif/1km_8cm_CC46/1859_5175_08_IR_CC46.tif;1173
1859_5176_08_IR_CC46.tif;1859000;5176000;1860000;5177000;https://download.data.grandlyon.com/files/grandlyon/imagerie/ortho2018/infrarouge/GeoTiff_YcBcR/1km_8cm_CC46/1859_5176_08_IR_CC46.tif;https://download.data.grandlyon.com/files/grandlyon/imagerie/ortho2018/infrarouge/tif/1km_8cm_CC46/1859_5176_08_IR_CC46.tif;1174
1859_5177_08_IR_CC46.tif;1859000;5177000;1860000;5178000;https://download.data.grandlyon.com/files/grandlyon/imagerie/ortho2018/infrarouge/GeoTiff_YcBcR/1km_8cm_CC46/1859_5177_08_IR_CC46.tif;https://download.data.grandlyon.com/files/grandlyon/imagerie/ortho2018/infrarouge/tif/1km_8cm_CC46/1859_5177_08_IR_CC46.tif;1175
1859_5178_08_IR_CC46.tif;1859000;5178000;1860000;5179000;https://download.data.grandlyon.com/files/grandlyon/imagerie/ortho2018/infrarouge/GeoTiff_YcBcR/1km_8cm_CC46/1859_5178_08_IR_CC46.tif;https://download.data.grandlyon.com/files/grandlyon/imagerie/ortho2018/infrarouge/tif/1km_8cm_CC46/1859_5178_08_IR_CC46.tif;1176
1859_5179_08_IR_CC46.tif;1859000;5179000;1860000;5180000;https://download.data.grandlyon.com/files/grandlyon/imagerie/ortho2018/infrarouge/GeoTiff_YcBcR/1km_8cm_CC46/1859_5179_08_IR_CC46.tif;https://download.data.grandlyon.com/files/grandlyon/imagerie/ortho2018/infrarouge/tif/1km_8cm_CC46/1859_5179_08_IR_CC46.tif;1177
1859_5180_08_IR_CC46.tif;1859000;5180000;1860000;5181000;https://download.data.grandlyon.com/files/grandlyon/imagerie/ortho2018/infrarouge/GeoTiff_YcBcR/1km_8cm_CC46/1859_5180_08_IR_CC46.tif;https://download.data.grandlyon.com/files/grandlyon/imagerie/ortho2018/infrarouge/tif/1km_8cm_CC46/1859_5180_08_IR_CC46.tif;1178
1859_5181_08_IR_CC46.tif;1859000;5181000;1860000;5182000;https://download.data.grandlyon.com/files/grandlyon/imagerie/ortho2018/infrarouge/GeoTiff_YcBcR/1km_8cm_CC46/1859_5181_08_IR_CC46.tif;https://download.data.grandlyon.com/files/grandlyon/imagerie/ortho2018/infrarouge/tif/1km_8cm_CC46/1859_5181_08_IR_CC46.tif;1179
1859_5182_08_IR_CC46.tif;1859000;5182000;1860000;5183000;https://download.data.grandlyon.com/files/grandlyon/imagerie/ortho2018/infrarouge/GeoTiff_YcBcR/1km_8cm_CC46/1859_5182_08_IR_CC46.tif;https://download.data.grandlyon.com/files/grandlyon/imagerie/ortho2018/infrarouge/tif/1km_8cm_CC46/1859_5182_08_IR_CC46.tif;1180
1859_5183_08_IR_CC46.tif;1859000;5183000;1860000;5184000;https://download.data.grandlyon.com/files/grandlyon/imagerie/ortho2018/infrarouge/GeoTiff_YcBcR/1km_8cm_CC46/1859_5183_08_IR_CC46.tif;https://download.data.grandlyon.com/files/grandlyon/imagerie/ortho2018/infrarouge/tif/1km_8cm_CC46/1859_5183_08_IR_CC46.tif;1181
1859_5184_08_IR_CC46.tif;1859000;5184000;1860000;5185000;https://download.data.grandlyon.com/files/grandlyon/imagerie/ortho2018/infrarouge/GeoTiff_YcBcR/1km_8cm_CC46/1859_5184_08_IR_CC46.tif;https://download.data.grandlyon.com/files/grandlyon/imagerie/ortho2018/infrarouge/tif/1km_8cm_CC46/1859_5184_08_IR_CC46.tif;1182
1859_5185_08_IR_CC46.tif;1859000;5185000;1860000;5186000;https://download.data.grandlyon.com/files/grandlyon/imagerie/ortho2018/infrarouge/GeoTiff_YcBcR/1km_8cm_CC46/1859_5185_08_IR_CC46.tif;https://download.data.grandlyon.com/files/grandlyon/imagerie/ortho2018/infrarouge/tif/1km_8cm_CC46/1859_5185_08_IR_CC46.tif;1183
1859_5186_08_IR_CC46.tif;1859000;5186000;1860000;5187000;https://download.data.grandlyon.com/files/grandlyon/imagerie/ortho2018/infrarouge/GeoTiff_YcBcR/1km_8cm_CC46/1859_5186_08_IR_CC46.tif;https://download.data.grandlyon.com/files/grandlyon/imagerie/ortho2018/infrarouge/tif/1km_8cm_CC46/1859_5186_08_IR_CC46.tif;1184
1859_5187_08_IR_CC46.tif;1859000;5187000;1860000;5188000;https://download.data.grandlyon.com/files/grandlyon/imagerie/ortho2018/infrarouge/GeoTiff_YcBcR/1km_8cm_CC46/1859_5187_08_IR_CC46.tif;https://download.data.grandlyon.com/files/grandlyon/imagerie/ortho2018/infrarouge/tif/1km_8cm_CC46/1859_5187_08_IR_CC46.tif;1185
1859_5188_08_IR_CC46.tif;1859000;5188000;1860000;5189000;https://download.data.grandlyon.com/files/grandlyon/imagerie/ortho2018/infrarouge/GeoTiff_YcBcR/1km_8cm_CC46/1859_5188_08_IR_CC46.tif;https://download.data.grandlyon.com/files/grandlyon/imagerie/ortho2018/infrarouge/tif/1km_8cm_CC46/1859_5188_08_IR_CC46.tif;1186
1860_5157_08_IR_CC46.tif;1860000;5157000;1861000;5158000;https://download.data.grandlyon.com/files/grandlyon/imagerie/ortho2018/infrarouge/GeoTiff_YcBcR/1km_8cm_CC46/1860_5157_08_IR_CC46.tif;https://download.data.grandlyon.com/files/grandlyon/imagerie/ortho2018/infrarouge/tif/1km_8cm_CC46/1860_5157_08_IR_CC46.tif;1187
1860_5158_08_IR_CC46.tif;1860000;5158000;1861000;5159000;https://download.data.grandlyon.com/files/grandlyon/imagerie/ortho2018/infrarouge/GeoTiff_YcBcR/1km_8cm_CC46/1860_5158_08_IR_CC46.tif;https://download.data.grandlyon.com/files/grandlyon/imagerie/ortho2018/infrarouge/tif/1km_8cm_CC46/1860_5158_08_IR_CC46.tif;1188
1860_5159_08_IR_CC46.tif;1860000;5159000;1861000;5160000;https://download.data.grandlyon.com/files/grandlyon/imagerie/ortho2018/infrarouge/GeoTiff_YcBcR/1km_8cm_CC46/1860_5159_08_IR_CC46.tif;https://download.data.grandlyon.com/files/grandlyon/imagerie/ortho2018/infrarouge/tif/1km_8cm_CC46/1860_5159_08_IR_CC46.tif;1189
1860_5160_08_IR_CC46.tif;1860000;5160000;1861000;5161000;https://download.data.grandlyon.com/files/grandlyon/imagerie/ortho2018/infrarouge/GeoTiff_YcBcR/1km_8cm_CC46/1860_5160_08_IR_CC46.tif;https://download.data.grandlyon.com/files/grandlyon/imagerie/ortho2018/infrarouge/tif/1km_8cm_CC46/1860_5160_08_IR_CC46.tif;1190
1860_5161_08_IR_CC46.tif;1860000;5161000;1861000;5162000;https://download.data.grandlyon.com/files/grandlyon/imagerie/ortho2018/infrarouge/GeoTiff_YcBcR/1km_8cm_CC46/1860_5161_08_IR_CC46.tif;https://download.data.grandlyon.com/files/grandlyon/imagerie/ortho2018/infrarouge/tif/1km_8cm_CC46/1860_5161_08_IR_CC46.tif;1191
1860_5162_08_IR_CC46.tif;1860000;5162000;1861000;5163000;https://download.data.grandlyon.com/files/grandlyon/imagerie/ortho2018/infrarouge/GeoTiff_YcBcR/1km_8cm_CC46/1860_5162_08_IR_CC46.tif;https://download.data.grandlyon.com/files/grandlyon/imagerie/ortho2018/infrarouge/tif/1km_8cm_CC46/1860_5162_08_IR_CC46.tif;1192
1860_5163_08_IR_CC46.tif;1860000;5163000;1861000;5164000;https://download.data.grandlyon.com/files/grandlyon/imagerie/ortho2018/infrarouge/GeoTiff_YcBcR/1km_8cm_CC46/1860_5163_08_IR_CC46.tif;https://download.data.grandlyon.com/files/grandlyon/imagerie/ortho2018/infrarouge/tif/1km_8cm_CC46/1860_5163_08_IR_CC46.tif;1193
1860_5164_08_IR_CC46.tif;1860000;5164000;1861000;5165000;https://download.data.grandlyon.com/files/grandlyon/imagerie/ortho2018/infrarouge/GeoTiff_YcBcR/1km_8cm_CC46/1860_5164_08_IR_CC46.tif;https://download.data.grandlyon.com/files/grandlyon/imagerie/ortho2018/infrarouge/tif/1km_8cm_CC46/1860_5164_08_IR_CC46.tif;1194
1860_5165_08_IR_CC46.tif;1860000;5165000;1861000;5166000;https://download.data.grandlyon.com/files/grandlyon/imagerie/ortho2018/infrarouge/GeoTiff_YcBcR/1km_8cm_CC46/1860_5165_08_IR_CC46.tif;https://download.data.grandlyon.com/files/grandlyon/imagerie/ortho2018/infrarouge/tif/1km_8cm_CC46/1860_5165_08_IR_CC46.tif;1195
1860_5166_08_IR_CC46.tif;1860000;5166000;1861000;5167000;https://download.data.grandlyon.com/files/grandlyon/imagerie/ortho2018/infrarouge/GeoTiff_YcBcR/1km_8cm_CC46/1860_5166_08_IR_CC46.tif;https://download.data.grandlyon.com/files/grandlyon/imagerie/ortho2018/infrarouge/tif/1km_8cm_CC46/1860_5166_08_IR_CC46.tif;1196
1860_5167_08_IR_CC46.tif;1860000;5167000;1861000;5168000;https://download.data.grandlyon.com/files/grandlyon/imagerie/ortho2018/infrarouge/GeoTiff_YcBcR/1km_8cm_CC46/1860_5167_08_IR_CC46.tif;https://download.data.grandlyon.com/files/grandlyon/imagerie/ortho2018/infrarouge/tif/1km_8cm_CC46/1860_5167_08_IR_CC46.tif;1197
1860_5168_08_IR_CC46.tif;1860000;5168000;1861000;5169000;https://download.data.grandlyon.com/files/grandlyon/imagerie/ortho2018/infrarouge/GeoTiff_YcBcR/1km_8cm_CC46/1860_5168_08_IR_CC46.tif;https://download.data.grandlyon.com/files/grandlyon/imagerie/ortho2018/infrarouge/tif/1km_8cm_CC46/1860_5168_08_IR_CC46.tif;1198
1860_5169_08_IR_CC46.tif;1860000;5169000;1861000;5170000;https://download.data.grandlyon.com/files/grandlyon/imagerie/ortho2018/infrarouge/GeoTiff_YcBcR/1km_8cm_CC46/1860_5169_08_IR_CC46.tif;https://download.data.grandlyon.com/files/grandlyon/imagerie/ortho2018/infrarouge/tif/1km_8cm_CC46/1860_5169_08_IR_CC46.tif;1199
1860_5170_08_IR_CC46.tif;1860000;5170000;1861000;5171000;https://download.data.grandlyon.com/files/grandlyon/imagerie/ortho2018/infrarouge/GeoTiff_YcBcR/1km_8cm_CC46/1860_5170_08_IR_CC46.tif;https://download.data.grandlyon.com/files/grandlyon/imagerie/ortho2018/infrarouge/tif/1km_8cm_CC46/1860_5170_08_IR_CC46.tif;1200
1860_5171_08_IR_CC46.tif;1860000;5171000;1861000;5172000;https://download.data.grandlyon.com/files/grandlyon/imagerie/ortho2018/infrarouge/GeoTiff_YcBcR/1km_8cm_CC46/1860_5171_08_IR_CC46.tif;https://download.data.grandlyon.com/files/grandlyon/imagerie/ortho2018/infrarouge/tif/1km_8cm_CC46/1860_5171_08_IR_CC46.tif;1201
1860_5172_08_IR_CC46.tif;1860000;5172000;1861000;5173000;https://download.data.grandlyon.com/files/grandlyon/imagerie/ortho2018/infrarouge/GeoTiff_YcBcR/1km_8cm_CC46/1860_5172_08_IR_CC46.tif;https://download.data.grandlyon.com/files/grandlyon/imagerie/ortho2018/infrarouge/tif/1km_8cm_CC46/1860_5172_08_IR_CC46.tif;1202
1860_5173_08_IR_CC46.tif;1860000;5173000;1861000;5174000;https://download.data.grandlyon.com/files/grandlyon/imagerie/ortho2018/infrarouge/GeoTiff_YcBcR/1km_8cm_CC46/1860_5173_08_IR_CC46.tif;https://download.data.grandlyon.com/files/grandlyon/imagerie/ortho2018/infrarouge/tif/1km_8cm_CC46/1860_5173_08_IR_CC46.tif;1203
1860_5174_08_IR_CC46.tif;1860000;5174000;1861000;5175000;https://download.data.grandlyon.com/files/grandlyon/imagerie/ortho2018/infrarouge/GeoTiff_YcBcR/1km_8cm_CC46/1860_5174_08_IR_CC46.tif;https://download.data.grandlyon.com/files/grandlyon/imagerie/ortho2018/infrarouge/tif/1km_8cm_CC46/1860_5174_08_IR_CC46.tif;1204
1860_5175_08_IR_CC46.tif;1860000;5175000;1861000;5176000;https://download.data.grandlyon.com/files/grandlyon/imagerie/ortho2018/infrarouge/GeoTiff_YcBcR/1km_8cm_CC46/1860_5175_08_IR_CC46.tif;https://download.data.grandlyon.com/files/grandlyon/imagerie/ortho2018/infrarouge/tif/1km_8cm_CC46/1860_5175_08_IR_CC46.tif;1205
1860_5176_08_IR_CC46.tif;1860000;5176000;1861000;5177000;https://download.data.grandlyon.com/files/grandlyon/imagerie/ortho2018/infrarouge/GeoTiff_YcBcR/1km_8cm_CC46/1860_5176_08_IR_CC46.tif;https://download.data.grandlyon.com/files/grandlyon/imagerie/ortho2018/infrarouge/tif/1km_8cm_CC46/1860_5176_08_IR_CC46.tif;1206
1860_5177_08_IR_CC46.tif;1860000;5177000;1861000;5178000;https://download.data.grandlyon.com/files/grandlyon/imagerie/ortho2018/infrarouge/GeoTiff_YcBcR/1km_8cm_CC46/1860_5177_08_IR_CC46.tif;https://download.data.grandlyon.com/files/grandlyon/imagerie/ortho2018/infrarouge/tif/1km_8cm_CC46/1860_5177_08_IR_CC46.tif;1207
1860_5178_08_IR_CC46.tif;1860000;5178000;1861000;5179000;https://download.data.grandlyon.com/files/grandlyon/imagerie/ortho2018/infrarouge/GeoTiff_YcBcR/1km_8cm_CC46/1860_5178_08_IR_CC46.tif;https://download.data.grandlyon.com/files/grandlyon/imagerie/ortho2018/infrarouge/tif/1km_8cm_CC46/1860_5178_08_IR_CC46.tif;1208
1860_5179_08_IR_CC46.tif;1860000;5179000;1861000;5180000;https://download.data.grandlyon.com/files/grandlyon/imagerie/ortho2018/infrarouge/GeoTiff_YcBcR/1km_8cm_CC46/1860_5179_08_IR_CC46.tif;https://download.data.grandlyon.com/files/grandlyon/imagerie/ortho2018/infrarouge/tif/1km_8cm_CC46/1860_5179_08_IR_CC46.tif;1209
1860_5180_08_IR_CC46.tif;1860000;5180000;1861000;5181000;https://download.data.grandlyon.com/files/grandlyon/imagerie/ortho2018/infrarouge/GeoTiff_YcBcR/1km_8cm_CC46/1860_5180_08_IR_CC46.tif;https://download.data.grandlyon.com/files/grandlyon/imagerie/ortho2018/infrarouge/tif/1km_8cm_CC46/1860_5180_08_IR_CC46.tif;1210
1860_5181_08_IR_CC46.tif;1860000;5181000;1861000;5182000;https://download.data.grandlyon.com/files/grandlyon/imagerie/ortho2018/infrarouge/GeoTiff_YcBcR/1km_8cm_CC46/1860_5181_08_IR_CC46.tif;https://download.data.grandlyon.com/files/grandlyon/imagerie/ortho2018/infrarouge/tif/1km_8cm_CC46/1860_5181_08_IR_CC46.tif;1211
1860_5182_08_IR_CC46.tif;1860000;5182000;1861000;5183000;https://download.data.grandlyon.com/files/grandlyon/imagerie/ortho2018/infrarouge/GeoTiff_YcBcR/1km_8cm_CC46/1860_5182_08_IR_CC46.tif;https://download.data.grandlyon.com/files/grandlyon/imagerie/ortho2018/infrarouge/tif/1km_8cm_CC46/1860_5182_08_IR_CC46.tif;1212
1860_5183_08_IR_CC46.tif;1860000;5183000;1861000;5184000;https://download.data.grandlyon.com/files/grandlyon/imagerie/ortho2018/infrarouge/GeoTiff_YcBcR/1km_8cm_CC46/1860_5183_08_IR_CC46.tif;https://download.data.grandlyon.com/files/grandlyon/imagerie/ortho2018/infrarouge/tif/1km_8cm_CC46/1860_5183_08_IR_CC46.tif;1213
1860_5184_08_IR_CC46.tif;1860000;5184000;1861000;5185000;https://download.data.grandlyon.com/files/grandlyon/imagerie/ortho2018/infrarouge/GeoTiff_YcBcR/1km_8cm_CC46/1860_5184_08_IR_CC46.tif;https://download.data.grandlyon.com/files/grandlyon/imagerie/ortho2018/infrarouge/tif/1km_8cm_CC46/1860_5184_08_IR_CC46.tif;1214
1860_5185_08_IR_CC46.tif;1860000;5185000;1861000;5186000;https://download.data.grandlyon.com/files/grandlyon/imagerie/ortho2018/infrarouge/GeoTiff_YcBcR/1km_8cm_CC46/1860_5185_08_IR_CC46.tif;https://download.data.grandlyon.com/files/grandlyon/imagerie/ortho2018/infrarouge/tif/1km_8cm_CC46/1860_5185_08_IR_CC46.tif;1215
1860_5186_08_IR_CC46.tif;1860000;5186000;1861000;5187000;https://download.data.grandlyon.com/files/grandlyon/imagerie/ortho2018/infrarouge/GeoTiff_YcBcR/1km_8cm_CC46/1860_5186_08_IR_CC46.tif;https://download.data.grandlyon.com/files/grandlyon/imagerie/ortho2018/infrarouge/tif/1km_8cm_CC46/1860_5186_08_IR_CC46.tif;1216
1860_5187_08_IR_CC46.tif;1860000;5187000;1861000;5188000;https://download.data.grandlyon.com/files/grandlyon/imagerie/ortho2018/infrarouge/GeoTiff_YcBcR/1km_8cm_CC46/1860_5187_08_IR_CC46.tif;https://download.data.grandlyon.com/files/grandlyon/imagerie/ortho2018/infrarouge/tif/1km_8cm_CC46/1860_5187_08_IR_CC46.tif;1217
1860_5188_08_IR_CC46.tif;1860000;5188000;1861000;5189000;https://download.data.grandlyon.com/files/grandlyon/imagerie/ortho2018/infrarouge/GeoTiff_YcBcR/1km_8cm_CC46/1860_5188_08_IR_CC46.tif;https://download.data.grandlyon.com/files/grandlyon/imagerie/ortho2018/infrarouge/tif/1km_8cm_CC46/1860_5188_08_IR_CC46.tif;1218
1861_5157_08_IR_CC46.tif;1861000;5157000;1862000;5158000;https://download.data.grandlyon.com/files/grandlyon/imagerie/ortho2018/infrarouge/GeoTiff_YcBcR/1km_8cm_CC46/1861_5157_08_IR_CC46.tif;https://download.data.grandlyon.com/files/grandlyon/imagerie/ortho2018/infrarouge/tif/1km_8cm_CC46/1861_5157_08_IR_CC46.tif;1219
1861_5158_08_IR_CC46.tif;1861000;5158000;1862000;5159000;https://download.data.grandlyon.com/files/grandlyon/imagerie/ortho2018/infrarouge/GeoTiff_YcBcR/1km_8cm_CC46/1861_5158_08_IR_CC46.tif;https://download.data.grandlyon.com/files/grandlyon/imagerie/ortho2018/infrarouge/tif/1km_8cm_CC46/1861_5158_08_IR_CC46.tif;1220
1861_5159_08_IR_CC46.tif;1861000;5159000;1862000;5160000;https://download.data.grandlyon.com/files/grandlyon/imagerie/ortho2018/infrarouge/GeoTiff_YcBcR/1km_8cm_CC46/1861_5159_08_IR_CC46.tif;https://download.data.grandlyon.com/files/grandlyon/imagerie/ortho2018/infrarouge/tif/1km_8cm_CC46/1861_5159_08_IR_CC46.tif;1221
1861_5160_08_IR_CC46.tif;1861000;5160000;1862000;5161000;https://download.data.grandlyon.com/files/grandlyon/imagerie/ortho2018/infrarouge/GeoTiff_YcBcR/1km_8cm_CC46/1861_5160_08_IR_CC46.tif;https://download.data.grandlyon.com/files/grandlyon/imagerie/ortho2018/infrarouge/tif/1km_8cm_CC46/1861_5160_08_IR_CC46.tif;1222
1861_5161_08_IR_CC46.tif;1861000;5161000;1862000;5162000;https://download.data.grandlyon.com/files/grandlyon/imagerie/ortho2018/infrarouge/GeoTiff_YcBcR/1km_8cm_CC46/1861_5161_08_IR_CC46.tif;https://download.data.grandlyon.com/files/grandlyon/imagerie/ortho2018/infrarouge/tif/1km_8cm_CC46/1861_5161_08_IR_CC46.tif;1223
1861_5162_08_IR_CC46.tif;1861000;5162000;1862000;5163000;https://download.data.grandlyon.com/files/grandlyon/imagerie/ortho2018/infrarouge/GeoTiff_YcBcR/1km_8cm_CC46/1861_5162_08_IR_CC46.tif;https://download.data.grandlyon.com/files/grandlyon/imagerie/ortho2018/infrarouge/tif/1km_8cm_CC46/1861_5162_08_IR_CC46.tif;1224
1861_5163_08_IR_CC46.tif;1861000;5163000;1862000;5164000;https://download.data.grandlyon.com/files/grandlyon/imagerie/ortho2018/infrarouge/GeoTiff_YcBcR/1km_8cm_CC46/1861_5163_08_IR_CC46.tif;https://download.data.grandlyon.com/files/grandlyon/imagerie/ortho2018/infrarouge/tif/1km_8cm_CC46/1861_5163_08_IR_CC46.tif;1225
1861_5164_08_IR_CC46.tif;1861000;5164000;1862000;5165000;https://download.data.grandlyon.com/files/grandlyon/imagerie/ortho2018/infrarouge/GeoTiff_YcBcR/1km_8cm_CC46/1861_5164_08_IR_CC46.tif;https://download.data.grandlyon.com/files/grandlyon/imagerie/ortho2018/infrarouge/tif/1km_8cm_CC46/1861_5164_08_IR_CC46.tif;1226
1861_5165_08_IR_CC46.tif;1861000;5165000;1862000;5166000;https://download.data.grandlyon.com/files/grandlyon/imagerie/ortho2018/infrarouge/GeoTiff_YcBcR/1km_8cm_CC46/1861_5165_08_IR_CC46.tif;https://download.data.grandlyon.com/files/grandlyon/imagerie/ortho2018/infrarouge/tif/1km_8cm_CC46/1861_5165_08_IR_CC46.tif;1227
1861_5166_08_IR_CC46.tif;1861000;5166000;1862000;5167000;https://download.data.grandlyon.com/files/grandlyon/imagerie/ortho2018/infrarouge/GeoTiff_YcBcR/1km_8cm_CC46/1861_5166_08_IR_CC46.tif;https://download.data.grandlyon.com/files/grandlyon/imagerie/ortho2018/infrarouge/tif/1km_8cm_CC46/1861_5166_08_IR_CC46.tif;1228
1861_5167_08_IR_CC46.tif;1861000;5167000;1862000;5168000;https://download.data.grandlyon.com/files/grandlyon/imagerie/ortho2018/infrarouge/GeoTiff_YcBcR/1km_8cm_CC46/1861_5167_08_IR_CC46.tif;https://download.data.grandlyon.com/files/grandlyon/imagerie/ortho2018/infrarouge/tif/1km_8cm_CC46/1861_5167_08_IR_CC46.tif;1229
1861_5168_08_IR_CC46.tif;1861000;5168000;1862000;5169000;https://download.data.grandlyon.com/files/grandlyon/imagerie/ortho2018/infrarouge/GeoTiff_YcBcR/1km_8cm_CC46/1861_5168_08_IR_CC46.tif;https://download.data.grandlyon.com/files/grandlyon/imagerie/ortho2018/infrarouge/tif/1km_8cm_CC46/1861_5168_08_IR_CC46.tif;1230
1861_5169_08_IR_CC46.tif;1861000;5169000;1862000;5170000;https://download.data.grandlyon.com/files/grandlyon/imagerie/ortho2018/infrarouge/GeoTiff_YcBcR/1km_8cm_CC46/1861_5169_08_IR_CC46.tif;https://download.data.grandlyon.com/files/grandlyon/imagerie/ortho2018/infrarouge/tif/1km_8cm_CC46/1861_5169_08_IR_CC46.tif;1231
1861_5170_08_IR_CC46.tif;1861000;5170000;1862000;5171000;https://download.data.grandlyon.com/files/grandlyon/imagerie/ortho2018/infrarouge/GeoTiff_YcBcR/1km_8cm_CC46/1861_5170_08_IR_CC46.tif;https://download.data.grandlyon.com/files/grandlyon/imagerie/ortho2018/infrarouge/tif/1km_8cm_CC46/1861_5170_08_IR_CC46.tif;1232
1861_5171_08_IR_CC46.tif;1861000;5171000;1862000;5172000;https://download.data.grandlyon.com/files/grandlyon/imagerie/ortho2018/infrarouge/GeoTiff_YcBcR/1km_8cm_CC46/1861_5171_08_IR_CC46.tif;https://download.data.grandlyon.com/files/grandlyon/imagerie/ortho2018/infrarouge/tif/1km_8cm_CC46/1861_5171_08_IR_CC46.tif;1233
1861_5172_08_IR_CC46.tif;1861000;5172000;1862000;5173000;https://download.data.grandlyon.com/files/grandlyon/imagerie/ortho2018/infrarouge/GeoTiff_YcBcR/1km_8cm_CC46/1861_5172_08_IR_CC46.tif;https://download.data.grandlyon.com/files/grandlyon/imagerie/ortho2018/infrarouge/tif/1km_8cm_CC46/1861_5172_08_IR_CC46.tif;1234
1861_5173_08_IR_CC46.tif;1861000;5173000;1862000;5174000;https://download.data.grandlyon.com/files/grandlyon/imagerie/ortho2018/infrarouge/GeoTiff_YcBcR/1km_8cm_CC46/1861_5173_08_IR_CC46.tif;https://download.data.grandlyon.com/files/grandlyon/imagerie/ortho2018/infrarouge/tif/1km_8cm_CC46/1861_5173_08_IR_CC46.tif;1235
1861_5174_08_IR_CC46.tif;1861000;5174000;1862000;5175000;https://download.data.grandlyon.com/files/grandlyon/imagerie/ortho2018/infrarouge/GeoTiff_YcBcR/1km_8cm_CC46/1861_5174_08_IR_CC46.tif;https://download.data.grandlyon.com/files/grandlyon/imagerie/ortho2018/infrarouge/tif/1km_8cm_CC46/1861_5174_08_IR_CC46.tif;1236
1861_5175_08_IR_CC46.tif;1861000;5175000;1862000;5176000;https://download.data.grandlyon.com/files/grandlyon/imagerie/ortho2018/infrarouge/GeoTiff_YcBcR/1km_8cm_CC46/1861_5175_08_IR_CC46.tif;https://download.data.grandlyon.com/files/grandlyon/imagerie/ortho2018/infrarouge/tif/1km_8cm_CC46/1861_5175_08_IR_CC46.tif;1237
1861_5176_08_IR_CC46.tif;1861000;5176000;1862000;5177000;https://download.data.grandlyon.com/files/grandlyon/imagerie/ortho2018/infrarouge/GeoTiff_YcBcR/1km_8cm_CC46/1861_5176_08_IR_CC46.tif;https://download.data.grandlyon.com/files/grandlyon/imagerie/ortho2018/infrarouge/tif/1km_8cm_CC46/1861_5176_08_IR_CC46.tif;1238
1861_5177_08_IR_CC46.tif;1861000;5177000;1862000;5178000;https://download.data.grandlyon.com/files/grandlyon/imagerie/ortho2018/infrarouge/GeoTiff_YcBcR/1km_8cm_CC46/1861_5177_08_IR_CC46.tif;https://download.data.grandlyon.com/files/grandlyon/imagerie/ortho2018/infrarouge/tif/1km_8cm_CC46/1861_5177_08_IR_CC46.tif;1239
1861_5178_08_IR_CC46.tif;1861000;5178000;1862000;5179000;https://download.data.grandlyon.com/files/grandlyon/imagerie/ortho2018/infrarouge/GeoTiff_YcBcR/1km_8cm_CC46/1861_5178_08_IR_CC46.tif;https://download.data.grandlyon.com/files/grandlyon/imagerie/ortho2018/infrarouge/tif/1km_8cm_CC46/1861_5178_08_IR_CC46.tif;1240
1861_5179_08_IR_CC46.tif;1861000;5179000;1862000;5180000;https://download.data.grandlyon.com/files/grandlyon/imagerie/ortho2018/infrarouge/GeoTiff_YcBcR/1km_8cm_CC46/1861_5179_08_IR_CC46.tif;https://download.data.grandlyon.com/files/grandlyon/imagerie/ortho2018/infrarouge/tif/1km_8cm_CC46/1861_5179_08_IR_CC46.tif;1241
1861_5180_08_IR_CC46.tif;1861000;5180000;1862000;5181000;https://download.data.grandlyon.com/files/grandlyon/imagerie/ortho2018/infrarouge/GeoTiff_YcBcR/1km_8cm_CC46/1861_5180_08_IR_CC46.tif;https://download.data.grandlyon.com/files/grandlyon/imagerie/ortho2018/infrarouge/tif/1km_8cm_CC46/1861_5180_08_IR_CC46.tif;1242
1861_5181_08_IR_CC46.tif;1861000;5181000;1862000;5182000;https://download.data.grandlyon.com/files/grandlyon/imagerie/ortho2018/infrarouge/GeoTiff_YcBcR/1km_8cm_CC46/1861_5181_08_IR_CC46.tif;https://download.data.grandlyon.com/files/grandlyon/imagerie/ortho2018/infrarouge/tif/1km_8cm_CC46/1861_5181_08_IR_CC46.tif;1243
1861_5182_08_IR_CC46.tif;1861000;5182000;1862000;5183000;https://download.data.grandlyon.com/files/grandlyon/imagerie/ortho2018/infrarouge/GeoTiff_YcBcR/1km_8cm_CC46/1861_5182_08_IR_CC46.tif;https://download.data.grandlyon.com/files/grandlyon/imagerie/ortho2018/infrarouge/tif/1km_8cm_CC46/1861_5182_08_IR_CC46.tif;1244
1861_5183_08_IR_CC46.tif;1861000;5183000;1862000;5184000;https://download.data.grandlyon.com/files/grandlyon/imagerie/ortho2018/infrarouge/GeoTiff_YcBcR/1km_8cm_CC46/1861_5183_08_IR_CC46.tif;https://download.data.grandlyon.com/files/grandlyon/imagerie/ortho2018/infrarouge/tif/1km_8cm_CC46/1861_5183_08_IR_CC46.tif;1245
1861_5184_08_IR_CC46.tif;1861000;5184000;1862000;5185000;https://download.data.grandlyon.com/files/grandlyon/imagerie/ortho2018/infrarouge/GeoTiff_YcBcR/1km_8cm_CC46/1861_5184_08_IR_CC46.tif;https://download.data.grandlyon.com/files/grandlyon/imagerie/ortho2018/infrarouge/tif/1km_8cm_CC46/1861_5184_08_IR_CC46.tif;1246
1861_5185_08_IR_CC46.tif;1861000;5185000;1862000;5186000;https://download.data.grandlyon.com/files/grandlyon/imagerie/ortho2018/infrarouge/GeoTiff_YcBcR/1km_8cm_CC46/1861_5185_08_IR_CC46.tif;https://download.data.grandlyon.com/files/grandlyon/imagerie/ortho2018/infrarouge/tif/1km_8cm_CC46/1861_5185_08_IR_CC46.tif;1247
1861_5186_08_IR_CC46.tif;1861000;5186000;1862000;5187000;https://download.data.grandlyon.com/files/grandlyon/imagerie/ortho2018/infrarouge/GeoTiff_YcBcR/1km_8cm_CC46/1861_5186_08_IR_CC46.tif;https://download.data.grandlyon.com/files/grandlyon/imagerie/ortho2018/infrarouge/tif/1km_8cm_CC46/1861_5186_08_IR_CC46.tif;1248
1861_5187_08_IR_CC46.tif;1861000;5187000;1862000;5188000;https://download.data.grandlyon.com/files/grandlyon/imagerie/ortho2018/infrarouge/GeoTiff_YcBcR/1km_8cm_CC46/1861_5187_08_IR_CC46.tif;https://download.data.grandlyon.com/files/grandlyon/imagerie/ortho2018/infrarouge/tif/1km_8cm_CC46/1861_5187_08_IR_CC46.tif;1249
1861_5188_08_IR_CC46.tif;1861000;5188000;1862000;5189000;https://download.data.grandlyon.com/files/grandlyon/imagerie/ortho2018/infrarouge/GeoTiff_YcBcR/1km_8cm_CC46/1861_5188_08_IR_CC46.tif;https://download.data.grandlyon.com/files/grandlyon/imagerie/ortho2018/infrarouge/tif/1km_8cm_CC46/1861_5188_08_IR_CC46.tif;1250
1862_5157_08_IR_CC46.tif;1862000;5157000;1863000;5158000;https://download.data.grandlyon.com/files/grandlyon/imagerie/ortho2018/infrarouge/GeoTiff_YcBcR/1km_8cm_CC46/1862_5157_08_IR_CC46.tif;https://download.data.grandlyon.com/files/grandlyon/imagerie/ortho2018/infrarouge/tif/1km_8cm_CC46/1862_5157_08_IR_CC46.tif;1251
1862_5158_08_IR_CC46.tif;1862000;5158000;1863000;5159000;https://download.data.grandlyon.com/files/grandlyon/imagerie/ortho2018/infrarouge/GeoTiff_YcBcR/1km_8cm_CC46/1862_5158_08_IR_CC46.tif;https://download.data.grandlyon.com/files/grandlyon/imagerie/ortho2018/infrarouge/tif/1km_8cm_CC46/1862_5158_08_IR_CC46.tif;1252
1862_5159_08_IR_CC46.tif;1862000;5159000;1863000;5160000;https://download.data.grandlyon.com/files/grandlyon/imagerie/ortho2018/infrarouge/GeoTiff_YcBcR/1km_8cm_CC46/1862_5159_08_IR_CC46.tif;https://download.data.grandlyon.com/files/grandlyon/imagerie/ortho2018/infrarouge/tif/1km_8cm_CC46/1862_5159_08_IR_CC46.tif;1253
1862_5160_08_IR_CC46.tif;1862000;5160000;1863000;5161000;https://download.data.grandlyon.com/files/grandlyon/imagerie/ortho2018/infrarouge/GeoTiff_YcBcR/1km_8cm_CC46/1862_5160_08_IR_CC46.tif;https://download.data.grandlyon.com/files/grandlyon/imagerie/ortho2018/infrarouge/tif/1km_8cm_CC46/1862_5160_08_IR_CC46.tif;1254
1862_5161_08_IR_CC46.tif;1862000;5161000;1863000;5162000;https://download.data.grandlyon.com/files/grandlyon/imagerie/ortho2018/infrarouge/GeoTiff_YcBcR/1km_8cm_CC46/1862_5161_08_IR_CC46.tif;https://download.data.grandlyon.com/files/grandlyon/imagerie/ortho2018/infrarouge/tif/1km_8cm_CC46/1862_5161_08_IR_CC46.tif;1255
1862_5162_08_IR_CC46.tif;1862000;5162000;1863000;5163000;https://download.data.grandlyon.com/files/grandlyon/imagerie/ortho2018/infrarouge/GeoTiff_YcBcR/1km_8cm_CC46/1862_5162_08_IR_CC46.tif;https://download.data.grandlyon.com/files/grandlyon/imagerie/ortho2018/infrarouge/tif/1km_8cm_CC46/1862_5162_08_IR_CC46.tif;1256
1862_5163_08_IR_CC46.tif;1862000;5163000;1863000;5164000;https://download.data.grandlyon.com/files/grandlyon/imagerie/ortho2018/infrarouge/GeoTiff_YcBcR/1km_8cm_CC46/1862_5163_08_IR_CC46.tif;https://download.data.grandlyon.com/files/grandlyon/imagerie/ortho2018/infrarouge/tif/1km_8cm_CC46/1862_5163_08_IR_CC46.tif;1257
1862_5164_08_IR_CC46.tif;1862000;5164000;1863000;5165000;https://download.data.grandlyon.com/files/grandlyon/imagerie/ortho2018/infrarouge/GeoTiff_YcBcR/1km_8cm_CC46/1862_5164_08_IR_CC46.tif;https://download.data.grandlyon.com/files/grandlyon/imagerie/ortho2018/infrarouge/tif/1km_8cm_CC46/1862_5164_08_IR_CC46.tif;1258
1862_5165_08_IR_CC46.tif;1862000;5165000;1863000;5166000;https://download.data.grandlyon.com/files/grandlyon/imagerie/ortho2018/infrarouge/GeoTiff_YcBcR/1km_8cm_CC46/1862_5165_08_IR_CC46.tif;https://download.data.grandlyon.com/files/grandlyon/imagerie/ortho2018/infrarouge/tif/1km_8cm_CC46/1862_5165_08_IR_CC46.tif;1259
1862_5166_08_IR_CC46.tif;1862000;5166000;1863000;5167000;https://download.data.grandlyon.com/files/grandlyon/imagerie/ortho2018/infrarouge/GeoTiff_YcBcR/1km_8cm_CC46/1862_5166_08_IR_CC46.tif;https://download.data.grandlyon.com/files/grandlyon/imagerie/ortho2018/infrarouge/tif/1km_8cm_CC46/1862_5166_08_IR_CC46.tif;1260
1862_5167_08_IR_CC46.tif;1862000;5167000;1863000;5168000;https://download.data.grandlyon.com/files/grandlyon/imagerie/ortho2018/infrarouge/GeoTiff_YcBcR/1km_8cm_CC46/1862_5167_08_IR_CC46.tif;https://download.data.grandlyon.com/files/grandlyon/imagerie/ortho2018/infrarouge/tif/1km_8cm_CC46/1862_5167_08_IR_CC46.tif;1261
1862_5168_08_IR_CC46.tif;1862000;5168000;1863000;5169000;https://download.data.grandlyon.com/files/grandlyon/imagerie/ortho2018/infrarouge/GeoTiff_YcBcR/1km_8cm_CC46/1862_5168_08_IR_CC46.tif;https://download.data.grandlyon.com/files/grandlyon/imagerie/ortho2018/infrarouge/tif/1km_8cm_CC46/1862_5168_08_IR_CC46.tif;1262
1862_5169_08_IR_CC46.tif;1862000;5169000;1863000;5170000;https://download.data.grandlyon.com/files/grandlyon/imagerie/ortho2018/infrarouge/GeoTiff_YcBcR/1km_8cm_CC46/1862_5169_08_IR_CC46.tif;https://download.data.grandlyon.com/files/grandlyon/imagerie/ortho2018/infrarouge/tif/1km_8cm_CC46/1862_5169_08_IR_CC46.tif;1263
1862_5170_08_IR_CC46.tif;1862000;5170000;1863000;5171000;https://download.data.grandlyon.com/files/grandlyon/imagerie/ortho2018/infrarouge/GeoTiff_YcBcR/1km_8cm_CC46/1862_5170_08_IR_CC46.tif;https://download.data.grandlyon.com/files/grandlyon/imagerie/ortho2018/infrarouge/tif/1km_8cm_CC46/1862_5170_08_IR_CC46.tif;1264
1862_5171_08_IR_CC46.tif;1862000;5171000;1863000;5172000;https://download.data.grandlyon.com/files/grandlyon/imagerie/ortho2018/infrarouge/GeoTiff_YcBcR/1km_8cm_CC46/1862_5171_08_IR_CC46.tif;https://download.data.grandlyon.com/files/grandlyon/imagerie/ortho2018/infrarouge/tif/1km_8cm_CC46/1862_5171_08_IR_CC46.tif;1265
1862_5172_08_IR_CC46.tif;1862000;5172000;1863000;5173000;https://download.data.grandlyon.com/files/grandlyon/imagerie/ortho2018/infrarouge/GeoTiff_YcBcR/1km_8cm_CC46/1862_5172_08_IR_CC46.tif;https://download.data.grandlyon.com/files/grandlyon/imagerie/ortho2018/infrarouge/tif/1km_8cm_CC46/1862_5172_08_IR_CC46.tif;1266
1862_5173_08_IR_CC46.tif;1862000;5173000;1863000;5174000;https://download.data.grandlyon.com/files/grandlyon/imagerie/ortho2018/infrarouge/GeoTiff_YcBcR/1km_8cm_CC46/1862_5173_08_IR_CC46.tif;https://download.data.grandlyon.com/files/grandlyon/imagerie/ortho2018/infrarouge/tif/1km_8cm_CC46/1862_5173_08_IR_CC46.tif;1267
1862_5174_08_IR_CC46.tif;1862000;5174000;1863000;5175000;https://download.data.grandlyon.com/files/grandlyon/imagerie/ortho2018/infrarouge/GeoTiff_YcBcR/1km_8cm_CC46/1862_5174_08_IR_CC46.tif;https://download.data.grandlyon.com/files/grandlyon/imagerie/ortho2018/infrarouge/tif/1km_8cm_CC46/1862_5174_08_IR_CC46.tif;1268
1862_5175_08_IR_CC46.tif;1862000;5175000;1863000;5176000;https://download.data.grandlyon.com/files/grandlyon/imagerie/ortho2018/infrarouge/GeoTiff_YcBcR/1km_8cm_CC46/1862_5175_08_IR_CC46.tif;https://download.data.grandlyon.com/files/grandlyon/imagerie/ortho2018/infrarouge/tif/1km_8cm_CC46/1862_5175_08_IR_CC46.tif;1269
1862_5176_08_IR_CC46.tif;1862000;5176000;1863000;5177000;https://download.data.grandlyon.com/files/grandlyon/imagerie/ortho2018/infrarouge/GeoTiff_YcBcR/1km_8cm_CC46/1862_5176_08_IR_CC46.tif;https://download.data.grandlyon.com/files/grandlyon/imagerie/ortho2018/infrarouge/tif/1km_8cm_CC46/1862_5176_08_IR_CC46.tif;1270
1862_5177_08_IR_CC46.tif;1862000;5177000;1863000;5178000;https://download.data.grandlyon.com/files/grandlyon/imagerie/ortho2018/infrarouge/GeoTiff_YcBcR/1km_8cm_CC46/1862_5177_08_IR_CC46.tif;https://download.data.grandlyon.com/files/grandlyon/imagerie/ortho2018/infrarouge/tif/1km_8cm_CC46/1862_5177_08_IR_CC46.tif;1271
1862_5178_08_IR_CC46.tif;1862000;5178000;1863000;5179000;https://download.data.grandlyon.com/files/grandlyon/imagerie/ortho2018/infrarouge/GeoTiff_YcBcR/1km_8cm_CC46/1862_5178_08_IR_CC46.tif;https://download.data.grandlyon.com/files/grandlyon/imagerie/ortho2018/infrarouge/tif/1km_8cm_CC46/1862_5178_08_IR_CC46.tif;1272
1862_5179_08_IR_CC46.tif;1862000;5179000;1863000;5180000;https://download.data.grandlyon.com/files/grandlyon/imagerie/ortho2018/infrarouge/GeoTiff_YcBcR/1km_8cm_CC46/1862_5179_08_IR_CC46.tif;https://download.data.grandlyon.com/files/grandlyon/imagerie/ortho2018/infrarouge/tif/1km_8cm_CC46/1862_5179_08_IR_CC46.tif;1273
1862_5180_08_IR_CC46.tif;1862000;5180000;1863000;5181000;https://download.data.grandlyon.com/files/grandlyon/imagerie/ortho2018/infrarouge/GeoTiff_YcBcR/1km_8cm_CC46/1862_5180_08_IR_CC46.tif;https://download.data.grandlyon.com/files/grandlyon/imagerie/ortho2018/infrarouge/tif/1km_8cm_CC46/1862_5180_08_IR_CC46.tif;1274
1862_5181_08_IR_CC46.tif;1862000;5181000;1863000;5182000;https://download.data.grandlyon.com/files/grandlyon/imagerie/ortho2018/infrarouge/GeoTiff_YcBcR/1km_8cm_CC46/1862_5181_08_IR_CC46.tif;https://download.data.grandlyon.com/files/grandlyon/imagerie/ortho2018/infrarouge/tif/1km_8cm_CC46/1862_5181_08_IR_CC46.tif;1275
1862_5182_08_IR_CC46.tif;1862000;5182000;1863000;5183000;https://download.data.grandlyon.com/files/grandlyon/imagerie/ortho2018/infrarouge/GeoTiff_YcBcR/1km_8cm_CC46/1862_5182_08_IR_CC46.tif;https://download.data.grandlyon.com/files/grandlyon/imagerie/ortho2018/infrarouge/tif/1km_8cm_CC46/1862_5182_08_IR_CC46.tif;1276
1862_5183_08_IR_CC46.tif;1862000;5183000;1863000;5184000;https://download.data.grandlyon.com/files/grandlyon/imagerie/ortho2018/infrarouge/GeoTiff_YcBcR/1km_8cm_CC46/1862_5183_08_IR_CC46.tif;https://download.data.grandlyon.com/files/grandlyon/imagerie/ortho2018/infrarouge/tif/1km_8cm_CC46/1862_5183_08_IR_CC46.tif;1277
1862_5184_08_IR_CC46.tif;1862000;5184000;1863000;5185000;https://download.data.grandlyon.com/files/grandlyon/imagerie/ortho2018/infrarouge/GeoTiff_YcBcR/1km_8cm_CC46/1862_5184_08_IR_CC46.tif;https://download.data.grandlyon.com/files/grandlyon/imagerie/ortho2018/infrarouge/tif/1km_8cm_CC46/1862_5184_08_IR_CC46.tif;1278
1862_5185_08_IR_CC46.tif;1862000;5185000;1863000;5186000;https://download.data.grandlyon.com/files/grandlyon/imagerie/ortho2018/infrarouge/GeoTiff_YcBcR/1km_8cm_CC46/1862_5185_08_IR_CC46.tif;https://download.data.grandlyon.com/files/grandlyon/imagerie/ortho2018/infrarouge/tif/1km_8cm_CC46/1862_5185_08_IR_CC46.tif;1279
1862_5186_08_IR_CC46.tif;1862000;5186000;1863000;5187000;https://download.data.grandlyon.com/files/grandlyon/imagerie/ortho2018/infrarouge/GeoTiff_YcBcR/1km_8cm_CC46/1862_5186_08_IR_CC46.tif;https://download.data.grandlyon.com/files/grandlyon/imagerie/ortho2018/infrarouge/tif/1km_8cm_CC46/1862_5186_08_IR_CC46.tif;1280
1862_5187_08_IR_CC46.tif;1862000;5187000;1863000;5188000;https://download.data.grandlyon.com/files/grandlyon/imagerie/ortho2018/infrarouge/GeoTiff_YcBcR/1km_8cm_CC46/1862_5187_08_IR_CC46.tif;https://download.data.grandlyon.com/files/grandlyon/imagerie/ortho2018/infrarouge/tif/1km_8cm_CC46/1862_5187_08_IR_CC46.tif;1281
1862_5188_08_IR_CC46.tif;1862000;5188000;1863000;5189000;https://download.data.grandlyon.com/files/grandlyon/imagerie/ortho2018/infrarouge/GeoTiff_YcBcR/1km_8cm_CC46/1862_5188_08_IR_CC46.tif;https://download.data.grandlyon.com/files/grandlyon/imagerie/ortho2018/infrarouge/tif/1km_8cm_CC46/1862_5188_08_IR_CC46.tif;1282
1863_5157_08_IR_CC46.tif;1863000;5157000;1864000;5158000;https://download.data.grandlyon.com/files/grandlyon/imagerie/ortho2018/infrarouge/GeoTiff_YcBcR/1km_8cm_CC46/1863_5157_08_IR_CC46.tif;https://download.data.grandlyon.com/files/grandlyon/imagerie/ortho2018/infrarouge/tif/1km_8cm_CC46/1863_5157_08_IR_CC46.tif;1283
1863_5158_08_IR_CC46.tif;1863000;5158000;1864000;5159000;https://download.data.grandlyon.com/files/grandlyon/imagerie/ortho2018/infrarouge/GeoTiff_YcBcR/1km_8cm_CC46/1863_5158_08_IR_CC46.tif;https://download.data.grandlyon.com/files/grandlyon/imagerie/ortho2018/infrarouge/tif/1km_8cm_CC46/1863_5158_08_IR_CC46.tif;1284
1863_5159_08_IR_CC46.tif;1863000;5159000;1864000;5160000;https://download.data.grandlyon.com/files/grandlyon/imagerie/ortho2018/infrarouge/GeoTiff_YcBcR/1km_8cm_CC46/1863_5159_08_IR_CC46.tif;https://download.data.grandlyon.com/files/grandlyon/imagerie/ortho2018/infrarouge/tif/1km_8cm_CC46/1863_5159_08_IR_CC46.tif;1285
1863_5160_08_IR_CC46.tif;1863000;5160000;1864000;5161000;https://download.data.grandlyon.com/files/grandlyon/imagerie/ortho2018/infrarouge/GeoTiff_YcBcR/1km_8cm_CC46/1863_5160_08_IR_CC46.tif;https://download.data.grandlyon.com/files/grandlyon/imagerie/ortho2018/infrarouge/tif/1km_8cm_CC46/1863_5160_08_IR_CC46.tif;1286
1863_5161_08_IR_CC46.tif;1863000;5161000;1864000;5162000;https://download.data.grandlyon.com/files/grandlyon/imagerie/ortho2018/infrarouge/GeoTiff_YcBcR/1km_8cm_CC46/1863_5161_08_IR_CC46.tif;https://download.data.grandlyon.com/files/grandlyon/imagerie/ortho2018/infrarouge/tif/1km_8cm_CC46/1863_5161_08_IR_CC46.tif;1287
1863_5162_08_IR_CC46.tif;1863000;5162000;1864000;5163000;https://download.data.grandlyon.com/files/grandlyon/imagerie/ortho2018/infrarouge/GeoTiff_YcBcR/1km_8cm_CC46/1863_5162_08_IR_CC46.tif;https://download.data.grandlyon.com/files/grandlyon/imagerie/ortho2018/infrarouge/tif/1km_8cm_CC46/1863_5162_08_IR_CC46.tif;1288
1863_5163_08_IR_CC46.tif;1863000;5163000;1864000;5164000;https://download.data.grandlyon.com/files/grandlyon/imagerie/ortho2018/infrarouge/GeoTiff_YcBcR/1km_8cm_CC46/1863_5163_08_IR_CC46.tif;https://download.data.grandlyon.com/files/grandlyon/imagerie/ortho2018/infrarouge/tif/1km_8cm_CC46/1863_5163_08_IR_CC46.tif;1289
1863_5164_08_IR_CC46.tif;1863000;5164000;1864000;5165000;https://download.data.grandlyon.com/files/grandlyon/imagerie/ortho2018/infrarouge/GeoTiff_YcBcR/1km_8cm_CC46/1863_5164_08_IR_CC46.tif;https://download.data.grandlyon.com/files/grandlyon/imagerie/ortho2018/infrarouge/tif/1km_8cm_CC46/1863_5164_08_IR_CC46.tif;1290
1863_5165_08_IR_CC46.tif;1863000;5165000;1864000;5166000;https://download.data.grandlyon.com/files/grandlyon/imagerie/ortho2018/infrarouge/GeoTiff_YcBcR/1km_8cm_CC46/1863_5165_08_IR_CC46.tif;https://download.data.grandlyon.com/files/grandlyon/imagerie/ortho2018/infrarouge/tif/1km_8cm_CC46/1863_5165_08_IR_CC46.tif;1291
1863_5166_08_IR_CC46.tif;1863000;5166000;1864000;5167000;https://download.data.grandlyon.com/files/grandlyon/imagerie/ortho2018/infrarouge/GeoTiff_YcBcR/1km_8cm_CC46/1863_5166_08_IR_CC46.tif;https://download.data.grandlyon.com/files/grandlyon/imagerie/ortho2018/infrarouge/tif/1km_8cm_CC46/1863_5166_08_IR_CC46.tif;1292
1863_5167_08_IR_CC46.tif;1863000;5167000;1864000;5168000;https://download.data.grandlyon.com/files/grandlyon/imagerie/ortho2018/infrarouge/GeoTiff_YcBcR/1km_8cm_CC46/1863_5167_08_IR_CC46.tif;https://download.data.grandlyon.com/files/grandlyon/imagerie/ortho2018/infrarouge/tif/1km_8cm_CC46/1863_5167_08_IR_CC46.tif;1293
1863_5168_08_IR_CC46.tif;1863000;5168000;1864000;5169000;https://download.data.grandlyon.com/files/grandlyon/imagerie/ortho2018/infrarouge/GeoTiff_YcBcR/1km_8cm_CC46/1863_5168_08_IR_CC46.tif;https://download.data.grandlyon.com/files/grandlyon/imagerie/ortho2018/infrarouge/tif/1km_8cm_CC46/1863_5168_08_IR_CC46.tif;1294
1863_5169_08_IR_CC46.tif;1863000;5169000;1864000;5170000;https://download.data.grandlyon.com/files/grandlyon/imagerie/ortho2018/infrarouge/GeoTiff_YcBcR/1km_8cm_CC46/1863_5169_08_IR_CC46.tif;https://download.data.grandlyon.com/files/grandlyon/imagerie/ortho2018/infrarouge/tif/1km_8cm_CC46/1863_5169_08_IR_CC46.tif;1295
1863_5170_08_IR_CC46.tif;1863000;5170000;1864000;5171000;https://download.data.grandlyon.com/files/grandlyon/imagerie/ortho2018/infrarouge/GeoTiff_YcBcR/1km_8cm_CC46/1863_5170_08_IR_CC46.tif;https://download.data.grandlyon.com/files/grandlyon/imagerie/ortho2018/infrarouge/tif/1km_8cm_CC46/1863_5170_08_IR_CC46.tif;1296
1863_5171_08_IR_CC46.tif;1863000;5171000;1864000;5172000;https://download.data.grandlyon.com/files/grandlyon/imagerie/ortho2018/infrarouge/GeoTiff_YcBcR/1km_8cm_CC46/1863_5171_08_IR_CC46.tif;https://download.data.grandlyon.com/files/grandlyon/imagerie/ortho2018/infrarouge/tif/1km_8cm_CC46/1863_5171_08_IR_CC46.tif;1297
1863_5172_08_IR_CC46.tif;1863000;5172000;1864000;5173000;https://download.data.grandlyon.com/files/grandlyon/imagerie/ortho2018/infrarouge/GeoTiff_YcBcR/1km_8cm_CC46/1863_5172_08_IR_CC46.tif;https://download.data.grandlyon.com/files/grandlyon/imagerie/ortho2018/infrarouge/tif/1km_8cm_CC46/1863_5172_08_IR_CC46.tif;1298
1863_5173_08_IR_CC46.tif;1863000;5173000;1864000;5174000;https://download.data.grandlyon.com/files/grandlyon/imagerie/ortho2018/infrarouge/GeoTiff_YcBcR/1km_8cm_CC46/1863_5173_08_IR_CC46.tif;https://download.data.grandlyon.com/files/grandlyon/imagerie/ortho2018/infrarouge/tif/1km_8cm_CC46/1863_5173_08_IR_CC46.tif;1299
1863_5174_08_IR_CC46.tif;1863000;5174000;1864000;5175000;https://download.data.grandlyon.com/files/grandlyon/imagerie/ortho2018/infrarouge/GeoTiff_YcBcR/1km_8cm_CC46/1863_5174_08_IR_CC46.tif;https://download.data.grandlyon.com/files/grandlyon/imagerie/ortho2018/infrarouge/tif/1km_8cm_CC46/1863_5174_08_IR_CC46.tif;1300
1863_5175_08_IR_CC46.tif;1863000;5175000;1864000;5176000;https://download.data.grandlyon.com/files/grandlyon/imagerie/ortho2018/infrarouge/GeoTiff_YcBcR/1km_8cm_CC46/1863_5175_08_IR_CC46.tif;https://download.data.grandlyon.com/files/grandlyon/imagerie/ortho2018/infrarouge/tif/1km_8cm_CC46/1863_5175_08_IR_CC46.tif;1301
1863_5176_08_IR_CC46.tif;1863000;5176000;1864000;5177000;https://download.data.grandlyon.com/files/grandlyon/imagerie/ortho2018/infrarouge/GeoTiff_YcBcR/1km_8cm_CC46/1863_5176_08_IR_CC46.tif;https://download.data.grandlyon.com/files/grandlyon/imagerie/ortho2018/infrarouge/tif/1km_8cm_CC46/1863_5176_08_IR_CC46.tif;1302
1863_5177_08_IR_CC46.tif;1863000;5177000;1864000;5178000;https://download.data.grandlyon.com/files/grandlyon/imagerie/ortho2018/infrarouge/GeoTiff_YcBcR/1km_8cm_CC46/1863_5177_08_IR_CC46.tif;https://download.data.grandlyon.com/files/grandlyon/imagerie/ortho2018/infrarouge/tif/1km_8cm_CC46/1863_5177_08_IR_CC46.tif;1303
1863_5178_08_IR_CC46.tif;1863000;5178000;1864000;5179000;https://download.data.grandlyon.com/files/grandlyon/imagerie/ortho2018/infrarouge/GeoTiff_YcBcR/1km_8cm_CC46/1863_5178_08_IR_CC46.tif;https://download.data.grandlyon.com/files/grandlyon/imagerie/ortho2018/infrarouge/tif/1km_8cm_CC46/1863_5178_08_IR_CC46.tif;1304
1863_5179_08_IR_CC46.tif;1863000;5179000;1864000;5180000;https://download.data.grandlyon.com/files/grandlyon/imagerie/ortho2018/infrarouge/GeoTiff_YcBcR/1km_8cm_CC46/1863_5179_08_IR_CC46.tif;https://download.data.grandlyon.com/files/grandlyon/imagerie/ortho2018/infrarouge/tif/1km_8cm_CC46/1863_5179_08_IR_CC46.tif;1305
1863_5180_08_IR_CC46.tif;1863000;5180000;1864000;5181000;https://download.data.grandlyon.com/files/grandlyon/imagerie/ortho2018/infrarouge/GeoTiff_YcBcR/1km_8cm_CC46/1863_5180_08_IR_CC46.tif;https://download.data.grandlyon.com/files/grandlyon/imagerie/ortho2018/infrarouge/tif/1km_8cm_CC46/1863_5180_08_IR_CC46.tif;1306
1863_5181_08_IR_CC46.tif;1863000;5181000;1864000;5182000;https://download.data.grandlyon.com/files/grandlyon/imagerie/ortho2018/infrarouge/GeoTiff_YcBcR/1km_8cm_CC46/1863_5181_08_IR_CC46.tif;https://download.data.grandlyon.com/files/grandlyon/imagerie/ortho2018/infrarouge/tif/1km_8cm_CC46/1863_5181_08_IR_CC46.tif;1307
1863_5182_08_IR_CC46.tif;1863000;5182000;1864000;5183000;https://download.data.grandlyon.com/files/grandlyon/imagerie/ortho2018/infrarouge/GeoTiff_YcBcR/1km_8cm_CC46/1863_5182_08_IR_CC46.tif;https://download.data.grandlyon.com/files/grandlyon/imagerie/ortho2018/infrarouge/tif/1km_8cm_CC46/1863_5182_08_IR_CC46.tif;1308
1863_5183_08_IR_CC46.tif;1863000;5183000;1864000;5184000;https://download.data.grandlyon.com/files/grandlyon/imagerie/ortho2018/infrarouge/GeoTiff_YcBcR/1km_8cm_CC46/1863_5183_08_IR_CC46.tif;https://download.data.grandlyon.com/files/grandlyon/imagerie/ortho2018/infrarouge/tif/1km_8cm_CC46/1863_5183_08_IR_CC46.tif;1309
1863_5184_08_IR_CC46.tif;1863000;5184000;1864000;5185000;https://download.data.grandlyon.com/files/grandlyon/imagerie/ortho2018/infrarouge/GeoTiff_YcBcR/1km_8cm_CC46/1863_5184_08_IR_CC46.tif;https://download.data.grandlyon.com/files/grandlyon/imagerie/ortho2018/infrarouge/tif/1km_8cm_CC46/1863_5184_08_IR_CC46.tif;1310
1863_5185_08_IR_CC46.tif;1863000;5185000;1864000;5186000;https://download.data.grandlyon.com/files/grandlyon/imagerie/ortho2018/infrarouge/GeoTiff_YcBcR/1km_8cm_CC46/1863_5185_08_IR_CC46.tif;https://download.data.grandlyon.com/files/grandlyon/imagerie/ortho2018/infrarouge/tif/1km_8cm_CC46/1863_5185_08_IR_CC46.tif;1311
1863_5186_08_IR_CC46.tif;1863000;5186000;1864000;5187000;https://download.data.grandlyon.com/files/grandlyon/imagerie/ortho2018/infrarouge/GeoTiff_YcBcR/1km_8cm_CC46/1863_5186_08_IR_CC46.tif;https://download.data.grandlyon.com/files/grandlyon/imagerie/ortho2018/infrarouge/tif/1km_8cm_CC46/1863_5186_08_IR_CC46.tif;1312
1863_5187_08_IR_CC46.tif;1863000;5187000;1864000;5188000;https://download.data.grandlyon.com/files/grandlyon/imagerie/ortho2018/infrarouge/GeoTiff_YcBcR/1km_8cm_CC46/1863_5187_08_IR_CC46.tif;https://download.data.grandlyon.com/files/grandlyon/imagerie/ortho2018/infrarouge/tif/1km_8cm_CC46/1863_5187_08_IR_CC46.tif;1313
1863_5188_08_IR_CC46.tif;1863000;5188000;1864000;5189000;https://download.data.grandlyon.com/files/grandlyon/imagerie/ortho2018/infrarouge/GeoTiff_YcBcR/1km_8cm_CC46/1863_5188_08_IR_CC46.tif;https://download.data.grandlyon.com/files/grandlyon/imagerie/ortho2018/infrarouge/tif/1km_8cm_CC46/1863_5188_08_IR_CC46.tif;1314
1864_5157_08_IR_CC46.tif;1864000;5157000;1865000;5158000;https://download.data.grandlyon.com/files/grandlyon/imagerie/ortho2018/infrarouge/GeoTiff_YcBcR/1km_8cm_CC46/1864_5157_08_IR_CC46.tif;https://download.data.grandlyon.com/files/grandlyon/imagerie/ortho2018/infrarouge/tif/1km_8cm_CC46/1864_5157_08_IR_CC46.tif;1315
1864_5158_08_IR_CC46.tif;1864000;5158000;1865000;5159000;https://download.data.grandlyon.com/files/grandlyon/imagerie/ortho2018/infrarouge/GeoTiff_YcBcR/1km_8cm_CC46/1864_5158_08_IR_CC46.tif;https://download.data.grandlyon.com/files/grandlyon/imagerie/ortho2018/infrarouge/tif/1km_8cm_CC46/1864_5158_08_IR_CC46.tif;1316
1864_5159_08_IR_CC46.tif;1864000;5159000;1865000;5160000;https://download.data.grandlyon.com/files/grandlyon/imagerie/ortho2018/infrarouge/GeoTiff_YcBcR/1km_8cm_CC46/1864_5159_08_IR_CC46.tif;https://download.data.grandlyon.com/files/grandlyon/imagerie/ortho2018/infrarouge/tif/1km_8cm_CC46/1864_5159_08_IR_CC46.tif;1317
1864_5160_08_IR_CC46.tif;1864000;5160000;1865000;5161000;https://download.data.grandlyon.com/files/grandlyon/imagerie/ortho2018/infrarouge/GeoTiff_YcBcR/1km_8cm_CC46/1864_5160_08_IR_CC46.tif;https://download.data.grandlyon.com/files/grandlyon/imagerie/ortho2018/infrarouge/tif/1km_8cm_CC46/1864_5160_08_IR_CC46.tif;1318
1864_5161_08_IR_CC46.tif;1864000;5161000;1865000;5162000;https://download.data.grandlyon.com/files/grandlyon/imagerie/ortho2018/infrarouge/GeoTiff_YcBcR/1km_8cm_CC46/1864_5161_08_IR_CC46.tif;https://download.data.grandlyon.com/files/grandlyon/imagerie/ortho2018/infrarouge/tif/1km_8cm_CC46/1864_5161_08_IR_CC46.tif;1319
1864_5162_08_IR_CC46.tif;1864000;5162000;1865000;5163000;https://download.data.grandlyon.com/files/grandlyon/imagerie/ortho2018/infrarouge/GeoTiff_YcBcR/1km_8cm_CC46/1864_5162_08_IR_CC46.tif;https://download.data.grandlyon.com/files/grandlyon/imagerie/ortho2018/infrarouge/tif/1km_8cm_CC46/1864_5162_08_IR_CC46.tif;1320
1864_5163_08_IR_CC46.tif;1864000;5163000;1865000;5164000;https://download.data.grandlyon.com/files/grandlyon/imagerie/ortho2018/infrarouge/GeoTiff_YcBcR/1km_8cm_CC46/1864_5163_08_IR_CC46.tif;https://download.data.grandlyon.com/files/grandlyon/imagerie/ortho2018/infrarouge/tif/1km_8cm_CC46/1864_5163_08_IR_CC46.tif;1321
1864_5164_08_IR_CC46.tif;1864000;5164000;1865000;5165000;https://download.data.grandlyon.com/files/grandlyon/imagerie/ortho2018/infrarouge/GeoTiff_YcBcR/1km_8cm_CC46/1864_5164_08_IR_CC46.tif;https://download.data.grandlyon.com/files/grandlyon/imagerie/ortho2018/infrarouge/tif/1km_8cm_CC46/1864_5164_08_IR_CC46.tif;1322
1864_5165_08_IR_CC46.tif;1864000;5165000;1865000;5166000;https://download.data.grandlyon.com/files/grandlyon/imagerie/ortho2018/infrarouge/GeoTiff_YcBcR/1km_8cm_CC46/1864_5165_08_IR_CC46.tif;https://download.data.grandlyon.com/files/grandlyon/imagerie/ortho2018/infrarouge/tif/1km_8cm_CC46/1864_5165_08_IR_CC46.tif;1323
1864_5166_08_IR_CC46.tif;1864000;5166000;1865000;5167000;https://download.data.grandlyon.com/files/grandlyon/imagerie/ortho2018/infrarouge/GeoTiff_YcBcR/1km_8cm_CC46/1864_5166_08_IR_CC46.tif;https://download.data.grandlyon.com/files/grandlyon/imagerie/ortho2018/infrarouge/tif/1km_8cm_CC46/1864_5166_08_IR_CC46.tif;1324
1864_5167_08_IR_CC46.tif;1864000;5167000;1865000;5168000;https://download.data.grandlyon.com/files/grandlyon/imagerie/ortho2018/infrarouge/GeoTiff_YcBcR/1km_8cm_CC46/1864_5167_08_IR_CC46.tif;https://download.data.grandlyon.com/files/grandlyon/imagerie/ortho2018/infrarouge/tif/1km_8cm_CC46/1864_5167_08_IR_CC46.tif;1325
1864_5168_08_IR_CC46.tif;1864000;5168000;1865000;5169000;https://download.data.grandlyon.com/files/grandlyon/imagerie/ortho2018/infrarouge/GeoTiff_YcBcR/1km_8cm_CC46/1864_5168_08_IR_CC46.tif;https://download.data.grandlyon.com/files/grandlyon/imagerie/ortho2018/infrarouge/tif/1km_8cm_CC46/1864_5168_08_IR_CC46.tif;1326
1864_5169_08_IR_CC46.tif;1864000;5169000;1865000;5170000;https://download.data.grandlyon.com/files/grandlyon/imagerie/ortho2018/infrarouge/GeoTiff_YcBcR/1km_8cm_CC46/1864_5169_08_IR_CC46.tif;https://download.data.grandlyon.com/files/grandlyon/imagerie/ortho2018/infrarouge/tif/1km_8cm_CC46/1864_5169_08_IR_CC46.tif;1327
1864_5170_08_IR_CC46.tif;1864000;5170000;1865000;5171000;https://download.data.grandlyon.com/files/grandlyon/imagerie/ortho2018/infrarouge/GeoTiff_YcBcR/1km_8cm_CC46/1864_5170_08_IR_CC46.tif;https://download.data.grandlyon.com/files/grandlyon/imagerie/ortho2018/infrarouge/tif/1km_8cm_CC46/1864_5170_08_IR_CC46.tif;1328
1864_5171_08_IR_CC46.tif;1864000;5171000;1865000;5172000;https://download.data.grandlyon.com/files/grandlyon/imagerie/ortho2018/infrarouge/GeoTiff_YcBcR/1km_8cm_CC46/1864_5171_08_IR_CC46.tif;https://download.data.grandlyon.com/files/grandlyon/imagerie/ortho2018/infrarouge/tif/1km_8cm_CC46/1864_5171_08_IR_CC46.tif;1329
1864_5172_08_IR_CC46.tif;1864000;5172000;1865000;5173000;https://download.data.grandlyon.com/files/grandlyon/imagerie/ortho2018/infrarouge/GeoTiff_YcBcR/1km_8cm_CC46/1864_5172_08_IR_CC46.tif;https://download.data.grandlyon.com/files/grandlyon/imagerie/ortho2018/infrarouge/tif/1km_8cm_CC46/1864_5172_08_IR_CC46.tif;1330
1864_5173_08_IR_CC46.tif;1864000;5173000;1865000;5174000;https://download.data.grandlyon.com/files/grandlyon/imagerie/ortho2018/infrarouge/GeoTiff_YcBcR/1km_8cm_CC46/1864_5173_08_IR_CC46.tif;https://download.data.grandlyon.com/files/grandlyon/imagerie/ortho2018/infrarouge/tif/1km_8cm_CC46/1864_5173_08_IR_CC46.tif;1331
1865_5157_08_IR_CC46.tif;1865000;5157000;1866000;5158000;https://download.data.grandlyon.com/files/grandlyon/imagerie/ortho2018/infrarouge/GeoTiff_YcBcR/1km_8cm_CC46/1865_5157_08_IR_CC46.tif;https://download.data.grandlyon.com/files/grandlyon/imagerie/ortho2018/infrarouge/tif/1km_8cm_CC46/1865_5157_08_IR_CC46.tif;1332
1865_5158_08_IR_CC46.tif;1865000;5158000;1866000;5159000;https://download.data.grandlyon.com/files/grandlyon/imagerie/ortho2018/infrarouge/GeoTiff_YcBcR/1km_8cm_CC46/1865_5158_08_IR_CC46.tif;https://download.data.grandlyon.com/files/grandlyon/imagerie/ortho2018/infrarouge/tif/1km_8cm_CC46/1865_5158_08_IR_CC46.tif;1333
1865_5159_08_IR_CC46.tif;1865000;5159000;1866000;5160000;https://download.data.grandlyon.com/files/grandlyon/imagerie/ortho2018/infrarouge/GeoTiff_YcBcR/1km_8cm_CC46/1865_5159_08_IR_CC46.tif;https://download.data.grandlyon.com/files/grandlyon/imagerie/ortho2018/infrarouge/tif/1km_8cm_CC46/1865_5159_08_IR_CC46.tif;1334
1865_5160_08_IR_CC46.tif;1865000;5160000;1866000;5161000;https://download.data.grandlyon.com/files/grandlyon/imagerie/ortho2018/infrarouge/GeoTiff_YcBcR/1km_8cm_CC46/1865_5160_08_IR_CC46.tif;https://download.data.grandlyon.com/files/grandlyon/imagerie/ortho2018/infrarouge/tif/1km_8cm_CC46/1865_5160_08_IR_CC46.tif;1335
1865_5161_08_IR_CC46.tif;1865000;5161000;1866000;5162000;https://download.data.grandlyon.com/files/grandlyon/imagerie/ortho2018/infrarouge/GeoTiff_YcBcR/1km_8cm_CC46/1865_5161_08_IR_CC46.tif;https://download.data.grandlyon.com/files/grandlyon/imagerie/ortho2018/infrarouge/tif/1km_8cm_CC46/1865_5161_08_IR_CC46.tif;1336
1865_5162_08_IR_CC46.tif;1865000;5162000;1866000;5163000;https://download.data.grandlyon.com/files/grandlyon/imagerie/ortho2018/infrarouge/GeoTiff_YcBcR/1km_8cm_CC46/1865_5162_08_IR_CC46.tif;https://download.data.grandlyon.com/files/grandlyon/imagerie/ortho2018/infrarouge/tif/1km_8cm_CC46/1865_5162_08_IR_CC46.tif;1337
1865_5163_08_IR_CC46.tif;1865000;5163000;1866000;5164000;https://download.data.grandlyon.com/files/grandlyon/imagerie/ortho2018/infrarouge/GeoTiff_YcBcR/1km_8cm_CC46/1865_5163_08_IR_CC46.tif;https://download.data.grandlyon.com/files/grandlyon/imagerie/ortho2018/infrarouge/tif/1km_8cm_CC46/1865_5163_08_IR_CC46.tif;1338
1865_5164_08_IR_CC46.tif;1865000;5164000;1866000;5165000;https://download.data.grandlyon.com/files/grandlyon/imagerie/ortho2018/infrarouge/GeoTiff_YcBcR/1km_8cm_CC46/1865_5164_08_IR_CC46.tif;https://download.data.grandlyon.com/files/grandlyon/imagerie/ortho2018/infrarouge/tif/1km_8cm_CC46/1865_5164_08_IR_CC46.tif;1339
1865_5165_08_IR_CC46.tif;1865000;5165000;1866000;5166000;https://download.data.grandlyon.com/files/grandlyon/imagerie/ortho2018/infrarouge/GeoTiff_YcBcR/1km_8cm_CC46/1865_5165_08_IR_CC46.tif;https://download.data.grandlyon.com/files/grandlyon/imagerie/ortho2018/infrarouge/tif/1km_8cm_CC46/1865_5165_08_IR_CC46.tif;1340
1865_5166_08_IR_CC46.tif;1865000;5166000;1866000;5167000;https://download.data.grandlyon.com/files/grandlyon/imagerie/ortho2018/infrarouge/GeoTiff_YcBcR/1km_8cm_CC46/1865_5166_08_IR_CC46.tif;https://download.data.grandlyon.com/files/grandlyon/imagerie/ortho2018/infrarouge/tif/1km_8cm_CC46/1865_5166_08_IR_CC46.tif;1341
1865_5167_08_IR_CC46.tif;1865000;5167000;1866000;5168000;https://download.data.grandlyon.com/files/grandlyon/imagerie/ortho2018/infrarouge/GeoTiff_YcBcR/1km_8cm_CC46/1865_5167_08_IR_CC46.tif;https://download.data.grandlyon.com/files/grandlyon/imagerie/ortho2018/infrarouge/tif/1km_8cm_CC46/1865_5167_08_IR_CC46.tif;1342
1865_5168_08_IR_CC46.tif;1865000;5168000;1866000;5169000;https://download.data.grandlyon.com/files/grandlyon/imagerie/ortho2018/infrarouge/GeoTiff_YcBcR/1km_8cm_CC46/1865_5168_08_IR_CC46.tif;https://download.data.grandlyon.com/files/grandlyon/imagerie/ortho2018/infrarouge/tif/1km_8cm_CC46/1865_5168_08_IR_CC46.tif;1343
1865_5169_08_IR_CC46.tif;1865000;5169000;1866000;5170000;https://download.data.grandlyon.com/files/grandlyon/imagerie/ortho2018/infrarouge/GeoTiff_YcBcR/1km_8cm_CC46/1865_5169_08_IR_CC46.tif;https://download.data.grandlyon.com/files/grandlyon/imagerie/ortho2018/infrarouge/tif/1km_8cm_CC46/1865_5169_08_IR_CC46.tif;1344
1865_5170_08_IR_CC46.tif;1865000;5170000;1866000;5171000;https://download.data.grandlyon.com/files/grandlyon/imagerie/ortho2018/infrarouge/GeoTiff_YcBcR/1km_8cm_CC46/1865_5170_08_IR_CC46.tif;https://download.data.grandlyon.com/files/grandlyon/imagerie/ortho2018/infrarouge/tif/1km_8cm_CC46/1865_5170_08_IR_CC46.tif;1345
1865_5171_08_IR_CC46.tif;1865000;5171000;1866000;5172000;https://download.data.grandlyon.com/files/grandlyon/imagerie/ortho2018/infrarouge/GeoTiff_YcBcR/1km_8cm_CC46/1865_5171_08_IR_CC46.tif;https://download.data.grandlyon.com/files/grandlyon/imagerie/ortho2018/infrarouge/tif/1km_8cm_CC46/1865_5171_08_IR_CC46.tif;1346
1865_5172_08_IR_CC46.tif;1865000;5172000;1866000;5173000;https://download.data.grandlyon.com/files/grandlyon/imagerie/ortho2018/infrarouge/GeoTiff_YcBcR/1km_8cm_CC46/1865_5172_08_IR_CC46.tif;https://download.data.grandlyon.com/files/grandlyon/imagerie/ortho2018/infrarouge/tif/1km_8cm_CC46/1865_5172_08_IR_CC46.tif;1347
1865_5173_08_IR_CC46.tif;1865000;5173000;1866000;5174000;https://download.data.grandlyon.com/files/grandlyon/imagerie/ortho2018/infrarouge/GeoTiff_YcBcR/1km_8cm_CC46/1865_5173_08_IR_CC46.tif;https://download.data.grandlyon.com/files/grandlyon/imagerie/ortho2018/infrarouge/tif/1km_8cm_CC46/1865_5173_08_IR_CC46.tif;1348
1866_5157_08_IR_CC46.tif;1866000;5157000;1867000;5158000;https://download.data.grandlyon.com/files/grandlyon/imagerie/ortho2018/infrarouge/GeoTiff_YcBcR/1km_8cm_CC46/1866_5157_08_IR_CC46.tif;https://download.data.grandlyon.com/files/grandlyon/imagerie/ortho2018/infrarouge/tif/1km_8cm_CC46/1866_5157_08_IR_CC46.tif;1349
1866_5158_08_IR_CC46.tif;1866000;5158000;1867000;5159000;https://download.data.grandlyon.com/files/grandlyon/imagerie/ortho2018/infrarouge/GeoTiff_YcBcR/1km_8cm_CC46/1866_5158_08_IR_CC46.tif;https://download.data.grandlyon.com/files/grandlyon/imagerie/ortho2018/infrarouge/tif/1km_8cm_CC46/1866_5158_08_IR_CC46.tif;1350
1866_5159_08_IR_CC46.tif;1866000;5159000;1867000;5160000;https://download.data.grandlyon.com/files/grandlyon/imagerie/ortho2018/infrarouge/GeoTiff_YcBcR/1km_8cm_CC46/1866_5159_08_IR_CC46.tif;https://download.data.grandlyon.com/files/grandlyon/imagerie/ortho2018/infrarouge/tif/1km_8cm_CC46/1866_5159_08_IR_CC46.tif;1351
1866_5160_08_IR_CC46.tif;1866000;5160000;1867000;5161000;https://download.data.grandlyon.com/files/grandlyon/imagerie/ortho2018/infrarouge/GeoTiff_YcBcR/1km_8cm_CC46/1866_5160_08_IR_CC46.tif;https://download.data.grandlyon.com/files/grandlyon/imagerie/ortho2018/infrarouge/tif/1km_8cm_CC46/1866_5160_08_IR_CC46.tif;1352
1866_5161_08_IR_CC46.tif;1866000;5161000;1867000;5162000;https://download.data.grandlyon.com/files/grandlyon/imagerie/ortho2018/infrarouge/GeoTiff_YcBcR/1km_8cm_CC46/1866_5161_08_IR_CC46.tif;https://download.data.grandlyon.com/files/grandlyon/imagerie/ortho2018/infrarouge/tif/1km_8cm_CC46/1866_5161_08_IR_CC46.tif;1353
1866_5162_08_IR_CC46.tif;1866000;5162000;1867000;5163000;https://download.data.grandlyon.com/files/grandlyon/imagerie/ortho2018/infrarouge/GeoTiff_YcBcR/1km_8cm_CC46/1866_5162_08_IR_CC46.tif;https://download.data.grandlyon.com/files/grandlyon/imagerie/ortho2018/infrarouge/tif/1km_8cm_CC46/1866_5162_08_IR_CC46.tif;1354
1866_5163_08_IR_CC46.tif;1866000;5163000;1867000;5164000;https://download.data.grandlyon.com/files/grandlyon/imagerie/ortho2018/infrarouge/GeoTiff_YcBcR/1km_8cm_CC46/1866_5163_08_IR_CC46.tif;https://download.data.grandlyon.com/files/grandlyon/imagerie/ortho2018/infrarouge/tif/1km_8cm_CC46/1866_5163_08_IR_CC46.tif;1355
1866_5164_08_IR_CC46.tif;1866000;5164000;1867000;5165000;https://download.data.grandlyon.com/files/grandlyon/imagerie/ortho2018/infrarouge/GeoTiff_YcBcR/1km_8cm_CC46/1866_5164_08_IR_CC46.tif;https://download.data.grandlyon.com/files/grandlyon/imagerie/ortho2018/infrarouge/tif/1km_8cm_CC46/1866_5164_08_IR_CC46.tif;1356
1866_5165_08_IR_CC46.tif;1866000;5165000;1867000;5166000;https://download.data.grandlyon.com/files/grandlyon/imagerie/ortho2018/infrarouge/GeoTiff_YcBcR/1km_8cm_CC46/1866_5165_08_IR_CC46.tif;https://download.data.grandlyon.com/files/grandlyon/imagerie/ortho2018/infrarouge/tif/1km_8cm_CC46/1866_5165_08_IR_CC46.tif;1357
1866_5166_08_IR_CC46.tif;1866000;5166000;1867000;5167000;https://download.data.grandlyon.com/files/grandlyon/imagerie/ortho2018/infrarouge/GeoTiff_YcBcR/1km_8cm_CC46/1866_5166_08_IR_CC46.tif;https://download.data.grandlyon.com/files/grandlyon/imagerie/ortho2018/infrarouge/tif/1km_8cm_CC46/1866_5166_08_IR_CC46.tif;1358
1866_5167_08_IR_CC46.tif;1866000;5167000;1867000;5168000;https://download.data.grandlyon.com/files/grandlyon/imagerie/ortho2018/infrarouge/GeoTiff_YcBcR/1km_8cm_CC46/1866_5167_08_IR_CC46.tif;https://download.data.grandlyon.com/files/grandlyon/imagerie/ortho2018/infrarouge/tif/1km_8cm_CC46/1866_5167_08_IR_CC46.tif;1359
1866_5168_08_IR_CC46.tif;1866000;5168000;1867000;5169000;https://download.data.grandlyon.com/files/grandlyon/imagerie/ortho2018/infrarouge/GeoTiff_YcBcR/1km_8cm_CC46/1866_5168_08_IR_CC46.tif;https://download.data.grandlyon.com/files/grandlyon/imagerie/ortho2018/infrarouge/tif/1km_8cm_CC46/1866_5168_08_IR_CC46.tif;1360
1866_5169_08_IR_CC46.tif;1866000;5169000;1867000;5170000;https://download.data.grandlyon.com/files/grandlyon/imagerie/ortho2018/infrarouge/GeoTiff_YcBcR/1km_8cm_CC46/1866_5169_08_IR_CC46.tif;https://download.data.grandlyon.com/files/grandlyon/imagerie/ortho2018/infrarouge/tif/1km_8cm_CC46/1866_5169_08_IR_CC46.tif;1361
1866_5170_08_IR_CC46.tif;1866000;5170000;1867000;5171000;https://download.data.grandlyon.com/files/grandlyon/imagerie/ortho2018/infrarouge/GeoTiff_YcBcR/1km_8cm_CC46/1866_5170_08_IR_CC46.tif;https://download.data.grandlyon.com/files/grandlyon/imagerie/ortho2018/infrarouge/tif/1km_8cm_CC46/1866_5170_08_IR_CC46.tif;1362
1866_5171_08_IR_CC46.tif;1866000;5171000;1867000;5172000;https://download.data.grandlyon.com/files/grandlyon/imagerie/ortho2018/infrarouge/GeoTiff_YcBcR/1km_8cm_CC46/1866_5171_08_IR_CC46.tif;https://download.data.grandlyon.com/files/grandlyon/imagerie/ortho2018/infrarouge/tif/1km_8cm_CC46/1866_5171_08_IR_CC46.tif;1363
1866_5172_08_IR_CC46.tif;1866000;5172000;1867000;5173000;https://download.data.grandlyon.com/files/grandlyon/imagerie/ortho2018/infrarouge/GeoTiff_YcBcR/1km_8cm_CC46/1866_5172_08_IR_CC46.tif;https://download.data.grandlyon.com/files/grandlyon/imagerie/ortho2018/infrarouge/tif/1km_8cm_CC46/1866_5172_08_IR_CC46.tif;1364
1866_5173_08_IR_CC46.tif;1866000;5173000;1867000;5174000;https://download.data.grandlyon.com/files/grandlyon/imagerie/ortho2018/infrarouge/GeoTiff_YcBcR/1km_8cm_CC46/1866_5173_08_IR_CC46.tif;https://download.data.grandlyon.com/files/grandlyon/imagerie/ortho2018/infrarouge/tif/1km_8cm_CC46/1866_5173_08_IR_CC46.tif;1365
1867_5157_08_IR_CC46.tif;1867000;5157000;1868000;5158000;https://download.data.grandlyon.com/files/grandlyon/imagerie/ortho2018/infrarouge/GeoTiff_YcBcR/1km_8cm_CC46/1867_5157_08_IR_CC46.tif;https://download.data.grandlyon.com/files/grandlyon/imagerie/ortho2018/infrarouge/tif/1km_8cm_CC46/1867_5157_08_IR_CC46.tif;1366
1867_5158_08_IR_CC46.tif;1867000;5158000;1868000;5159000;https://download.data.grandlyon.com/files/grandlyon/imagerie/ortho2018/infrarouge/GeoTiff_YcBcR/1km_8cm_CC46/1867_5158_08_IR_CC46.tif;https://download.data.grandlyon.com/files/grandlyon/imagerie/ortho2018/infrarouge/tif/1km_8cm_CC46/1867_5158_08_IR_CC46.tif;1367
1867_5159_08_IR_CC46.tif;1867000;5159000;1868000;5160000;https://download.data.grandlyon.com/files/grandlyon/imagerie/ortho2018/infrarouge/GeoTiff_YcBcR/1km_8cm_CC46/1867_5159_08_IR_CC46.tif;https://download.data.grandlyon.com/files/grandlyon/imagerie/ortho2018/infrarouge/tif/1km_8cm_CC46/1867_5159_08_IR_CC46.tif;1368
1867_5160_08_IR_CC46.tif;1867000;5160000;1868000;5161000;https://download.data.grandlyon.com/files/grandlyon/imagerie/ortho2018/infrarouge/GeoTiff_YcBcR/1km_8cm_CC46/1867_5160_08_IR_CC46.tif;https://download.data.grandlyon.com/files/grandlyon/imagerie/ortho2018/infrarouge/tif/1km_8cm_CC46/1867_5160_08_IR_CC46.tif;1369
1867_5161_08_IR_CC46.tif;1867000;5161000;1868000;5162000;https://download.data.grandlyon.com/files/grandlyon/imagerie/ortho2018/infrarouge/GeoTiff_YcBcR/1km_8cm_CC46/1867_5161_08_IR_CC46.tif;https://download.data.grandlyon.com/files/grandlyon/imagerie/ortho2018/infrarouge/tif/1km_8cm_CC46/1867_5161_08_IR_CC46.tif;1370
1867_5162_08_IR_CC46.tif;1867000;5162000;1868000;5163000;https://download.data.grandlyon.com/files/grandlyon/imagerie/ortho2018/infrarouge/GeoTiff_YcBcR/1km_8cm_CC46/1867_5162_08_IR_CC46.tif;https://download.data.grandlyon.com/files/grandlyon/imagerie/ortho2018/infrarouge/tif/1km_8cm_CC46/1867_5162_08_IR_CC46.tif;1371
1867_5163_08_IR_CC46.tif;1867000;5163000;1868000;5164000;https://download.data.grandlyon.com/files/grandlyon/imagerie/ortho2018/infrarouge/GeoTiff_YcBcR/1km_8cm_CC46/1867_5163_08_IR_CC46.tif;https://download.data.grandlyon.com/files/grandlyon/imagerie/ortho2018/infrarouge/tif/1km_8cm_CC46/1867_5163_08_IR_CC46.tif;1372
1867_5164_08_IR_CC46.tif;1867000;5164000;1868000;5165000;https://download.data.grandlyon.com/files/grandlyon/imagerie/ortho2018/infrarouge/GeoTiff_YcBcR/1km_8cm_CC46/1867_5164_08_IR_CC46.tif;https://download.data.grandlyon.com/files/grandlyon/imagerie/ortho2018/infrarouge/tif/1km_8cm_CC46/1867_5164_08_IR_CC46.tif;1373
1867_5165_08_IR_CC46.tif;1867000;5165000;1868000;5166000;https://download.data.grandlyon.com/files/grandlyon/imagerie/ortho2018/infrarouge/GeoTiff_YcBcR/1km_8cm_CC46/1867_5165_08_IR_CC46.tif;https://download.data.grandlyon.com/files/grandlyon/imagerie/ortho2018/infrarouge/tif/1km_8cm_CC46/1867_5165_08_IR_CC46.tif;1374
1867_5166_08_IR_CC46.tif;1867000;5166000;1868000;5167000;https://download.data.grandlyon.com/files/grandlyon/imagerie/ortho2018/infrarouge/GeoTiff_YcBcR/1km_8cm_CC46/1867_5166_08_IR_CC46.tif;https://download.data.grandlyon.com/files/grandlyon/imagerie/ortho2018/infrarouge/tif/1km_8cm_CC46/1867_5166_08_IR_CC46.tif;1375
1867_5167_08_IR_CC46.tif;1867000;5167000;1868000;5168000;https://download.data.grandlyon.com/files/grandlyon/imagerie/ortho2018/infrarouge/GeoTiff_YcBcR/1km_8cm_CC46/1867_5167_08_IR_CC46.tif;https://download.data.grandlyon.com/files/grandlyon/imagerie/ortho2018/infrarouge/tif/1km_8cm_CC46/1867_5167_08_IR_CC46.tif;1376
1867_5168_08_IR_CC46.tif;1867000;5168000;1868000;5169000;https://download.data.grandlyon.com/files/grandlyon/imagerie/ortho2018/infrarouge/GeoTiff_YcBcR/1km_8cm_CC46/1867_5168_08_IR_CC46.tif;https://download.data.grandlyon.com/files/grandlyon/imagerie/ortho2018/infrarouge/tif/1km_8cm_CC46/1867_5168_08_IR_CC46.tif;1377
1867_5169_08_IR_CC46.tif;1867000;5169000;1868000;5170000;https://download.data.grandlyon.com/files/grandlyon/imagerie/ortho2018/infrarouge/GeoTiff_YcBcR/1km_8cm_CC46/1867_5169_08_IR_CC46.tif;https://download.data.grandlyon.com/files/grandlyon/imagerie/ortho2018/infrarouge/tif/1km_8cm_CC46/1867_5169_08_IR_CC46.tif;1378
1867_5170_08_IR_CC46.tif;1867000;5170000;1868000;5171000;https://download.data.grandlyon.com/files/grandlyon/imagerie/ortho2018/infrarouge/GeoTiff_YcBcR/1km_8cm_CC46/1867_5170_08_IR_CC46.tif;https://download.data.grandlyon.com/files/grandlyon/imagerie/ortho2018/infrarouge/tif/1km_8cm_CC46/1867_5170_08_IR_CC46.tif;1379
1867_5171_08_IR_CC46.tif;1867000;5171000;1868000;5172000;https://download.data.grandlyon.com/files/grandlyon/imagerie/ortho2018/infrarouge/GeoTiff_YcBcR/1km_8cm_CC46/1867_5171_08_IR_CC46.tif;https://download.data.grandlyon.com/files/grandlyon/imagerie/ortho2018/infrarouge/tif/1km_8cm_CC46/1867_5171_08_IR_CC46.tif;1380
1867_5172_08_IR_CC46.tif;1867000;5172000;1868000;5173000;https://download.data.grandlyon.com/files/grandlyon/imagerie/ortho2018/infrarouge/GeoTiff_YcBcR/1km_8cm_CC46/1867_5172_08_IR_CC46.tif;https://download.data.grandlyon.com/files/grandlyon/imagerie/ortho2018/infrarouge/tif/1km_8cm_CC46/1867_5172_08_IR_CC46.tif;1381
1867_5173_08_IR_CC46.tif;1867000;5173000;1868000;5174000;https://download.data.grandlyon.com/files/grandlyon/imagerie/ortho2018/infrarouge/GeoTiff_YcBcR/1km_8cm_CC46/1867_5173_08_IR_CC46.tif;https://download.data.grandlyon.com/files/grandlyon/imagerie/ortho2018/infrarouge/tif/1km_8cm_CC46/1867_5173_08_IR_CC46.tif;1382
1868_5157_08_IR_CC46.tif;1868000;5157000;1869000;5158000;https://download.data.grandlyon.com/files/grandlyon/imagerie/ortho2018/infrarouge/GeoTiff_YcBcR/1km_8cm_CC46/1868_5157_08_IR_CC46.tif;https://download.data.grandlyon.com/files/grandlyon/imagerie/ortho2018/infrarouge/tif/1km_8cm_CC46/1868_5157_08_IR_CC46.tif;1383
1868_5158_08_IR_CC46.tif;1868000;5158000;1869000;5159000;https://download.data.grandlyon.com/files/grandlyon/imagerie/ortho2018/infrarouge/GeoTiff_YcBcR/1km_8cm_CC46/1868_5158_08_IR_CC46.tif;https://download.data.grandlyon.com/files/grandlyon/imagerie/ortho2018/infrarouge/tif/1km_8cm_CC46/1868_5158_08_IR_CC46.tif;1384
1868_5159_08_IR_CC46.tif;1868000;5159000;1869000;5160000;https://download.data.grandlyon.com/files/grandlyon/imagerie/ortho2018/infrarouge/GeoTiff_YcBcR/1km_8cm_CC46/1868_5159_08_IR_CC46.tif;https://download.data.grandlyon.com/files/grandlyon/imagerie/ortho2018/infrarouge/tif/1km_8cm_CC46/1868_5159_08_IR_CC46.tif;1385
1868_5160_08_IR_CC46.tif;1868000;5160000;1869000;5161000;https://download.data.grandlyon.com/files/grandlyon/imagerie/ortho2018/infrarouge/GeoTiff_YcBcR/1km_8cm_CC46/1868_5160_08_IR_CC46.tif;https://download.data.grandlyon.com/files/grandlyon/imagerie/ortho2018/infrarouge/tif/1km_8cm_CC46/1868_5160_08_IR_CC46.tif;1386
1868_5161_08_IR_CC46.tif;1868000;5161000;1869000;5162000;https://download.data.grandlyon.com/files/grandlyon/imagerie/ortho2018/infrarouge/GeoTiff_YcBcR/1km_8cm_CC46/1868_5161_08_IR_CC46.tif;https://download.data.grandlyon.com/files/grandlyon/imagerie/ortho2018/infrarouge/tif/1km_8cm_CC46/1868_5161_08_IR_CC46.tif;1387
1868_5162_08_IR_CC46.tif;1868000;5162000;1869000;5163000;https://download.data.grandlyon.com/files/grandlyon/imagerie/ortho2018/infrarouge/GeoTiff_YcBcR/1km_8cm_CC46/1868_5162_08_IR_CC46.tif;https://download.data.grandlyon.com/files/grandlyon/imagerie/ortho2018/infrarouge/tif/1km_8cm_CC46/1868_5162_08_IR_CC46.tif;1388
1868_5163_08_IR_CC46.tif;1868000;5163000;1869000;5164000;https://download.data.grandlyon.com/files/grandlyon/imagerie/ortho2018/infrarouge/GeoTiff_YcBcR/1km_8cm_CC46/1868_5163_08_IR_CC46.tif;https://download.data.grandlyon.com/files/grandlyon/imagerie/ortho2018/infrarouge/tif/1km_8cm_CC46/1868_5163_08_IR_CC46.tif;1389
1868_5164_08_IR_CC46.tif;1868000;5164000;1869000;5165000;https://download.data.grandlyon.com/files/grandlyon/imagerie/ortho2018/infrarouge/GeoTiff_YcBcR/1km_8cm_CC46/1868_5164_08_IR_CC46.tif;https://download.data.grandlyon.com/files/grandlyon/imagerie/ortho2018/infrarouge/tif/1km_8cm_CC46/1868_5164_08_IR_CC46.tif;1390
1868_5165_08_IR_CC46.tif;1868000;5165000;1869000;5166000;https://download.data.grandlyon.com/files/grandlyon/imagerie/ortho2018/infrarouge/GeoTiff_YcBcR/1km_8cm_CC46/1868_5165_08_IR_CC46.tif;https://download.data.grandlyon.com/files/grandlyon/imagerie/ortho2018/infrarouge/tif/1km_8cm_CC46/1868_5165_08_IR_CC46.tif;1391
1868_5166_08_IR_CC46.tif;1868000;5166000;1869000;5167000;https://download.data.grandlyon.com/files/grandlyon/imagerie/ortho2018/infrarouge/GeoTiff_YcBcR/1km_8cm_CC46/1868_5166_08_IR_CC46.tif;https://download.data.grandlyon.com/files/grandlyon/imagerie/ortho2018/infrarouge/tif/1km_8cm_CC46/1868_5166_08_IR_CC46.tif;1392
1868_5167_08_IR_CC46.tif;1868000;5167000;1869000;5168000;https://download.data.grandlyon.com/files/grandlyon/imagerie/ortho2018/infrarouge/GeoTiff_YcBcR/1km_8cm_CC46/1868_5167_08_IR_CC46.tif;https://download.data.grandlyon.com/files/grandlyon/imagerie/ortho2018/infrarouge/tif/1km_8cm_CC46/1868_5167_08_IR_CC46.tif;1393
1868_5168_08_IR_CC46.tif;1868000;5168000;1869000;5169000;https://download.data.grandlyon.com/files/grandlyon/imagerie/ortho2018/infrarouge/GeoTiff_YcBcR/1km_8cm_CC46/1868_5168_08_IR_CC46.tif;https://download.data.grandlyon.com/files/grandlyon/imagerie/ortho2018/infrarouge/tif/1km_8cm_CC46/1868_5168_08_IR_CC46.tif;1394
1868_5169_08_IR_CC46.tif;1868000;5169000;1869000;5170000;https://download.data.grandlyon.com/files/grandlyon/imagerie/ortho2018/infrarouge/GeoTiff_YcBcR/1km_8cm_CC46/1868_5169_08_IR_CC46.tif;https://download.data.grandlyon.com/files/grandlyon/imagerie/ortho2018/infrarouge/tif/1km_8cm_CC46/1868_5169_08_IR_CC46.tif;1395
1868_5170_08_IR_CC46.tif;1868000;5170000;1869000;5171000;https://download.data.grandlyon.com/files/grandlyon/imagerie/ortho2018/infrarouge/GeoTiff_YcBcR/1km_8cm_CC46/1868_5170_08_IR_CC46.tif;https://download.data.grandlyon.com/files/grandlyon/imagerie/ortho2018/infrarouge/tif/1km_8cm_CC46/1868_5170_08_IR_CC46.tif;1396
1868_5171_08_IR_CC46.tif;1868000;5171000;1869000;5172000;https://download.data.grandlyon.com/files/grandlyon/imagerie/ortho2018/infrarouge/GeoTiff_YcBcR/1km_8cm_CC46/1868_5171_08_IR_CC46.tif;https://download.data.grandlyon.com/files/grandlyon/imagerie/ortho2018/infrarouge/tif/1km_8cm_CC46/1868_5171_08_IR_CC46.tif;1397
1868_5172_08_IR_CC46.tif;1868000;5172000;1869000;5173000;https://download.data.grandlyon.com/files/grandlyon/imagerie/ortho2018/infrarouge/GeoTiff_YcBcR/1km_8cm_CC46/1868_5172_08_IR_CC46.tif;https://download.data.grandlyon.com/files/grandlyon/imagerie/ortho2018/infrarouge/tif/1km_8cm_CC46/1868_5172_08_IR_CC46.tif;1398
1868_5173_08_IR_CC46.tif;1868000;5173000;1869000;5174000;https://download.data.grandlyon.com/files/grandlyon/imagerie/ortho2018/infrarouge/GeoTiff_YcBcR/1km_8cm_CC46/1868_5173_08_IR_CC46.tif;https://download.data.grandlyon.com/files/grandlyon/imagerie/ortho2018/infrarouge/tif/1km_8cm_CC46/1868_5173_08_IR_CC46.tif;1399
